code,ticker,name,fund_code,etf_big_type,etf_small_type,representative_big_type,representative_small_type,tags,monthly_dividend,source_monthly_summary,source_distribution,personal_pension,retirement_pension,risk_grade,return_1d_pct,return_1w_pct,return_1m_pct,return_3m_pct,return_6m_pct,return_ytd_pct,return_1y_pct,return_3y_pct,total_fee_pct,ter_pct,real_fee_pct,current_price_krw,price_change_krw,price_change_pct,aum_krw_100m,volume_shares,trade_value_krw_100m,premium_discount_3m_pct,manager,underlying_index,replication,tax_type,listing_date,distribution_type,latest_distribution_rate_pct,distribution_ex_date,distribution_base_date,distribution_per_share_krw,annual_distribution_rate_pct,annual_distribution_total_krw,annual_distribution_count,raw_monthly_dividend_flag,top_1,top_1_weight_pct,top_2,top_2_weight_pct,top_3,top_3_weight_pct,top_4,top_4_weight_pct,top_5,top_5_weight_pct,data_generated_at,source_files
456680,456680.KS,TIGER 차이나전기차레버리지(합성),K55301E17478,레버리지/인버스,2X 레버리지,,,레버리지,,,,,,1,-2.193044286415,8.403595981575,28.776975944427,30.106526136669,-0.470614176073,20.456843570704,115.582095220559,,0.58,0.62,0.6809,7990,710,9.752747252747254,560.47884674,158430,12.32728571,-1.120896481674,미래에셋운용,Solactive China Electric Vehicle and Battery Index(Net Total Return),패시브,배당소득세(보유기간과세),20230509,,,,,,,,,,차이나전기차레버리지 TRS 230509-02,42.66681097019339,차이나전기차레버리지 TRS 230509-03,17.37261856451442,차이나전기차레버리지 TRS 230509-04,12.770172338942858,차이나전기차레버리지 TRS 230509-07,12.19051654802524,차이나전기차레버리지 TRS 230509-01,8.733641327358043,2026-05-07 11:19:49,9월 6일 국내 ETF 1020개 데이터.xlsx / 국내 월배당 ETF 총정리.xlsx / 9월 1주 국내 월배당 ETF 분배금 지급현황.xlsx
483020,483020.KS,KIWOOM 의료AI,K55206EB5608,국내주식,업종섹터,국내주식테마/섹터,AI&로봇,미국/테크,,,,Y,Y,2,1.747644813446,8.067881170901,9.215940974845,8.183236814446,0.468400975904,8.692569110263,15.535665116206,,0.49,0.61,0.6811,10460,170,1.652089407191448,63.05909284,39700,4.12846031,-0.263213879082,키움투자운용,FnGuide 의료AI지수,패시브,비과세,20240528,,,,,,,,,,삼성바이오로직스,19.16310892609956,한미약품,18.750801668087355,보로노이,15.36444299892466,루닛,9.931699967203848,대웅제약,6.569681509786232,2026-05-07 11:19:49,9월 6일 국내 ETF 1020개 데이터.xlsx / 국내 월배당 ETF 총정리.xlsx / 9월 1주 국내 월배당 ETF 분배금 지급현황.xlsx
225130,225130.KS,ACE 골드선물 레버리지(합성 H),K55101B44423,레버리지/인버스,2X 레버리지,,,레버리지,,,,,,1,-1.584668719004,7.680802038607,10.481248851192,7.965087644086,37.744016195741,64.158667707149,73.949007996117,172.793464844128,0.49,0.73,0.7439,39655,460,1.1736190840668452,118.63545604,7439,2.9461234,-0.224001569382,한국투자신탁운용,S&P WCI GOLD Excess Return Index,패시브,배당소득세(보유기간과세),20150728,,,,,,,,,,스왑(KB증권),100,설정현금액,0,원화현금,0,,,,,2026-05-07 11:19:49,9월 6일 국내 ETF 1020개 데이터.xlsx / 국내 월배당 ETF 총정리.xlsx / 9월 1주 국내 월배당 ETF 분배금 지급현황.xlsx
498050,498050.KS,HANARO 바이오코리아액티브,K55232EF5040,국내주식,업종섹터,,,,,,,Y,Y,2,2.379939513587,6.416047165363,8.813898519872,17.705787868336,16.445585470643,31.642760923852,,,0.5,0.58,0.5863,13210,310,2.4031007751937983,105.70011673,19962,2.6040662,-0.107334538805,NH-Amundi운용,iSelect K-바이오헬스케어 지수,액티브,배당소득세(보유기간과세),20241126,,,,,,,,,,알테오젠,14.2163209913426,에이비엘바이오,11.647061768862853,리가켐바이오,9.458207692746813,삼성바이오로직스,7.527011613241542,한올바이오파마,4.667625689445109,2026-05-07 11:19:49,9월 6일 국내 ETF 1020개 데이터.xlsx / 국내 월배당 ETF 총정리.xlsx / 9월 1주 국내 월배당 ETF 분배금 지급현황.xlsx
463050,463050.KS,TIMEFOLIO K바이오액티브,K553J1E46927,국내주식,업종섹터,국내주식테마/섹터,바이오&헬스케어(액티브),,,,,Y,Y,2,2.431772736729,6.410100295261,9.519301939544,20.983262644246,15.165577340104,31.730938904013,31.278106852941,,0.8,0.84,1.1379,14835,325,2.2398345968297724,1492.99544152,754613,110.93148591,-0.067964248687,타임폴리오자산운용,KRX 헬스케어,액티브,배당소득세(보유기간과세),20230817,,,,,,,,,,알테오젠,17.447140244736833,에이비엘바이오,11.880227403724545,리가켐바이오,8.24912125019524,삼성바이오로직스,6.044609942900268,올릭스,5.653301929172006,2026-05-07 11:19:49,9월 6일 국내 ETF 1020개 데이터.xlsx / 국내 월배당 ETF 총정리.xlsx / 9월 1주 국내 월배당 ETF 분배금 지급현황.xlsx
462900,462900.KS,KoAct 바이오헬스케어액티브,K553N9E27494,국내주식,업종섹터,국내주식테마/섹터,바이오&헬스케어(액티브),,,,,Y,Y,2,2.425728503614,6.369943393621,10.115998474628,21.204754571586,21.790206988467,37.306618916259,35.252432767831,,0.5,0.57,0.7867,17850,470,2.704257767548907,2059.60725708,1051984,185.1772324,-0.049616232905,삼성액티브자산운용,iSelect 바이오헬스케어 PR 지수,액티브,배당소득세(보유기간과세),20230803,,,,,,,,,,에이비엘바이오,12.4739544832291,알테오젠,10.168252120729605,리가켐바이오,9.372932603392666,삼성바이오로직스,6.70660379094976,SK바이오팜,6.46191323189477,2026-05-07 11:19:49,9월 6일 국내 ETF 1020개 데이터.xlsx / 국내 월배당 ETF 총정리.xlsx / 9월 1주 국내 월배당 ETF 분배금 지급현황.xlsx
0000Z0,0000Z0.KS,RISE 바이오TOP10액티브,K55223EG4761,국내주식,업종섹터,,,,,,,Y,Y,2,1.506185257318,6.306993055284,6.793823704345,19.290722288143,10.980994618043,26.67895876115,,,0.5,0.56,0.6317,12610,180,1.4481094127111827,157.93525116,32697,4.09003521,-0.065590739873,KB운용,KRX 바이오 TOP 10 지수,액티브,배당소득세(보유기간과세),20241224,,,,,,,,,,알테오젠,19.950336274375527,삼성바이오로직스,18.647140928305724,에이비엘바이오,4.059920407646449,올릭스,4.034964740059381,디앤디파마텍,3.6632745726881444,2026-05-07 11:19:49,9월 6일 국내 ETF 1020개 데이터.xlsx / 국내 월배당 ETF 총정리.xlsx / 9월 1주 국내 월배당 ETF 분배금 지급현황.xlsx
244580,244580.KS,KODEX 바이오,K55105BC9695,국내주식,업종섹터,국내주식테마/섹터,바이오&헬스케어(패시브),,,,,Y,Y,1,1.731112983297,6.267925348635,6.263684679775,14.330376108394,19.439027960076,27.175462189098,22.347497424637,19.323114367281,0.45,0.49,0.645,10020,170,1.7258883248730965,1725.37913695,2031446,202.12939698,-0.027428809359,삼성운용,FnGuide 바이오,패시브,비과세,20160513,,,,,,,,,,올릭스,3.286197312491981,오름테라퓨틱,3.2500792467992228,디앤디파마텍,3.008745476631806,펩트론,2.971000127444267,넥스트바이오메디컬,2.8347914136701684,2026-05-07 11:19:49,9월 6일 국내 ETF 1020개 데이터.xlsx / 국내 월배당 ETF 총정리.xlsx / 9월 1주 국내 월배당 ETF 분배금 지급현황.xlsx
419430,419430.KS,KODEX 차이나2차전지MSCI(합성),K55105DQ0258,해외주식,업종섹터,해외주식테마/섹터,아시아 전기차 및 2차전지,,,,,Y,Y,2,-1.737424868509,5.841565074322,17.97781840752,27.260912241584,18.900474953156,28.095054408067,66.854544010168,-18.375686399478,0.25,0.32,0.32,8780,430,5.149700598802395,294.05094728,64573,5.59349543,-0.487937026308,삼성운용,MSCI China All Shares IMI Select Batteries Price Return Index CNY,패시브,배당소득세(보유기간과세),20220322,,,,,,,,,,스왑(하나금융투자),42.71895918270449,스왑(미래에셋증권),25.588563263678086,스왑(메리츠증권),15.18903581434026,스왑(KB증권),13.53695758039729,스왑(키움증권),2.9664841588798785,2026-05-07 11:19:49,9월 6일 국내 ETF 1020개 데이터.xlsx / 국내 월배당 ETF 총정리.xlsx / 9월 1주 국내 월배당 ETF 분배금 지급현황.xlsx
473640,473640.KS,HANARO 글로벌금채굴기업,K55232E64931,해외주식,업종섹터,,,,,,,Y,Y,2,-1.116660247399,5.467004802649,17.978221120815,23.797152448908,52.436730635706,78.422098733018,82.417017522745,,0.15,0.88,0.9053,23120,-240,-1.0273972602739727,150.18945849,54992,12.72249245,-0.740019180473,NH-Amundi운용,NYSE Arca Gold Miners Index (Price return),패시브,배당소득세(보유기간과세),20240118,,,,,,,,,,NEWMONT CORP,13.243270656982432,AGNICO EAGLE MINES LTD,11.867590560746448,BARRICK MINING CORP,7.357524590369177,WHEATON PRECIOUS METALS CORP,7.331114405407108,FRANCO-NEVADA CORP,5.7782972066048925,2026-05-07 11:19:49,9월 6일 국내 ETF 1020개 데이터.xlsx / 국내 월배당 ETF 총정리.xlsx / 9월 1주 국내 월배당 ETF 분배금 지급현황.xlsx
400580,400580.KS,SOL 유럽탄소배출권선물S&P(H),K55210DN2341,해외주식,기타,,,,,,,Y,,1,0.655696299137,5.153262432557,6.595293900217,4.5301996007,10.544591353888,3.881640758183,10.65710330269,-10.681282782815,0.55,0.74,0.7915,11005,115,1.0560146923783287,77.55149832,3658,0.4025493,-0.443872913166,신한자산운용,S&P GSCI Carbon Emission Allowances(EUA)(EUR)ER,패시브,배당소득세(보유기간과세),20210930,,,,,,,,,,ECX EMISSION Dec25,100,설정현금액,0,원화현금,0,,,,,2026-05-07 11:19:49,9월 6일 국내 ETF 1020개 데이터.xlsx / 국내 월배당 ETF 총정리.xlsx / 9월 1주 국내 월배당 ETF 분배금 지급현황.xlsx
460280,460280.KS,KIWOOM Fn유전자혁신기술,K55206DZ3077,국내주식,업종섹터,,,,,,,Y,Y,2,1.350882368281,5.135602712003,5.067097593875,6.522122387035,12.438099850577,16.102698368211,12.731528047437,,0.4,0.52,0.6242,10500,150,1.4492753623188406,63.08007816,1595,0.16656365,-0.126000205333,키움투자운용,FnGuide 유전자혁신기술 지수(시장가격),패시브,비과세,20230627,,,,,,,,,,올릭스,4.35420855805328,제이에스링크,4.237198041607984,지노믹트리,3.693283458712966,보로노이,3.4126743168846225,에이프릴바이오,3.4095957199860245,2026-05-07 11:19:49,9월 6일 국내 ETF 1020개 데이터.xlsx / 국내 월배당 ETF 총정리.xlsx / 9월 1주 국내 월배당 ETF 분배금 지급현황.xlsx
400570,400570.KS,KODEX 유럽탄소배출권선물ICE(H),K55105DL9742,해외주식,기타,,,,,,,Y,,1,0.625599875889,5.060780100737,6.373895835865,3.92934742215,9.378092016376,2.716184824968,7.432307709193,-12.290135535176,0.64,0.71,0.8334,10685,70,0.659444182760245,295.01783097,10924,1.16937626,-0.351748495773,삼성운용,ICE EUA Carbon Futures Index (ER),패시브,배당소득세(보유기간과세),20210930,,,,,,,,,,ECX EMISSION 2025 12,90.5211329488116,KRANESHARES GLOBAL CARBON ET,5.996461243060071,ECX EMISSION 2026 12,3.4824058081283358,설정현금액,0,2025-09 달러선물,0,2026-05-07 11:19:49,9월 6일 국내 ETF 1020개 데이터.xlsx / 국내 월배당 ETF 총정리.xlsx / 9월 1주 국내 월배당 ETF 분배금 지급현황.xlsx
261070,261070.KS,TIGER 코스닥150바이오테크,K55301BJ7009,국내주식,업종섹터,국내주식테마/섹터,바이오&헬스케어(패시브),미국/테크,,,,Y,Y,1,1.954630296804,5.036736296693,3.951735693353,18.929154886939,13.358907168224,31.205255722902,34.90269527207,112.970440966166,0.4,0.43,0.4843,16600,355,2.185287780855648,298.50146725,62800,10.3345352,-0.041312470246,미래에셋운용,코스닥 150 생명기술,패시브,비과세,20161215,,,,,,,,,,알테오젠,20.95578180878623,펩트론,11.915620607468352,HLB,8.329558098168087,파마리서치,7.114532362860503,리가켐바이오,6.964661619421085,2026-05-07 11:19:49,9월 6일 국내 ETF 1020개 데이터.xlsx / 국내 월배당 ETF 총정리.xlsx / 9월 1주 국내 월배당 ETF 분배금 지급현황.xlsx
476000,476000.KS,UNICORN 포스트IPO액티브,K55373E91357,국내주식,전략,,,,,,,Y,Y,2,1.901162457793,4.770035272154,10.090571844426,33.626739410594,37.805115005913,53.376804916277,42.254886570311,,0.5,0.85,0.8822,9715,100,1.0400416016640666,44.04264439,337,0.0328162,-0.337507665763,현대자산운용,iSelect 포스트 IPO 지수,액티브,배당소득세(보유기간과세),20240227,,,,,,,,,,씨어스테크놀로지,11.904687874458089,에이피알,9.115977719019735,HD현대마린솔루션,8.05871108776461,넥스트바이오메디컬,8.056638239257786,큐로셀,7.493859869655186,2026-05-07 11:19:49,9월 6일 국내 ETF 1020개 데이터.xlsx / 국내 월배당 ETF 총정리.xlsx / 9월 1주 국내 월배당 ETF 분배금 지급현황.xlsx
371470,371470.KS,TIGER 차이나바이오테크SOLACTIVE,K55301DC7590,해외주식,업종섹터,,,미국/테크,,,,Y,Y,1,-4.701462838711,4.760710530397,6.892195202754,34.489150945529,46.179436923424,61.587939280002,92.859937847337,17.149188279654,0.49,0.63,0.7491,9700,370,3.9657020364415865,655.79525321,244417,23.16672,0.132706356492,미래에셋운용,Solactive China Biotech Index(Net Total Return),패시브,배당소득세(보유기간과세),20201208,,,,,,,,,,SOLACTIVE CHINA BIOTECH INDEX CNH TRS 25,10.615176876837102,WUXI APPTEC CO LTD-A,8.489552247175705,WUXI BIOLOGICS CAYMAN INC,8.191380122799938,BEONE MEDICINES LTD-ADR,8.086615516225343,INNOVENT BIOLOGICS INC,8.0289014316707,2026-05-07 11:19:49,9월 6일 국내 ETF 1020개 데이터.xlsx / 국내 월배당 ETF 총정리.xlsx / 9월 1주 국내 월배당 ETF 분배금 지급현황.xlsx
364970,364970.KS,TIGER 바이오TOP10,K55301DA5562,국내주식,업종섹터,국내주식테마/섹터,바이오&헬스케어(패시브),,,,,Y,Y,1,0.945278936301,4.586403628387,0.374551922254,11.199990051339,-4.32235857073,13.337583228148,8.89812828261,22.737443215842,0.4,0.43,0.5182,8045,100,1.2586532410320956,1987.75885163,865889,69.10063196,-0.048406273958,미래에셋운용,KRX 바이오 K-뉴딜지수,패시브,비과세,20201007,,,,,,,,,,알테오젠,30.502424361129357,삼성바이오로직스,23.570118166743395,셀트리온,23.49595456975856,유한양행,6.664244089930919,HLB,4.283287810303425,2026-05-07 11:19:49,9월 6일 국내 ETF 1020개 데이터.xlsx / 국내 월배당 ETF 총정리.xlsx / 9월 1주 국내 월배당 ETF 분배금 지급현황.xlsx
371460,371460.KS,TIGER 차이나전기차SOLACTIVE,K55301DC7608,해외주식,업종섹터,해외주식테마/섹터,아시아 전기차 및 2차전지,,,,,Y,Y,1,-1.155149051485,4.496971433306,14.328087936338,15.510692749979,2.17519890879,13.893413395817,60.03874883082,-26.626088504396,0.49,0.56,0.6257,11215,525,4.911131898971001,16742.78622758,3210099,354.75237019,-0.126590434368,미래에셋운용,Solactive China Electric Vehicle Index(Net Total Return),패시브,배당소득세(보유기간과세),20201208,,,,,,,,,,CONTEMPORARY AMPEREX TECHN-A,18.75775543031783,BYD CO LTD -A,16.359897044811618,SERES GROUP CO L-A,6.784388956166776,SHENZHEN INOVANCE TECHNOLO-A,5.514110579861992,LI AUTO INC-CLASS A,5.165318709252535,2026-05-07 11:19:49,9월 6일 국내 ETF 1020개 데이터.xlsx / 국내 월배당 ETF 총정리.xlsx / 9월 1주 국내 월배당 ETF 분배금 지급현황.xlsx
306530,306530.KS,HANARO 코스닥150선물레버리지,K55232CD6984,레버리지/인버스,2X 레버리지,,,레버리지,,,,,,1,1.988783414657,4.459078818337,2.600797162813,21.839506920281,9.694972363238,36.171165351302,13.843904533814,17.270058390619,0.45,0.76,0.9295,9050,180,2.0293122886133035,27.1907376,6362,0.5726964,-0.021489611302,NH-Amundi운용,F-코스닥150 지수,패시브,배당소득세(보유기간과세),20180918,,,,,,,,,,코스닥150선물2025년09월물,89.79793204068326,HANARO 코스닥150,10.202067959316732,설정현금액,0,원화현금,0,,,2026-05-07 11:19:49,9월 6일 국내 ETF 1020개 데이터.xlsx / 국내 월배당 ETF 총정리.xlsx / 9월 1주 국내 월배당 ETF 분배금 지급현황.xlsx
291630,291630.KS,KIWOOM 코스닥150선물레버리지,K55206C29098,레버리지/인버스,2X 레버리지,,,레버리지,,,,,,1,1.972492558664,4.393010728981,2.595109935225,21.637524945782,9.459949433376,35.849888558019,13.669053840283,16.812178311926,0.09,0.39,0.6136,4495,90,2.0431328036322363,24.29018055,29335,1.31132053,0.062533900289,키움투자운용,F-코스닥150 지수,패시브,배당소득세(보유기간과세),20180316,,,,,,,,,,코스닥150선물2025년09월물,86.92185842755235,KIWOOM 코스닥150,13.078141572447647,설정현금액,0,원화현금,0,,,2026-05-07 11:19:49,9월 6일 국내 ETF 1020개 데이터.xlsx / 국내 월배당 ETF 총정리.xlsx / 9월 1주 국내 월배당 ETF 분배금 지급현황.xlsx
278240,278240.KS,RISE 코스닥150선물레버리지,K55223BV8089,레버리지/인버스,2X 레버리지,,,레버리지,,,,,,1,1.942050481648,4.359481172653,2.531144293469,21.72475972277,9.713855987258,35.493875820673,13.535173444037,14.978436645785,0.6,0.64,0.8219,10190,195,1.9509754877438719,890.7722197,46795,4.76445346,0.03061578671,KB운용,코스닥 150 선물지수,패시브,배당소득세(보유기간과세),20170831,,,,,,,,,,코스닥150선물2025년09월물,82.88478426730651,RISE 코스닥150,15.092599962991814,KODEX 코스닥150레버리지,1.7060301914675313,PLUS 코스닥150,0.3165855782341354,설정현금액,0,2026-05-07 11:19:49,9월 6일 국내 ETF 1020개 데이터.xlsx / 국내 월배당 ETF 총정리.xlsx / 9월 1주 국내 월배당 ETF 분배금 지급현황.xlsx
144600,144600.KS,KODEX 은선물(H),KR5105A43069,원자재,금속,,,원자재,,,,Y,,1,-1.502416328565,4.282147626999,9.467528470299,17.114580709319,24.367732088001,36.661690653356,38.545710228877,98.395698061004,0.68,0.73,0.8179,7135,20,0.28109627547434995,1650.26352493,495264,35.28420821,0.093235384882,삼성운용,S&P GSCI Silver Index (Total Return),패시브,배당소득세(보유기간과세),20110718,,,,,,,,,,Silver 2025 12,93.37727416267705,iShares SILVER Trust,6.62272583732294,설정현금액,0,2025-09 달러선물,0,원화현금,0,2026-05-07 11:19:49,9월 6일 국내 ETF 1020개 데이터.xlsx / 국내 월배당 ETF 총정리.xlsx / 9월 1주 국내 월배당 ETF 분배금 지급현황.xlsx
411060,411060.KS,ACE KRX금현물,K55101DN7441,원자재,금속,,,원자재,,,,Y,Y,3,0.348815046894,4.278341771678,5.821871649759,8.062739386688,9.87607096227,23.046843424174,46.142808439793,106.064292499477,0.19,0.31,0.4713,22460,155,0.6949114548307554,14992.00385921,1428349,320.79598924,0.07464920284,한국투자신탁운용,KRX 금현물지수,패시브,배당소득세(보유기간과세),20211215,,,,,,,,,,설정현금액,,원화현금,,금 현물 99.99_1Kg,,,,,,2026-05-07 11:19:49,9월 6일 국내 ETF 1020개 데이터.xlsx / 국내 월배당 ETF 총정리.xlsx / 9월 1주 국내 월배당 ETF 분배금 지급현황.xlsx
233740,233740.KS,KODEX 코스닥150레버리지,K55105B91912,레버리지/인버스,2X 레버리지,,,레버리지,,,,,,1,2.020749414782,4.270279344538,2.613062051092,21.65111358634,9.402727369673,35.695666001849,12.960834552988,10.425641534216,0.64,0.67,1.0963,9050,185,2.086858432036097,18470.99332415,16963023,1525.68979731,-0.686097051404,삼성운용,코스닥150 지수,패시브,배당소득세(보유기간과세),20151217,,,,,,,,,,2025-09 코스닥150선물,48.57705480763663,KODEX 코스닥150,13.721284560489362,알테오젠,5.091771998396232,펩트론,1.729066071623224,에코프로비엠,1.4158100370365763,2026-05-07 11:19:49,9월 6일 국내 ETF 1020개 데이터.xlsx / 국내 월배당 ETF 총정리.xlsx / 9월 1주 국내 월배당 ETF 분배금 지급현황.xlsx
0072R0,0072R0.KS,TIGER KRX금현물,K55301EI4806,원자재,금속,,,원자재,,,,Y,Y,2,0.349709652905,4.261477590027,5.736972489112,,,,,,0.15,0.16,0.511,10740,70,0.6560449859418932,2077.55129838,1042063,111.89649304,0.052480501566,미래에셋운용,KRX 금현물지수,패시브,배당소득세(보유기간과세),20250624,,,,,,,,,,설정현금액,,원화현금,,금 현물 99.99_1Kg,,,,,,2026-05-07 11:19:49,9월 6일 국내 ETF 1020개 데이터.xlsx / 국내 월배당 ETF 총정리.xlsx / 9월 1주 국내 월배당 ETF 분배금 지급현황.xlsx
233160,233160.KS,TIGER 코스닥150 레버리지,K55301B88376,레버리지/인버스,2X 레버리지,,,레버리지,,,,,,1,1.970887169532,4.20778354538,2.528618318563,21.59641786652,9.23764248179,35.724364534592,13.898306221242,13.397210679955,0.32,0.36,0.7078,10175,205,2.0561685055165495,697.76092477,312242,31.6283067,0.102855933197,미래에셋운용,코스닥 150,패시브,배당소득세(보유기간과세),20151217,,,,,,,,,,코스닥150선물2025년09월물,52.868227467941175,TIGER 코스닥150,11.419053258761389,알테오젠,5.016082162576481,펩트론,1.7347336372930549,에코프로비엠,1.395066985100635,2026-05-07 11:19:49,9월 6일 국내 ETF 1020개 데이터.xlsx / 국내 월배당 ETF 총정리.xlsx / 9월 1주 국내 월배당 ETF 분배금 지급현황.xlsx
266420,266420.KS,KODEX 헬스케어,K55105BM4843,국내주식,업종섹터,국내주식테마/섹터,바이오&헬스케어(패시브),,,,,Y,Y,1,1.179294301344,4.092857619655,1.784564832892,12.89647784527,4.232237519597,16.092548845863,14.72674680116,52.986443059975,0.09,0.1,0.1363,19015,230,1.224381155177003,780.72460657,48674,9.19540632,-0.043647992645,삼성운용,KRX 헬스케어,패시브,비과세,20170328,,,,,,,,,,셀트리온,15.928454981656795,알테오젠,15.171587216274576,삼성바이오로직스,12.693956560223153,유한양행,5.664294699033059,펩트론,5.206782186141784,2026-05-07 11:19:49,9월 6일 국내 ETF 1020개 데이터.xlsx / 국내 월배당 ETF 총정리.xlsx / 9월 1주 국내 월배당 ETF 분배금 지급현황.xlsx
143860,143860.KS,TIGER 헬스케어,KR5225A46670,국내주식,업종섹터,국내주식테마/섹터,바이오&헬스케어(패시브),,,,,Y,Y,1,1.141031229506,4.042185858,1.664059674626,12.672347357577,3.957449722762,15.619103554385,14.190998341408,47.861084113867,0.4,0.42,0.4541,42050,450,1.0817307692307692,2224.77668202,113173,47.28330512,-0.031681114268,미래에셋운용,KRX 건강,패시브,비과세,20110718,,,,,,,,,,셀트리온,15.980235526831192,알테오젠,15.250353953742662,삼성바이오로직스,12.731609503162806,유한양행,5.672203595105206,펩트론,5.22424758189639,2026-05-07 11:19:49,9월 6일 국내 ETF 1020개 데이터.xlsx / 국내 월배당 ETF 총정리.xlsx / 9월 1주 국내 월배당 ETF 분배금 지급현황.xlsx
400590,400590.KS,SOL 글로벌탄소배출권선물ICE(합성),K55210DN2358,해외주식,기타,,,,,,,Y,Y,1,0.450672595862,4.035418137867,7.001080872513,9.889699589635,12.668223157468,6.81659700263,9.708269427232,8.193407473787,0.55,0.74,0.74,13055,80,0.6165703275529865,91.67936121,11582,1.5103983,-0.38914824938,신한자산운용,IHS Markit Global Carbon Index(Total Return),패시브,배당소득세(보유기간과세),20210930,,,,,,,,,,스왑(미래에셋증권),85.67205211131346,스왑(메리츠증권),14.32794788868653,설정현금액,0,원화현금,0,,,2026-05-07 11:19:49,9월 6일 국내 ETF 1020개 데이터.xlsx / 국내 월배당 ETF 총정리.xlsx / 9월 1주 국내 월배당 ETF 분배금 지급현황.xlsx
401590,401590.KS,HANARO 글로벌탄소배출권선물ICE(합성),K55232DN1263,해외주식,기타,,,,,,,Y,Y,1,0.439229365027,4.021694577552,6.911186093394,9.626118291494,12.064850977639,6.053232213205,8.37522016174,-12.298253417476,0.5,0.76,0.7847,10550,90,0.8604206500956023,58.34437844,1215,0.12808935,-0.452930998473,NH-Amundi운용,ICE Global Carbon Futures Index(Excess Return),패시브,배당소득세(보유기간과세),20210930,,,,,,,,,,스왑(미래에셋증권)_210929,100,설정현금액,0,원화현금,0,,,,,2026-05-07 11:19:49,9월 6일 국내 ETF 1020개 데이터.xlsx / 국내 월배당 ETF 총정리.xlsx / 9월 1주 국내 월배당 ETF 분배금 지급현황.xlsx
253280,253280.KS,RISE 헬스케어,K55223BH3559,국내주식,업종섹터,국내주식테마/섹터,바이오&헬스케어(패시브),,,,,Y,Y,1,1.426781415215,3.924693475668,1.650921844641,9.25822546939,-0.644153722577,9.482581989257,4.829542712527,35.682783607902,0.05,0.16,0.1836,15105,250,1.682935038707506,105.90234854,12077,1.80792365,-0.023095962347,KB운용,FnGuide 헬스케어 지수,패시브,비과세,20160923,,,,,,,,,,알테오젠,11.113962222966782,셀트리온,10.11548861149169,삼성바이오로직스,9.587560035309458,유한양행,9.390980419519863,HLB,6.575743903487224,2026-05-07 11:19:49,9월 6일 국내 ETF 1020개 데이터.xlsx / 국내 월배당 ETF 총정리.xlsx / 9월 1주 국내 월배당 ETF 분배금 지급현황.xlsx
0090B0,0090B0.KS,PLUS K방산소부장,K55213EM5713,국내주식,업종섹터,,,,,,,Y,Y,2,-0.337630657908,3.916183310919,,,,,,,0.45,,,11670,-10,-0.08561643835616438,110.85099653,350119,40.89622711,0.054647057043,한화운용,Akros K방산소부장 지수(PR),패시브,비과세,20250826,,,,,,,,,,엠앤씨솔루션,22.453604152117418,STX엔진,20.229294686644366,SNT다이내믹스,14.259149421045784,퍼스텍,9.401508309969463,풍산,8.78504606304076,2026-05-07 11:19:49,9월 6일 국내 ETF 1020개 데이터.xlsx / 국내 월배당 ETF 총정리.xlsx / 9월 1주 국내 월배당 ETF 분배금 지급현황.xlsx
139320,139320.KS,TIGER 금은선물(H),KR5225A17119,원자재,금속,,,원자재,,,,Y,,2,-0.75845773767,3.844880031199,5.441313379693,5.045499013009,18.294663779444,29.477762866266,33.72442500895,75.210952467763,0.69,0.75,0.7913,15315,75,0.4921259842519685,114.75893742,16667,2.55329365,0.045059362574,미래에셋운용,S&P GSCI Precious Metals Index(TR),패시브,배당소득세(보유기간과세),20110408,,,,,,,,,,GOLD 100 OZ FUT COMEX DEC25,80.28171058356382,SPDR GOLD SHARES,7.125451736395271,TIGER 골드선물(H),5.775009265192291,SILVER FUT COMEX DEC 25,3.8699958134423214,ISHARES SILVER TRUST,2.947832601406302,2026-05-07 11:19:49,9월 6일 국내 ETF 1020개 데이터.xlsx / 국내 월배당 ETF 총정리.xlsx / 9월 1주 국내 월배당 ETF 분배금 지급현황.xlsx
132030,132030.KS,KODEX 골드선물(H),KR5105705846,원자재,금속,,,원자재,,,,Y,,2,-0.754878033778,3.837558948545,5.359231025795,4.695081502438,19.658714520264,31.408308638804,36.870631640836,83.650990445771,0.68,0.73,0.7917,20990,90,0.430622009569378,2831.62481357,186066,39.08242011,-0.001437937766,삼성운용,S&P GSCI Gold Index (Total Return),패시브,배당소득세(보유기간과세),20101001,,,,,,,,,,GOLD 2025 12,92.7865428981417,SPDR GOLD SHARES,7.213457101858297,설정현금액,0,2025-09 달러선물,0,원화현금,0,2026-05-07 11:19:49,9월 6일 국내 ETF 1020개 데이터.xlsx / 국내 월배당 ETF 총정리.xlsx / 9월 1주 국내 월배당 ETF 분배금 지급현황.xlsx
0064K0,0064K0.KS,KODEX 금액티브,K55105EK8983,원자재,금속,,,원자재,,,,Y,Y,1,-0.552191781734,3.814340106943,5.286806055074,,,,,,0.3,0.31,0.3942,10445,40,0.38443056222969724,1074.36259502,521881,54.62170576,-0.217173781969,삼성운용,Bloomberg Gold Spot NY 4pm USD Index,액티브,배당소득세(보유기간과세),20250617,,,,,,,,,,iShares Gold Trust Micro,30.112830473913036,SPDR Gold MiniShares Trust,29.853380919228623,iShares Gold Trust,15.053874007926563,SPDR GOLD SHARES,10.31143704805591,abrdn Physical Gold Shares ETF,9.68978658056431,2026-05-07 11:19:49,9월 6일 국내 ETF 1020개 데이터.xlsx / 국내 월배당 ETF 총정리.xlsx / 9월 1주 국내 월배당 ETF 분배금 지급현황.xlsx
319640,319640.KS,TIGER 골드선물(H),K55301CM5189,원자재,금속,,,원자재,,,,Y,,2,-0.742045115589,3.80094596427,5.161689806744,4.406943318045,19.122650780166,30.666788920166,36.006558258863,81.74115854194,0.39,0.45,0.5046,22260,100,0.45126353790613716,1167.14621103,77455,17.25329156,-0.011647134726,미래에셋운용,S&P GSCI Gold Index(TR),패시브,배당소득세(보유기간과세),20190409,,,,,,,,,,GOLD 100 OZ FUT COMEX DEC25,84.03213622092129,SPDR GOLD SHARES,15.967863779078707,설정현금액,0,미달러선물25년09월물,0,원화현금,0,2026-05-07 11:19:49,9월 6일 국내 ETF 1020개 데이터.xlsx / 국내 월배당 ETF 총정리.xlsx / 9월 1주 국내 월배당 ETF 분배금 지급현황.xlsx
0066W0,0066W0.KS,SOL 국제금,K55210EK7169,원자재,금속,,,원자재,,,,Y,Y,2,-0.522617320706,3.798921641174,5.289986645914,,,,,,0.55,0.32,0.4013,10440,45,0.4329004329004329,125.74160566,16146,1.68910609,-0.321192467711,신한자산운용,KEDI 국제금현물 ETF 가격지수(PR),패시브,배당소득세(보유기간과세),20220617,,,,,,,,,,iShares Gold Trust Micro,25.427874875339608,SPDR Gold MiniShares Trust,25.422361988435416,abrdn Physical Gold Shares ETF,23.730135816584006,Goldman Sachs Physical Gold ETF,15.248643465452625,Graniteshares Gold Trust,10.170983854188343,2026-05-07 11:19:49,9월 6일 국내 ETF 1020개 데이터.xlsx / 국내 월배당 ETF 총정리.xlsx / 9월 1주 국내 월배당 ETF 분배금 지급현황.xlsx
469070,469070.KS,RISE AI&로봇,K55223E63783,국내주식,업종섹터,국내주식테마/섹터,AI&로봇,미국/테크,,,,Y,Y,2,1.212452672277,3.68766047613,2.228920729123,-0.798022677527,3.565822446696,10.074394561986,34.547599064516,,0.4,0.47,0.513,9845,120,1.2339331619537275,1757.39085838,618930,60.58324623,-0.032225651774,KB운용,iSelect AI&로봇 지수(시장가격),패시브,비과세,20231024,,,,,,,,,,로보티즈,7.580063455742267,NAVER,7.146317323526281,두산로보틱스,6.56761191704741,LG씨엔에스,6.356129813303772,레인보우로보틱스,5.405982984682445,2026-05-07 11:19:49,9월 6일 국내 ETF 1020개 데이터.xlsx / 국내 월배당 ETF 총정리.xlsx / 9월 1주 국내 월배당 ETF 분배금 지급현황.xlsx
185680,185680.KS,KODEX 미국S&P바이오(합성),KR5105AL9630,해외주식,업종섹터,해외주식테마/섹터,바이오 & 헬스케어,,,,,Y,Y,1,-0.278668866628,3.53861895576,7.737822972859,15.656105190614,3.219898274311,-2.264483761045,-1.93972456297,11.831922904466,0.25,0.33,0.3446,27950,230,0.8297258297258298,158.24639657,9947,2.77963963,-0.354726434112,삼성운용,S&P Biotechnology Select Industry Index(원화환산),패시브,배당소득세(보유기간과세),20131031,,,,,,,,,,스왑(NH투자증권),73.16304297287033,스왑(미래에셋증권),20.983584717392617,SPDR Series Trust  SPDR S&P Biotech ETF,5.85337230973706,설정현금액,0,원화현금,0,2026-05-07 11:19:49,9월 6일 국내 ETF 1020개 데이터.xlsx / 국내 월배당 ETF 총정리.xlsx / 9월 1주 국내 월배당 ETF 분배금 지급현황.xlsx
486790,486790.KS,HANARO 코스닥150선물레버리지1.5X,K55232EC3808,레버리지/인버스,1.5X 레버리지,,,레버리지,,,,,,1,1.49976475478,3.39274613498,2.059533473435,16.689511529821,8.894127750529,28.855934134513,14.2933319129,,0.25,0.47,0.5629,13195,220,1.6955684007707128,21.26252689,103,0.0135245,-0.535668084752,NH-Amundi운용,코스닥150 선물지수,패시브,배당소득세(보유기간과세),20240709,,,,,,,,,,코스닥150선물2025년09월물,100,설정현금액,0,원화현금,0,,,,,2026-05-07 11:19:49,9월 6일 국내 ETF 1020개 데이터.xlsx / 국내 월배당 ETF 총정리.xlsx / 9월 1주 국내 월배당 ETF 분배금 지급현황.xlsx
0022T0,0022T0.KS,SOL 국제금커버드콜액티브,K55210EH0144,원자재,금속,,,"월배당, 커버드콜, 원자재",Y,Y,Y,Y,Y,2,-0.501932334039,3.379516559792,4.795232555379,7.376709101544,,,,,0.45,0.5,0.615,11355,50,0.44228217602830605,283.07247335,93870,10.65613646,-0.006722333298,신한자산운용,KEDI 골드인컴프리미엄 지수(NTR),액티브,배당소득세(보유기간과세),20250311,원자재,0.3394,20250827,20250829,37,1.6257,185,5,Y,SPDR Gold MiniShares Trust,31.15088309937294,iShares Gold Trust Micro,30.079817545497832,abrdn Physical Gold Shares ETF,22.943773583534686,SPDR Gold Trust,15.334700245887932,설정현금액,0,2026-05-07 11:19:49,9월 6일 국내 ETF 1020개 데이터.xlsx / 국내 월배당 ETF 총정리.xlsx / 9월 1주 국내 월배당 ETF 분배금 지급현황.xlsx
227540,227540.KS,TIGER 200 헬스케어,K55301B69897,국내주식,업종섹터,국내주식테마/섹터,바이오&헬스케어(패시브),,,,,Y,Y,1,0.346257693098,3.253454217889,-0.103683193229,6.776228728247,-2.708615002808,1.848514110601,-0.384191339288,11.790480721003,0.4,0.44,0.4723,19810,75,0.3800354699771979,377.28784335,30634,6.03616386,-0.040240311609,미래에셋운용,코스피 200 건강관리,패시브,비과세,20150923,,,,,,,,,,셀트리온,20.196917255511835,유한양행,19.464485636799417,삼성바이오로직스,18.050892105565694,SK바이오팜,10.391116861612414,한미약품,6.794377087522663,2026-05-07 11:19:49,9월 6일 국내 ETF 1020개 데이터.xlsx / 국내 월배당 ETF 총정리.xlsx / 9월 1주 국내 월배당 ETF 분배금 지급현황.xlsx
491630,491630.KS,RISE 미국반도체인버스(합성 H),K55223ED9425,레버리지/인버스,1X 인버스,,,인버스,,,,,,1,-1.085574674781,3.233977839139,-2.251362025823,-13.501382501915,-26.107985168218,-23.424120607819,,,0.49,0.72,0.7235,15950,-220,-1.3605442176870748,72.09094966,522,0.08330345,-0.232362810739,KB운용,NYSE Semicondoctor Index(Price Return),패시브,배당소득세(보유기간과세),20241022,,,,,,,,,,스왑(KB증권)_241022,33.32565010229353,스왑(키움증권)_241022,22.22478329923549,스왑(NH증권)_241022,22.22478329923549,스왑(한국투자증권)_241022,22.22478329923549,설정현금액,0,2026-05-07 11:19:49,9월 6일 국내 ETF 1020개 데이터.xlsx / 국내 월배당 ETF 총정리.xlsx / 9월 1주 국내 월배당 ETF 분배금 지급현황.xlsx
0001P0,0001P0.KS,마이티 바이오시밀러&CDMO액티브,K55216EG6021,국내주식,업종섹터,,,금리형,,,,Y,Y,2,0.886222293454,3.109176484718,0.011672274526,4.112441654477,-2.355281668855,2.802110678452,,,0.805,0.86,0.8861,9940,115,1.1704834605597965,123.24656163,10759,1.06630357,-0.072245652473,DB자산운용,FnGuide 바이오시밀러&CDMO 지수,액티브,배당소득세(보유기간과세),20241224,,,,,,,,,,삼성바이오로직스,22.33365700138008,셀트리온,8.648744550837426,에이비엘바이오,4.584602202130959,유한양행,4.402944298232331,삼천당제약,4.340995735559001,2026-05-07 11:19:49,9월 6일 국내 ETF 1020개 데이터.xlsx / 국내 월배당 ETF 총정리.xlsx / 9월 1주 국내 월배당 ETF 분배금 지급현황.xlsx
0073X0,0073X0.KS,FOCUS 알리바바미국채커버드콜혼합,K55104EL0816,자산배분,주식+채권,,,"월배당, 커버드콜, 채권",Y,Y,,Y,Y,3,-1.042865760591,3.066311514776,3.31227176017,,,,,,0.36,0.38,0.531,10535,35,0.3333333333333333,84.38345865,10111,1.05891395,-0.180337210555,브이아이운용,KEDI 알리바바미국채커버드콜혼합지수(TR),패시브,배당소득세(보유기간과세),20250701,,,,,,,,,,ALIBABA GROUP HOLDING ADR REP 1 ORD,37.75584387761425,iShare 20+ Year Treasury Bond ETF,27.304395143034533,Vanguard Long-Term Treasury ETF,17.552387328503855,Ishares 25+ Year Treasury STRIPS Bond ET,8.54724797265168,SPDR Portfolio Long Term Treasury ETF,7.683637665273497,2026-05-07 11:19:49,9월 6일 국내 ETF 1020개 데이터.xlsx / 국내 월배당 ETF 총정리.xlsx / 9월 1주 국내 월배당 ETF 분배금 지급현황.xlsx
0093A0,0093A0.KS,RISE AI반도체TOP10,K55223EM4862,국내주식,업종섹터,,,미국/테크,,,,Y,Y,2,1.055128146216,3.025689801147,,,,,,,0.2,,,10735,85,0.7981220657276995,215.3410326,213074,23.0361326,-0.016769558977,KB운용,FnGuide AI반도체TOP10 지수,패시브,비과세,20250826,,,,,,,,,,삼성전자,15.927925869658207,원익IPS,13.108395378095109,SK하이닉스,12.377178584685842,테크윙,11.63425982110824,ISC,9.81248573496673,2026-05-07 11:19:49,9월 6일 국내 ETF 1020개 데이터.xlsx / 국내 월배당 ETF 총정리.xlsx / 9월 1주 국내 월배당 ETF 분배금 지급현황.xlsx
307510,307510.KS,TIGER 의료기기,K55301CC2055,국내주식,업종섹터,,,,,,,Y,Y,1,2.650823139498,2.920298072447,5.366791605313,9.771103830727,19.179415660443,23.256735590858,30.275853374056,34.412985005464,0.5,0.56,0.6562,17980,455,2.596291012838802,89.76061344,6372,1.13811845,-0.087248081496,미래에셋운용,FnGuide 의료기기 지수,패시브,비과세,20181108,,,,,,,,,,파마리서치,22.6750675867354,루닛,5.205373219826098,클래시스,4.9984186942340365,씨젠,4.439172273943866,차바이오텍,3.08077502409029,2026-05-07 11:19:49,9월 6일 국내 ETF 1020개 데이터.xlsx / 국내 월배당 ETF 총정리.xlsx / 9월 1주 국내 월배당 ETF 분배금 지급현황.xlsx
140700,140700.KS,KODEX 보험,KR5105A23640,국내주식,업종섹터,,,,,,,Y,Y,1,0.731677013916,2.881845817619,8.132306280198,15.157163112473,43.953953938432,40.261750558849,26.323792961271,121.46519106624,0.45,0.46,0.4779,12245,90,0.7404360345536816,380.22253923,77819,9.51220439,-0.051820984727,삼성운용,KRX 보험,패시브,비과세,20110426,,,,,,,,,,삼성생명,26.505086381714538,DB손해보험,20.335956713390658,삼성화재,19.838006259989246,현대해상,11.051393431557894,코리안리,9.565370393796039,2026-05-07 11:19:49,9월 6일 국내 ETF 1020개 데이터.xlsx / 국내 월배당 ETF 총정리.xlsx / 9월 1주 국내 월배당 ETF 분배금 지급현황.xlsx
465610,465610.KS,ACE 미국빅테크TOP7 Plus레버리지(합성),K55101E52487,레버리지/인버스,2X 레버리지,,,"미국/테크, 레버리지",,,,,,1,2.346815009691,2.815051545321,10.812930023408,37.768342794549,31.088786930955,6.283723298109,85.28997699445,,0.6,0.66,0.6753,32805,1175,3.714827695226051,1036.07041521,70538,23.06108457,-0.035413631735,한국투자신탁운용,Solactive US Big Tech Top 7 Plus Price Return Index,패시브,배당소득세(보유기간과세),20230912,,,,,,,,,,스왑(한국투자증권),84.27106156886784,스왑(키움증권),13.48123088406687,스왑(KB증권),2.247707547065288,설정현금액,0,원화현금,0,2026-05-07 11:19:49,9월 6일 국내 ETF 1020개 데이터.xlsx / 국내 월배당 ETF 총정리.xlsx / 9월 1주 국내 월배당 ETF 분배금 지급현황.xlsx
494220,494220.KS,UNICORN SK하이닉스밸류체인액티브,K55373EF1006,국내주식,업종섹터,,,,,,,Y,Y,2,1.867023411813,2.765968662064,4.002685957129,12.462950397609,29.228015831824,41.037235903657,,,0.5,0.57,0.5952,12260,255,2.1241149521032905,153.52831356,50378,6.19497221,-0.038462217414,현대자산운용,FnGuide SK하이닉스밸류체인 지수,액티브,배당소득세(보유기간과세),20241107,,,,,,,,,,SK하이닉스,24.375438433555225,SK스퀘어,21.43339676258552,ISC,5.029430713109057,테크윙,4.91695113043997,HPSP,4.643916360426009,2026-05-07 11:19:49,9월 6일 국내 ETF 1020개 데이터.xlsx / 국내 월배당 ETF 총정리.xlsx / 9월 1주 국내 월배당 ETF 분배금 지급현황.xlsx
391670,391670.KS,HK 베스트일레븐액티브,K55224DK4104,국내주식,시장대표,,,,,,,Y,Y,2,1.009916777002,2.704387791108,-0.418205443216,11.21072828707,35.957324314092,53.372369406514,34.553522528896,60.138969476333,0.3,0.45,0.8714,12235,175,1.451077943615257,116.27251704,3,0.00036715,-0.193205116281,흥국운용,코스피 200,액티브,배당소득세(보유기간과세),20210706,,,,,,,,,,삼성전자,13.778020008794524,한화비전,10.24702382593863,한국항공우주,9.90065798479059,HD현대일렉트릭,9.475589347562344,CJ,9.210934691386932,2026-05-07 11:19:49,9월 6일 국내 ETF 1020개 데이터.xlsx / 국내 월배당 ETF 총정리.xlsx / 9월 1주 국내 월배당 ETF 분배금 지급현황.xlsx
139240,139240.KS,TIGER 200 철강소재,KR5225A18091,국내주식,업종섹터,,,,,,,Y,Y,1,0.266359582776,2.622415757028,-1.819882241525,22.134856068691,20.901041934422,35.644538752546,59.248864328841,50.299766646329,0.4,0.45,0.5678,11440,65,0.5714285714285714,64.02058408,5434,0.61628105,-0.088350001495,미래에셋운용,코스피 200 철강/소재,패시브,비과세,20110406,,,,,,,,,,풍산,24.73052294274559,현대제철,20.851203164716253,고려아연,18.705521769072714,POSCO홀딩스,16.66615483939743,세아베스틸지주,4.08186659522264,2026-05-07 11:19:49,9월 6일 국내 ETF 1020개 데이터.xlsx / 국내 월배당 ETF 총정리.xlsx / 9월 1주 국내 월배당 ETF 분배금 지급현황.xlsx
429740,429740.KS,PLUS K리츠,K55213DT8232,부동산,,,,"월배당, 리츠/부동산",Y,Y,Y,Y,Y,2,0.493770107718,2.440155065945,2.501402623486,3.49119202181,3.181471773833,11.272648560293,-0.884639391657,-2.382936500785,0.25,0.33,0.35,6805,30,0.44280442804428044,102.4230944,12373,0.84064397,-0.022893839644,한화운용,FnGuide 리츠 지수,패시브,비과세(분리과세부동산ETF),20220524,부동산,0.6006,20250827,20250829,40,7.8002,530,12,Y,SK리츠,15.297525549067393,ESR켄달스퀘어리츠,15.048398327125097,신한알파리츠,10.388721418900097,제이알글로벌리츠,9.671550618523982,롯데리츠,9.406637538958764,2026-05-07 11:19:49,9월 6일 국내 ETF 1020개 데이터.xlsx / 국내 월배당 ETF 총정리.xlsx / 9월 1주 국내 월배당 ETF 분배금 지급현황.xlsx
367760,367760.KS,RISE 5G테크,K55223DB4882,국내주식,업종섹터,,,미국/테크,,,,Y,Y,1,0.525197098821,2.343279233347,4.413671276433,22.55456624673,30.161637912018,40.482509867138,29.150688006674,66.42973421674,0.45,0.51,0.5247,13425,110,0.8261359369132557,295.18431154,33309,4.4680324,-0.074952842661,KB운용,FnGuide 5G 테크 지수,패시브,비과세,20201029,,,,,,,,,,삼성전기,22.689888158842937,삼성전자,19.697233668805456,SK하이닉스,18.831238226666972,이수페타시스,11.89358076715875,LG이노텍,8.217527432582981,2026-05-07 11:19:49,9월 6일 국내 ETF 1020개 데이터.xlsx / 국내 월배당 ETF 총정리.xlsx / 9월 1주 국내 월배당 ETF 분배금 지급현황.xlsx
487910,487910.KS,ACE 인도컨슈머파워액티브,K55101EB6453,해외주식,업종섹터,,,,,,,Y,Y,2,0.211811844096,2.337333575429,5.181971167028,9.426126807329,10.981402297527,-11.268777482103,,,0.45,0.59,0.7741,9745,-30,-0.3069053708439898,528.33237672,4487,0.43743637,-0.162076327654,한국투자신탁운용,Indxx Inida Super Consumption Index,액티브,배당소득세(보유기간과세),20240910,,,,,,,,,,Mahindra & Mahindra Ltd,11.48540194596159,Apollo Hospitals Enterprise Ltd,11.403632144587387,Voltas Ltd,10.570133071836274,Maruti Suzuki India Ltd,5.036443518296354,TVS Motor Co Ltd,4.9455479849165265,2026-05-07 11:19:49,9월 6일 국내 ETF 1020개 데이터.xlsx / 국내 월배당 ETF 총정리.xlsx / 9월 1주 국내 월배당 ETF 분배금 지급현황.xlsx
407820,407820.KS,에셋플러스 코리아플랫폼액티브,K55364DO6337,국내주식,전략,,,,,,,Y,Y,2,1.01546378036,2.295398683369,0.718562117925,3.731238438587,18.620571674738,28.985500213473,25.362216310538,24.710123395944,0.975,1.05,1.1664,7965,115,1.464968152866242,167.4559767,1350,0.10695566,-0.130453039748,에셋플러스운용,FnGuide 플랫폼 지수(Price Return),액티브,배당소득세(보유기간과세),20211116,,,,,,,,,,NAVER,8.561951912494589,CJ,7.996528305938566,미래에셋증권,7.486726138814077,하이브,6.700562257509672,한국콜마,6.68679661888384,2026-05-07 11:19:49,9월 6일 국내 ETF 1020개 데이터.xlsx / 국내 월배당 ETF 총정리.xlsx / 9월 1주 국내 월배당 ETF 분배금 지급현황.xlsx
463690,463690.KS,KODEX 미국S&P500커뮤니케이션,K55105E38404,해외주식,업종섹터,,,미국/테크,,,,Y,Y,2,0.778362170123,2.275661023084,5.462766171905,14.143067043936,9.548490311032,12.399572754506,40.510031969084,,0.25,0.35,0.4217,18100,195,1.0890812622172577,108.51447687,11436,2.0768562,-0.194585066206,삼성운용,S&P Communication Services Select Sector Index(Price Return),패시브,배당소득세(보유기간과세),20230801,,,,,,,,,,Meta Platforms Inc-CL A,17.99222863079787,ALPHABET INC-CL A,12.165025091281496,ALPHABET INC-CL C,9.829218363033926,NETFLIX,7.682082670153045,Electronic Arts Inc,4.73360881732356,2026-05-07 11:19:49,9월 6일 국내 ETF 1020개 데이터.xlsx / 국내 월배당 ETF 총정리.xlsx / 9월 1주 국내 월배당 ETF 분배금 지급현황.xlsx
413220,413220.KS,SOL 차이나태양광CSI(합성),K55210DP7488,해외주식,전략,,,,,,,Y,Y,1,0.518660232928,2.275213591927,17.702407894423,33.27792543588,7.478455949585,5.512109643609,28.344819919886,-53.175560723968,0.5,0.63,0.6388,4940,360,7.860262008733624,46.18358465,53053,2.55519916,-0.121299312123,신한자산운용,CSI Photovoltaic Industry Index(PR),패시브,배당소득세(보유기간과세),20211222,,,,,,,,,,스왑(미래에셋증권),29.687853800443047,스왑(메리츠증권),29.687853800443047,스왑(NH투자증권),20.812825939551004,스왑(키움증권),19.811466459562897,설정현금액,0,2026-05-07 11:19:49,9월 6일 국내 ETF 1020개 데이터.xlsx / 국내 월배당 ETF 총정리.xlsx / 9월 1주 국내 월배당 ETF 분배금 지급현황.xlsx
0005G0,0005G0.KS,ITF K-AI반도체코어테크,K55234EG3166,국내주식,업종섹터,,,미국/테크,,,,Y,Y,2,0.477664541365,2.24370571259,2.670173523605,19.893912820218,27.409401928253,,,,0.28,0.35,0.3555,12805,185,1.4659270998415215,102.18058818,125,0.0159622,-0.214193907467,아이비케이운용,FnGuide K-AI반도체 코어테크 지수,패시브,비과세,20250120,,,,,,,,,,삼성전자,20.353689513691087,SK하이닉스,19.46127602416199,삼성전기,19.431623369939135,삼성에스디에스,11.358850532036376,이수페타시스,6.962278562511515,2026-05-07 11:19:49,9월 6일 국내 ETF 1020개 데이터.xlsx / 국내 월배당 ETF 총정리.xlsx / 9월 1주 국내 월배당 ETF 분배금 지급현황.xlsx
243890,243890.KS,TIGER 200에너지화학레버리지,K55301BD4697,레버리지/인버스,2X 레버리지,,,레버리지,,,,,,1,1.704965898711,2.224018350317,-1.779599962851,25.45962339609,36.004001039992,59.972684059665,8.441615367855,-60.320727673963,0.69,0.74,1.4105,5090,110,2.208835341365462,38.03722046,17957,0.9090889,0.351854491467,미래에셋운용,코스피 200 에너지/화학,패시브,배당소득세(보유기간과세),20160513,,,,,,,,,,LG화학,18.13410540587684,SK,11.116380562055797,SK이노베이션,10.882073875501048,TIGER 200 에너지화학,9.83677372376341,HD현대,9.557490139308392,2026-05-07 11:19:49,9월 6일 국내 ETF 1020개 데이터.xlsx / 국내 월배당 ETF 총정리.xlsx / 9월 1주 국내 월배당 ETF 분배금 지급현황.xlsx
445290,445290.KS,KODEX 로봇액티브,K55105DW7453,국내주식,업종섹터,국내주식테마/섹터,AI&로봇,미국/테크,,,,Y,Y,2,0.439610481599,2.215495746211,4.187355357642,12.213403936575,18.368122160354,30.426531954334,39.203847223878,,0.5,0.57,0.5984,17020,115,0.6802721088435374,1736.1285813,123281,20.9001737,-0.004034068199,삼성운용,iSelect K-로봇테마 지수,액티브,배당소득세(보유기간과세),20221115,,,,,,,,,,로보티즈,8.828627133161868,레인보우로보틱스,7.958812539858492,NAVER,7.445718649299467,카카오,7.387146287363505,두산로보틱스,7.167454874440621,2026-05-07 11:19:49,9월 6일 국내 ETF 1020개 데이터.xlsx / 국내 월배당 ETF 총정리.xlsx / 9월 1주 국내 월배당 ETF 분배금 지급현황.xlsx
217780,217780.KS,TIGER 차이나CSI300인버스(합성),K55301B17573,레버리지/인버스,1X 인버스,,,인버스,,,,,,1,2.718417079905,2.208435207821,-7.878096717713,-14.474194006224,-9.899021467355,-8.695503794263,-30.514008836791,-16.039185362419,0.58,0.65,0.7433,6450,-165,-2.494331065759637,107.0163687,3060,0.19919877,-1.137417017226,미래에셋운용,CSI 300,패시브,배당소득세(보유기간과세),20150610,,,,,,,,,,CHINAAMC ETF SERIES - CH-HKD,9.823314338574106,설정현금액,0,원화현금,0,차이나CSI300 TRS(삼성증권),4.346815137937623,차이나CSI300 TRS(키움증권),11.85495368728765,2026-05-07 11:19:49,9월 6일 국내 ETF 1020개 데이터.xlsx / 국내 월배당 ETF 총정리.xlsx / 9월 1주 국내 월배당 ETF 분배금 지급현황.xlsx
479730,479730.KS,TIGER 인도빌리언컨슈머,K55301E98973,해외주식,업종섹터,,,,,,,Y,Y,2,-0.077865582103,2.204939274647,7.587682092354,11.500860679101,19.095001618305,3.767301367945,0.578549501198,,0.49,0.64,0.7775,10810,-140,-1.278538812785388,1369.52509574,125065,13.53309273,-0.452455479457,미래에셋운용,Mirae Asset India Billion Consumer 지수,패시브,배당소득세(보유기간과세),20240514,,,,,,,,,,ETERNAL LTD,10.363479843048937,MARUTI SUZUKI INDIA LTD,8.877533901281996,MAHINDRA & MAHINDRA LTD,8.77942496438666,TATA MOTORS LTD,8.02587820131932,HINDUSTAN UNILEVER LTD,7.7713716175060625,2026-05-07 11:19:49,9월 6일 국내 ETF 1020개 데이터.xlsx / 국내 월배당 ETF 총정리.xlsx / 9월 1주 국내 월배당 ETF 분배금 지급현황.xlsx
243880,243880.KS,TIGER 200IT레버리지,K55301BD4689,레버리지/인버스,2X 레버리지,,,레버리지,,,,,,1,1.675507905805,2.19655052491,2.619223403503,33.475261709351,45.984903238464,50.925321549227,3.629626736165,8.701608757537,0.69,0.72,1.0847,34310,465,1.373910474220712,250.11420376,9143,3.15622151,0.129225806067,미래에셋운용,코스피 200 정보기술,패시브,배당소득세(보유기간과세),20160513,,,,,,,,,,SK하이닉스,19.236276788106533,삼성전자,17.43306390436893,SK스퀘어,10.798037003426995,TIGER 200 IT,10.309971217949336,삼성SDI,9.677611231249422,2026-05-07 11:19:49,9월 6일 국내 ETF 1020개 데이터.xlsx / 국내 월배당 ETF 총정리.xlsx / 9월 1주 국내 월배당 ETF 분배금 지급현황.xlsx
438740,438740.KS,마이다스 중소형액티브,K55303DW3692,국내주식,규모,,,,,,,Y,Y,2,1.463496037872,2.194641759013,2.299391510429,17.78895295175,35.784083099385,47.854921478407,49.20285171401,51.772308168586,0.62,0.68,0.8472,29005,420,1.469302081511282,87.18883493,150,0.0432274,-0.218545735253,마이다스운용,코스피 중형주,액티브,배당소득세(보유기간과세),20220817,,,,,,,,,,대한조선,4.610515714547995,원텍,3.073759633937802,파마리서치,2.462848483724539,삼양식품,2.395090453696024,현대로템,2.327975852732791,2026-05-07 11:19:49,9월 6일 국내 ETF 1020개 데이터.xlsx / 국내 월배당 ETF 총정리.xlsx / 9월 1주 국내 월배당 ETF 분배금 지급현황.xlsx
477730,477730.KS,KODEX 인도타타그룹,K55105E89613,해외주식,전략,,,,,,,Y,Y,2,-0.771785590944,2.149426773355,2.959004644496,-2.024184369838,0.048840435358,-15.82910629685,-19.194469453611,,0.45,0.55,0.6854,8655,-100,-1.1422044545973729,357.11252395,11825,1.0264541,-0.429017389042,삼성운용,Nifty India Corporate Group Index - Tata Group 25% Cap(Price Return),패시브,배당소득세(보유기간과세),20240508,,,,,,,,,,Tata Consultancy Services Ltd,23.154002320248438,Titan Co Ltd,14.374699033546152,Tata Motors Ltd,13.637986214028853,Tata Steel Ltd,13.105748568745035,Trent Ltd,11.497573230109413,2026-05-07 11:19:49,9월 6일 국내 ETF 1020개 데이터.xlsx / 국내 월배당 ETF 총정리.xlsx / 9월 1주 국내 월배당 ETF 분배금 지급현황.xlsx
490330,490330.KS,KoAct 미국뇌질환치료제액티브,K553N9ED6821,해외주식,업종섹터,,,,,,,Y,Y,2,-0.178022772456,2.14365468504,-0.024775913739,4.911478002168,-13.360059530988,-14.089559551794,-11.075243065269,,0.5,0.61,1.2652,8865,60,0.6814310051107325,61.85929453,2441,0.21503092,-0.392945036215,삼성액티브자산운용,Solactive 미국뇌질환치료제 지수,액티브,배당소득세(보유기간과세),20240903,,,,,,,,,,BIOGEN,19.21373308252123,ELI LILLY & CO,7.591692895923201,Vertex Pharmaceuticals Inc,7.010174110186164,PTC Therapeutics Inc,4.854932118575807,JAZZ PHARMACEUTICALS PLC,4.680703786180252,2026-05-07 11:19:49,9월 6일 국내 ETF 1020개 데이터.xlsx / 국내 월배당 ETF 총정리.xlsx / 9월 1주 국내 월배당 ETF 분배금 지급현황.xlsx
463250,463250.KS,TIGER K방산&우주,K55301E34424,국내주식,업종섹터,,,,,,,Y,Y,2,-1.330280161583,2.14357045384,-6.598106293622,17.800991252295,67.393970463498,138.622410648277,180.647139013969,,0.45,0.51,0.6281,29390,-305,-1.0271089408991412,2951.23212107,257620,75.80949506,-0.065066485629,미래에셋운용,iSelect 스페이스테크 지수,패시브,비과세,20230725,,,,,,,,,,한화에어로스페이스,21.724145581974987,현대로템,20.976810317927207,한국항공우주,19.79441350788848,LIG넥스원,16.624340260737494,한화시스템,11.121527578502237,2026-05-07 11:19:49,9월 6일 국내 ETF 1020개 데이터.xlsx / 국내 월배당 ETF 총정리.xlsx / 9월 1주 국내 월배당 ETF 분배금 지급현황.xlsx
454320,454320.KS,HANARO CAPEX설비투자iSelect,K55232E17012,국내주식,업종섹터,,,,,,,Y,Y,2,1.55506994968,2.134282386988,-2.721175147326,26.886673396794,54.962711417587,80.765726079319,104.657546394128,,0.45,0.52,0.5377,25300,325,1.3013013013013013,747.45155513,13595,3.43226537,-0.07053971113,NH-Amundi운용,iSelect CAPEX 설비투자 지수(시장가격),패시브,비과세,20230418,,,,,,,,,,효성중공업,15.378117190894205,두산에너빌리티,9.909129256278261,HD현대일렉트릭,9.803104922220363,LS ELECTRIC,9.55812994231286,두산밥캣,9.007117372488047,2026-05-07 11:19:49,9월 6일 국내 ETF 1020개 데이터.xlsx / 국내 월배당 ETF 총정리.xlsx / 9월 1주 국내 월배당 ETF 분배금 지급현황.xlsx
465350,465350.KS,RISE 2차전지TOP10인버스(합성),K55223E57157,레버리지/인버스,1X 인버스,,,인버스,,,,,,2,1.309620364303,2.107349380573,6.684696129711,-14.545849791786,-0.855976930842,-6.644144839299,22.483975743598,,0.49,0.57,0.5744,34670,235,0.682445186583418,999.06220478,106201,36.72879058,0.009718923516,KB운용,iSelect 2차전지 TOP10 지수(시장가격지수),패시브,배당소득세(보유기간과세),20230912,,,,,,,,,,스왑(메리츠증권)_44F1_250613,3.9881381087659067,설정현금액,0,원화현금,0,스왑(NH투자증권)_44F1_250617,13.579925499604677,스왑(키움증권)_44F1_250722,15.067989025783184,2026-05-07 11:19:49,9월 6일 국내 ETF 1020개 데이터.xlsx / 국내 월배당 ETF 총정리.xlsx / 9월 1주 국내 월배당 ETF 분배금 지급현황.xlsx
0080G0,0080G0.KS,KODEX K방산TOP10,K55105EL4742,국내주식,업종섹터,,,,,,,Y,Y,2,-1.290778931176,2.081606439719,-6.247495802266,,,,,,0.45,0.46,0.4607,10040,-140,-1.37524557956778,1629.96293887,1177141,118.44151061,-0.088774495233,삼성운용,iSelect K방산TOP10 지수 (Price Return),패시브,비과세,20250715,,,,,,,,,,현대로템,21.502106544995947,한화에어로스페이스,19.375933209198056,한국항공우주,19.24684975008882,LIG넥스원,18.467012848770448,한화시스템,10.41984723036234,2026-05-07 11:19:49,9월 6일 국내 ETF 1020개 데이터.xlsx / 국내 월배당 ETF 총정리.xlsx / 9월 1주 국내 월배당 ETF 분배금 지급현황.xlsx
229200,229200.KS,KODEX 코스닥150,K55105B74603,국내주식,시장대표,국내시장지수,코스닥150,,,,,Y,Y,1,1.012990207831,2.030525263643,1.577416246276,11.351957566899,7.25198443442,20.496881022942,12.272311239327,24.93996180247,0.25,0.28,0.3093,13540,145,1.0824934677118327,11165.14281066,3274211,442.13772999,-0.427994637396,삼성운용,코스닥 150 지수,패시브,비과세,20151001,,,,,,,,,,알테오젠,14.040065024523951,펩트론,4.783003461682215,에코프로비엠,3.9089021825094123,에코프로,3.6200129957761833,HLB,3.3724924551283437,2026-05-07 11:19:49,9월 6일 국내 ETF 1020개 데이터.xlsx / 국내 월배당 ETF 총정리.xlsx / 9월 1주 국내 월배당 ETF 분배금 지급현황.xlsx
450910,450910.KS,SOL 코스닥150,K55210DZ4459,국내주식,시장대표,국내시장지수,코스닥150,,,,,Y,Y,2,1.012115112472,2.024259007354,1.565947694707,11.264897250819,7.140276328,20.232916713072,11.977268812649,,0.15,0.2,0.215,13300,145,1.1022424933485366,258.96380061,843,0.11174535,-0.535499293309,신한자산운용,코스닥 150,패시브,비과세,20230131,,,,,,,,,,알테오젠,13.981244527198792,펩트론,4.825531008954254,에코프로비엠,3.9276574350123306,에코프로,3.622498531245325,HLB,3.360211784594822,2026-05-07 11:19:49,9월 6일 국내 ETF 1020개 데이터.xlsx / 국내 월배당 ETF 총정리.xlsx / 9월 1주 국내 월배당 ETF 분배금 지급현황.xlsx
354500,354500.KS,ACE 코스닥150,K55101D41516,국내주식,시장대표,국내시장지수,코스닥150,,,,,Y,Y,1,1.014740889224,2.023599848605,1.573327240974,11.380399135787,7.214516999215,20.417636491793,12.247356356479,25.50684627853,0.02,0.06,0.0731,13590,100,0.7412898443291327,246.48711154,32108,4.35650912,-0.383847302881,한국투자신탁운용,코스닥 150,패시브,비과세,20200507,,,,,,,,,,알테오젠,14.019642165883637,펩트론,4.7878972743848145,에코프로비엠,3.912901643372703,에코프로,3.612532563330828,HLB,3.3671362710706787,2026-05-07 11:19:49,9월 6일 국내 ETF 1020개 데이터.xlsx / 국내 월배당 ETF 총정리.xlsx / 9월 1주 국내 월배당 ETF 분배금 지급현황.xlsx
270810,270810.KS,RISE 코스닥150,K55223BQ7476,국내주식,시장대표,국내시장지수,코스닥150,,,,,Y,Y,1,1.014265466333,2.021131936531,1.557485907903,11.438323588458,7.326956771125,20.537809524622,12.140556302523,24.280120101739,0.18,0.22,0.2345,13455,115,0.8620689655172413,992.3549551,22345,2.9960827,-0.362369584406,KB운용,코스닥 150,패시브,비과세,20170616,,,,,,,,,,알테오젠,13.971547392021092,펩트론,4.761906807649542,에코프로비엠,3.9199156133480355,에코프로,3.6121679999376886,HLB,3.3748571582055655,2026-05-07 11:19:49,9월 6일 국내 ETF 1020개 데이터.xlsx / 국내 월배당 ETF 총정리.xlsx / 9월 1주 국내 월배당 ETF 분배금 지급현황.xlsx
301400,301400.KS,PLUS 코스닥150,K55213C86268,국내주식,시장대표,국내시장지수,코스닥150,,,,,Y,Y,1,1.009499227009,2.010025304109,1.5378420058,11.222132098582,7.200194881966,20.211582142143,11.964411823287,24.782739667704,0.15,0.38,0.3934,13705,135,0.9948415622697127,55.06849585,626,0.0854769,-0.451326858464,한화운용,코스닥 150,패시브,비과세,20180705,,,,,,,,,,알테오젠,14.11253413442373,펩트론,4.805468069081927,에코프로비엠,3.9254508676829767,에코프로,3.632679044416149,HLB,3.3800162950419037,2026-05-07 11:19:49,9월 6일 국내 ETF 1020개 데이터.xlsx / 국내 월배당 ETF 총정리.xlsx / 9월 1주 국내 월배당 ETF 분배금 지급현황.xlsx
304770,304770.KS,HANARO 코스닥150,K55232CC8874,국내주식,시장대표,국내시장지수,코스닥150,,,,,Y,Y,1,1.00796657018,2.008486668916,1.495624099791,11.225189010395,7.090105727621,20.153069254303,11.900403065969,24.606575222793,0.2,0.25,0.2626,13550,125,0.931098696461825,163.42188282,504,0.06807755,-0.387345402236,NH-Amundi운용,코스닥 150,패시브,비과세,20180814,,,,,,,,,,알테오젠,13.95292664576374,펩트론,4.755560319613647,에코프로비엠,3.9146912991086498,에코프로,3.6260447925357244,HLB,3.370359277116629,2026-05-07 11:19:49,9월 6일 국내 ETF 1020개 데이터.xlsx / 국내 월배당 ETF 총정리.xlsx / 9월 1주 국내 월배당 ETF 분배금 지급현황.xlsx
316670,316670.KS,KIWOOM 코스닥150,K55206CJ2971,국내주식,시장대표,국내시장지수,코스닥150,,,,,Y,Y,1,1.000262168523,2.003547353066,1.551643829018,11.199143258059,7.126370328474,20.227248046783,11.986957452251,23.871783751739,0.15,0.24,0.2597,6730,65,0.9752438109527382,160.01709448,19530,1.3117034,-0.60978797601,키움투자운용,코스닥 150,패시브,비과세,20190122,,,,,,,,,,알테오젠,13.93694609582764,펩트론,4.750113686724998,에코프로비엠,3.954142647669173,에코프로,3.6218918150745227,HLB,3.3812000107083446,2026-05-07 11:19:49,9월 6일 국내 ETF 1020개 데이터.xlsx / 국내 월배당 ETF 총정리.xlsx / 9월 1주 국내 월배당 ETF 분배금 지급현황.xlsx
232080,232080.KS,TIGER 코스닥150,K55301B84235,국내주식,시장대표,국내시장지수,코스닥150,,,,,Y,Y,1,0.992472450331,1.997290914554,1.482772577526,11.287880786992,7.125864357528,20.233472150755,12.041522572557,24.691355888113,0.19,0.22,0.2551,13850,135,0.984323733138899,1525.13542231,152775,21.0975627,-0.367254226196,미래에셋운용,코스닥 150,패시브,비과세,20151112,,,,,,,,,,알테오젠,14.086907716368948,펩트론,4.848052719396713,에코프로비엠,3.9378357223867204,에코프로,3.619484859002043,HLB,3.3799865529524693,2026-05-07 11:19:49,9월 6일 국내 ETF 1020개 데이터.xlsx / 국내 월배당 ETF 총정리.xlsx / 9월 1주 국내 월배당 ETF 분배금 지급현황.xlsx
464610,464610.KS,SOL 의료기기소부장Fn,K55210E48559,국내주식,업종섹터,,,,,,,Y,Y,2,2.267329857578,1.988797854887,-3.549025396408,-1.939319973361,19.226479761402,25.144833365696,27.099572608821,,0.45,0.55,0.5907,11870,245,2.10752688172043,177.89082913,43133,5.09510265,0.057053527841,신한자산운용,FnGuide 의료기기소부장지수(PR),패시브,비과세,20230822,,,,,,,,,,파마리서치,14.399313764239553,휴젤,10.905733559070235,클래시스,10.67063990150944,대웅제약,10.482589162051088,원텍,9.83857627778534,2026-05-07 11:19:49,9월 6일 국내 ETF 1020개 데이터.xlsx / 국내 월배당 ETF 총정리.xlsx / 9월 1주 국내 월배당 ETF 분배금 지급현황.xlsx
139230,139230.KS,TIGER 200 중공업,KR5225A18083,국내주식,업종섹터,,,,,,,Y,Y,1,0.418720112172,1.9870768286,2.564389764226,29.780072174252,72.940183613474,112.231168650356,168.232034622748,283.204615818053,0.4,0.44,0.4688,12075,40,0.3323639385126714,3181.31858629,1175604,141.59661612,0.103603654788,미래에셋운용,코스피 200 중공업,패시브,비과세,20110406,,,,,,,,,,두산에너빌리티,19.620434248881757,HD한국조선해양,14.277259177238586,현대로템,10.847868372876132,삼성중공업,10.06304097851561,한화오션,9.833189719805343,2026-05-07 11:19:49,9월 6일 국내 ETF 1020개 데이터.xlsx / 국내 월배당 ETF 총정리.xlsx / 9월 1주 국내 월배당 ETF 분배금 지급현황.xlsx
402460,402460.KS,HANARO Fn K-메타버스MZ,K55232DN6882,국내주식,업종섹터,,,,,,,Y,Y,1,0.236214969545,1.970897367703,2.893015805984,9.649716030402,13.619183222981,20.087045622156,14.149650070522,8.866381528501,0.45,0.62,0.6418,7895,55,0.701530612244898,55.21975436,86,0.00676715,0.006988253816,NH-Amundi운용,FnGuide K-메타버스 MZ 지수(시장가격),패시브,비과세,20211013,,,,,,,,,,삼성전기,13.201179382104018,NAVER,10.171475222936717,LG전자,9.813700463238556,KT,9.359523930817028,SK텔레콤,9.299839327306229,2026-05-07 11:19:49,9월 6일 국내 ETF 1020개 데이터.xlsx / 국내 월배당 ETF 총정리.xlsx / 9월 1주 국내 월배당 ETF 분배금 지급현황.xlsx
497520,497520.KS,ACE 일라이릴리밸류체인,K55101EG1343,해외주식,업종섹터,,,,,,,Y,Y,2,-0.089317562995,1.965635950166,2.556393592626,9.068865678088,-5.065489529894,0.335443283998,,,0.45,0.7,0.7891,10510,-80,-0.7554296506137866,84.9241806,19474,2.05283223,-0.415439026926,한국투자신탁운용,Solactive Eli Lilly Value Chain Index(PR),패시브,배당소득세(보유기간과세),20241119,,,,,,,,,,ELI LILLY & CO,24.55766033067762,Lonza Group AG,9.289979885336999,THERMO FISHER SCIENTIFIC INC,8.50825221156519,United Therapeutics Corp,7.386449866453123,INCYTE CORP,6.996564791021453,2026-05-07 11:19:49,9월 6일 국내 ETF 1020개 데이터.xlsx / 국내 월배당 ETF 총정리.xlsx / 9월 1주 국내 월배당 ETF 분배금 지급현황.xlsx
449450,449450.KS,PLUS K방산,K55213DZ4142,국내주식,업종섹터,,,,,,,Y,Y,2,-2.292313230108,1.921268196079,-5.136959030253,20.572932181758,62.842414030336,163.959465987912,200.84277879185,,0.45,0.51,0.5408,52460,-1085,-2.026332990942198,12265.36341826,1122842,590.08879243,-0.031800143755,한화운용,FnGuide K-방위산업 지수,패시브,비과세,20230105,,,,,,,,,,한화오션,24.67878419656565,현대로템,19.845704034665776,한화에어로스페이스,17.020746625708526,한국항공우주,12.47220869400142,LIG넥스원,12.312216884435887,2026-05-07 11:19:49,9월 6일 국내 ETF 1020개 데이터.xlsx / 국내 월배당 ETF 총정리.xlsx / 9월 1주 국내 월배당 ETF 분배금 지급현황.xlsx
487920,487920.KS,ACE 인도시장대표BIG5그룹액티브,K55101EC1768,해외주식,전략,,,,,,,Y,Y,2,-0.521646151002,1.812750315795,1.315993280034,0.53641649661,4.701846582339,-8.925042708038,,,0.45,0.73,1.1071,8480,-100,-1.1655011655011656,102.04014817,4138,0.3529549,-0.217144325283,한국투자신탁운용,Indxx India Big 5 Conglomerates Index (Price Return),액티브,배당소득세(보유기간과세),20240910,,,,,,,,,,Bajaj Auto Ltd,5.854897110890972,Tata Power Co Ltd/The,5.702338601926971,Tata Consultancy Services Ltd,5.43927856648382,UltraTech Cement Ltd,5.388953471993889,Adani Ports & Special Economic Zone Ltd,5.312607838586077,2026-05-07 11:19:49,9월 6일 국내 ETF 1020개 데이터.xlsx / 국내 월배당 ETF 총정리.xlsx / 9월 1주 국내 월배당 ETF 분배금 지급현황.xlsx
477490,477490.KS,에셋플러스 글로벌일등기업포커스10액티브,K55364E79047,해외주식,시장대표,,,,,,,Y,Y,2,0.510194476286,1.796254476156,4.323803789363,13.510281208032,15.174371177994,14.61010188245,53.199869076317,,0.99,1.19,1.3729,17250,290,1.7099056603773586,136.67326943,1108,0.1901604,-0.016790920628,에셋플러스운용,MSCI World 지수 (Price Return),액티브,배당소득세(보유기간과세),20240319,,,,,,,,,,Alphabet Inc. Class C,11.700145415845533,TESLA INC,10.136575067095015,CONTEMPORARY AMPEREX TECHNOLOGY,10.024228070647071,XIAOMI CORP-CLASS B,9.995374838403777,TAIWAN SEMICONDUCTOR-SP ADR,9.763223564679214,2026-05-07 11:19:49,9월 6일 국내 ETF 1020개 데이터.xlsx / 국내 월배당 ETF 총정리.xlsx / 9월 1주 국내 월배당 ETF 분배금 지급현황.xlsx
138540,138540.KS,TIGER 현대차그룹+펀더멘털,KR5225A04034,국내주식,전략,,,,,,,Y,Y,2,0.692359399475,1.792375484561,7.430147043903,21.839140505738,36.295548358815,40.359660300462,45.017929982749,74.601238240007,0.15,0.21,0.2641,36875,250,0.6825938566552902,877.02960817,31416,11.54988026,-0.06280014159,미래에셋운용,MKF 현대차그룹+ FW,패시브,비과세,20110310,,,,,,,,,,현대차,24.384836805976228,기아,24.11799676314713,현대모비스,15.285199641088804,현대제철,9.419357303765194,현대글로비스,7.738429962116686,2026-05-07 11:19:49,9월 6일 국내 ETF 1020개 데이터.xlsx / 국내 월배당 ETF 총정리.xlsx / 9월 1주 국내 월배당 ETF 분배금 지급현황.xlsx
117680,117680.KS,KODEX 철강,KR5105171510,국내주식,업종섹터,,,,,,,Y,Y,1,0.395907973724,1.789835822845,-3.215286148637,18.254326440474,17.216906224851,31.273868997315,50.757080933436,52.142562685779,0.45,0.47,0.5933,11255,80,0.7158836689038032,307.03393169,22635,2.53585022,0.074548111452,삼성운용,KRX 철강,패시브,비과세,20091030,,,,,,,,,,현대제철,25.575661190593244,POSCO홀딩스,19.106808201822364,풍산,18.25800760899466,고려아연,8.569920128583211,세아베스틸지주,3.0076249473856937,2026-05-07 11:19:49,9월 6일 국내 ETF 1020개 데이터.xlsx / 국내 월배당 ETF 총정리.xlsx / 9월 1주 국내 월배당 ETF 분배금 지급현황.xlsx
0067V0,0067V0.KS,TIGER 차이나글로벌리더스TOP3+,K55301EL0767,해외주식,전략,,,,,,,Y,Y,2,-3.251529087324,1.754371481693,7.10660192543,,,,,,0.49,0.5,0.587,11190,135,1.2211668928086838,599.03107172,297890,33.01047169,-1.695764963141,미래에셋운용,"Solactive-KEDI 차이나글로벌리더스TOP3플러스 지수 (Price Return, CNH)",패시브,배당소득세(보유기간과세),20250617,,,,,,,,,,ALIBABA GROUP HOLDING LTD,22.983686721633063,BYD CO LTD -A,17.450532478291628,XIAOMI CORP-CLASS B,17.135843639293665,BEONE MEDICINES LTD-H,7.026564577155617,JIANGSU HENGLI HYDRAULIC C-A,6.934599413011733,2026-05-07 11:19:49,9월 6일 국내 ETF 1020개 데이터.xlsx / 국내 월배당 ETF 총정리.xlsx / 9월 1주 국내 월배당 ETF 분배금 지급현황.xlsx
105780,105780.KS,RISE 5대그룹주,KR5223884903,국내주식,전략,,,,,,,Y,Y,2,0.556844214289,1.743137531234,4.187147034602,17.203222245011,22.212619951651,26.967809117207,14.343641974116,19.075246322671,0.4,0.46,0.476,7005,75,1.0822510822510822,140.02446842,6827,0.47756955,-0.141358709033,KB운용,MF 5대그룹,패시브,비과세,20081022,,,,,,,,,,삼성전자,10.42965952517428,SK하이닉스,9.985224572900844,현대차,7.342877423640698,기아,6.571027290926484,현대모비스,4.816881279619439,2026-05-07 11:19:49,9월 6일 국내 ETF 1020개 데이터.xlsx / 국내 월배당 ETF 총정리.xlsx / 9월 1주 국내 월배당 ETF 분배금 지급현황.xlsx
412560,412560.KS,TIGER BBIG레버리지,K55301DN9403,레버리지/인버스,2X 레버리지,,,레버리지,,,,,,1,-0.468773560639,1.730679443535,2.596630780132,28.806662304717,11.644230864898,27.305885823198,8.970094828382,-41.179476964528,0.59,0.66,1.364,2245,-10,-0.4434589800443459,16.83187921,2859,0.06387765,-0.178687434154,미래에셋운용,KRX BBIG K-뉴딜지수,패시브,배당소득세(보유기간과세),20211215,,,,,,,,,,섹터지수 BBIG           F 202509,51.137565896331836,TIGER BBIG,8.627506962408809,넷마블,4.6859563838030915,카카오,4.073074848314739,알테오젠,3.7799751694037536,2026-05-07 11:19:49,9월 6일 국내 ETF 1020개 데이터.xlsx / 국내 월배당 ETF 총정리.xlsx / 9월 1주 국내 월배당 ETF 분배금 지급현황.xlsx
0004G0,0004G0.KS,1Q 미국배당TOP30,K55102EG6572,해외주식,전략,,,"월배당, 배당",Y,Y,Y,Y,Y,2,0.887406652441,1.727253706686,4.858792273009,8.077000635504,-2.65725827898,,,,0.1,0.1,0.1,9395,115,1.2392241379310345,46.91901565,9477,0.88957248,-0.061297834773,하나운용,Solactive U.S. Dividend 30 Index PR,패시브,배당소득세(보유기간과세),20250121,해외주식,0.1295,20250827,20250829,12,1.5589,145,6,Y,ENERGIZER HOLDINGS INC,6.198523894179286,ALTRIA GROUP INC,5.565880847580895,NEXSTAR MEDIA GROUP INC,5.430210188731667,ABBVIE INC,5.366764965315948,PEPSICO INC,5.334171544034955,2026-05-07 11:19:49,9월 6일 국내 ETF 1020개 데이터.xlsx / 국내 월배당 ETF 총정리.xlsx / 9월 1주 국내 월배당 ETF 분배금 지급현황.xlsx
364690,364690.KS,KODEX 혁신기술테마액티브,K55105D92619,국내주식,시장대표,,,,,,,Y,Y,2,0.332905756358,1.694976597396,0.946960694471,14.209219055433,24.561469316492,35.25335264683,30.946337952029,59.816574452204,0.3,0.32,0.3403,16940,115,0.6835066864784547,101.82107944,1188,0.2012222,-0.21758964252,삼성운용,KOSPI 지수,액티브,배당소득세(보유기간과세),20200929,,,,,,,,,,삼성전자,13.828934692169181,한화에어로스페이스,8.65599492719457,SK하이닉스,6.820002117356153,삼성바이오로직스,6.364334037707401,NAVER,5.682217606920669,2026-05-07 11:19:49,9월 6일 국내 ETF 1020개 데이터.xlsx / 국내 월배당 ETF 총정리.xlsx / 9월 1주 국내 월배당 ETF 분배금 지급현황.xlsx
470310,470310.KS,UNICORN 생성형AI강소기업액티브,K55373E72456,국내주식,업종섹터,국내주식테마/섹터,AI&로봇,미국/테크,,,,Y,Y,2,0.688984918724,1.693311006722,0.883558531773,12.871826464948,12.68781950639,20.769353528878,21.793929825925,,0.5,0.67,0.6788,8710,90,1.0440835266821347,21.75674298,877,0.07629355,0.070502879721,현대자산운용,iSelect AI 지수,액티브,배당소득세(보유기간과세),20231121,,,,,,,,,,더존비즈온,11.224734379471439,SK하이닉스,9.813240834747486,NAVER,9.539574881586944,이수페타시스,7.492573804745596,지엔씨에너지,6.945824166409962,2026-05-07 11:19:49,9월 6일 국내 ETF 1020개 데이터.xlsx / 국내 월배당 ETF 총정리.xlsx / 9월 1주 국내 월배당 ETF 분배금 지급현황.xlsx
396510,396510.KS,TIGER 차이나클린에너지SOLACTIVE,K55301DL2350,해외주식,업종섹터,해외주식테마/섹터,에너지&화학&원유,,,,,Y,Y,1,0.164869093021,1.686649908538,12.245791523314,21.782714963862,4.58034440172,2.563800845348,20.484248202584,-35.431793062672,0.49,0.6,0.6476,6825,320,4.919292851652575,177.81046395,29190,1.96370285,-1.090808163328,미래에셋운용,Solactive China Clean Energy 지수(Net Total Return),패시브,배당소득세(보유기간과세),20210810,,,,,,,,,,SUNGROW POWER SUPPLY CO LT-A,11.472260175941965,NAURA TECHNOLOGY GROUP CO-A,8.576656131075636,LONGI GREEN ENERGY TECHNOL-A,7.845470259018065,CHINA YANGTZE POWER CO LTD-A,6.996511426813745,NARI TECHNOLOGY CO LTD-A,5.616081562032992,2026-05-07 11:19:49,9월 6일 국내 ETF 1020개 데이터.xlsx / 국내 월배당 ETF 총정리.xlsx / 9월 1주 국내 월배당 ETF 분배금 지급현황.xlsx
203780,203780.KS,TIGER 미국나스닥바이오,KR5301AT7943,해외주식,업종섹터,해외주식테마/섹터,바이오 & 헬스케어,미국/테크,,,,Y,Y,2,-0.4090605373,1.677040819222,4.207793677556,16.335753072732,2.490922858215,4.665027428311,3.37572542753,24.4501554241,0.3,0.61,0.7136,24370,-35,-0.14341323499282935,612.60550636,20406,4.96618159,-0.155675685967,미래에셋운용,NASDAQ Biotechnology,패시브,배당소득세(해외주식투자전용ETF),20140827,,,,,,,,,,GILEAD SCIENCES INC,7.092654594418732,AMGEN INC,6.806085206788708,VERTEX PHARMACEUTICALS INC,6.198784101488375,REGENERON PHARMACEUTICALS,5.9231395864822485,ALNYLAM PHARMACEUTICALS INC,5.074261989696123,2026-05-07 11:19:49,9월 6일 국내 ETF 1020개 데이터.xlsx / 국내 월배당 ETF 총정리.xlsx / 9월 1주 국내 월배당 ETF 분배금 지급현황.xlsx
0000J0,0000J0.KS,PLUS 한화그룹주,K55213EG3153,국내주식,전략,,,,,,,Y,Y,2,-1.374416906111,1.669132256801,-3.122912248879,14.505422839623,43.181160468627,133.545477453416,,,0.19,0.23,0.2474,25325,-310,-1.209284181782719,1658.35635903,105242,26.66825609,-0.074834014658,한화운용,FnGuide 한화그룹주 지수,패시브,비과세,20241224,,,,,,,,,,한화오션,26.494571495642592,한화에어로스페이스,18.298480464035777,한화시스템,13.452423372463189,한화솔루션,10.887787742936492,한화엔진,8.695365974246062,2026-05-07 11:19:49,9월 6일 국내 ETF 1020개 데이터.xlsx / 국내 월배당 ETF 총정리.xlsx / 9월 1주 국내 월배당 ETF 분배금 지급현황.xlsx
490480,490480.KS,SOL K방산,K55210EE0741,국내주식,업종섹터,,,,,,,Y,Y,2,-1.836693172781,1.667237186744,-4.577168224478,20.181385769971,50.518133469746,117.956664656218,,,0.45,0.52,0.5629,25225,-375,-1.46484375,868.90802787,122709,30.96659965,-0.054630466772,신한자산운용,KEDI K방산 지수(PR),패시브,비과세,20241002,,,,,,,,,,한화에어로스페이스,24.885176092937034,한화오션,18.40170295827905,한국항공우주,13.87144803354172,현대로템,12.972229828920211,LIG넥스원,11.087058879271286,2026-05-07 11:19:49,9월 6일 국내 ETF 1020개 데이터.xlsx / 국내 월배당 ETF 총정리.xlsx / 9월 1주 국내 월배당 ETF 분배금 지급현황.xlsx
457990,457990.KS,PLUS 태양광&ESS,K55213E13359,국내주식,업종섹터,,,,,,,Y,Y,2,1.170236512511,1.642516660883,-6.303495801955,9.872391097081,46.009664443786,85.193296825219,82.158716913282,,0.45,0.53,0.5738,16485,250,1.539882968894364,560.92502873,228583,37.62631224,-0.095538921983,한화운용,FnGuide 태양광 & ESS 지수,패시브,비과세,20230620,,,,,,,,,,LS ELECTRIC,21.722736466623946,한화,17.626690363661602,한화솔루션,11.584207120732854,삼성SDI,11.362115320709817,LG에너지솔루션,11.333937937711703,2026-05-07 11:19:49,9월 6일 국내 ETF 1020개 데이터.xlsx / 국내 월배당 ETF 총정리.xlsx / 9월 1주 국내 월배당 ETF 분배금 지급현황.xlsx
138520,138520.KS,TIGER 삼성그룹펀더멘털,KR5225A01840,국내주식,전략,,,,,,,Y,Y,2,0.030814719894,1.636068799641,4.144470511591,14.705583710876,33.00106178871,38.227309824362,17.239617489863,47.97905734473,0.15,0.2,0.213,14130,45,0.3194888178913738,2250.88396026,26542,3.7467482,-0.066053395631,미래에셋운용,MKF SAMs FW,패시브,비과세,20110307,,,,,,,,,,삼성전자,26.035247002866313,삼성물산,13.419214768065272,삼성화재,10.979513071212963,삼성생명,9.98435658196395,삼성SDI,9.960475677673234,2026-05-07 11:19:49,9월 6일 국내 ETF 1020개 데이터.xlsx / 국내 월배당 ETF 총정리.xlsx / 9월 1주 국내 월배당 ETF 분배금 지급현황.xlsx
102780,102780.KS,KODEX 삼성그룹,KR5105834570,국내주식,전략,,,,,,,Y,Y,2,0.14438580772,1.602641114112,3.345813944394,13.801928913154,25.287423298645,33.226702177712,14.604360222456,32.562214919041,0.25,0.29,0.3129,10415,50,0.482392667631452,14518.70325122,345723,35.96828427,-0.081754809386,삼성운용,Samsung Group Index,패시브,비과세,20080521,,,,,,,,,,삼성전자,25.972164987454303,삼성바이오로직스,11.661695713449232,삼성물산,10.094054611729796,삼성화재,8.817457243291651,삼성중공업,8.763298479455486,2026-05-07 11:19:49,9월 6일 국내 ETF 1020개 데이터.xlsx / 국내 월배당 ETF 총정리.xlsx / 9월 1주 국내 월배당 ETF 분배금 지급현황.xlsx
401170,401170.KS,RISE 메타버스,K55223DN5018,국내주식,업종섹터,,,,,,,Y,Y,1,0.270668317505,1.594323275382,5.454029241957,11.229870225488,16.788214222524,28.227823849115,27.65352925222,-1.993743378291,0.45,0.52,0.5346,7080,-10,-0.14104372355430184,1078.32298401,11886,0.84287135,0.154264658941,KB운용,iSelect 메타버스 지수(시장가격지수),패시브,비과세,20211013,,,,,,,,,,삼성전기,12.76678172704844,LG디스플레이,10.658616800495077,카카오,10.591634134034777,NAVER,10.234178558212989,하이브,8.910984644910716,2026-05-07 11:19:49,9월 6일 국내 ETF 1020개 데이터.xlsx / 국내 월배당 ETF 총정리.xlsx / 9월 1주 국내 월배당 ETF 분배금 지급현황.xlsx
271050,271050.KS,KODEX WTI원유선물인버스(H),K55105BP4345,레버리지/인버스,1X 인버스,,,인버스,,,,,,1,0.813923219001,1.5701182959,2.641263687168,-8.301274100801,-4.994673096333,-2.326553357481,-10.943546638575,-14.109556055914,0.35,0.4,0.721,4080,15,0.36900369003690037,248.04915476,88711,3.6147804,-0.072737290312,삼성운용,S&P GSCI Crude Oil Index Excess Return,패시브,배당소득세(보유기간과세),20170613,,,,,,,,,,PROSHRE U/S BLOOMBERG CRUDE OIL,6.473358954557946,설정현금액,0,2025-09 달러선물,0,원화현금,0,Crude Oil 2025 10,93.52664104544205,2026-05-07 11:19:49,9월 6일 국내 ETF 1020개 데이터.xlsx / 국내 월배당 ETF 총정리.xlsx / 9월 1주 국내 월배당 ETF 분배금 지급현황.xlsx
0079X0,0079X0.KS,ACE BYD밸류체인액티브,K55101EJ7669,해외주식,업종섹터,,,,,,,Y,Y,2,-1.763206266768,1.550483262394,15.214742568078,,,,,,0.45,0.49,0.5564,11925,290,2.4924795874516543,214.64838281,926222,109.28365707,0.568135802205,한국투자신탁운용,Bloomberg BYD Plus Top Supply Chain Select Price Return Index,액티브,배당소득세(보유기간과세),20250715,,,,,,,,,,BYD,22.554507344915745,BYD ELECTRONIC INTL CO LTD,14.994885995814457,국고02625-3003(25-3),6.409962825059293,(선)WUXI LEAD INTELLIGENT EQUI-A,4.621540050333003,Huayu Automotive Systems Co Ltd,4.54889559703915,2026-05-07 11:19:49,9월 6일 국내 ETF 1020개 데이터.xlsx / 국내 월배당 ETF 총정리.xlsx / 9월 1주 국내 월배당 ETF 분배금 지급현황.xlsx
131890,131890.KS,ACE 삼성그룹동일가중,KR5101299273,국내주식,전략,,,,,,,Y,Y,2,0.377693684982,1.536124804112,4.165049404768,14.512959187593,30.918090058104,39.303640345272,25.012146172177,59.268513268579,0.15,0.22,0.2632,22185,155,0.7035860190649115,110.970112,460,0.1019122,-0.13213233986,한국투자신탁운용,MKF SAMs EW Index,패시브,비과세,20100917,,,,,,,,,,삼성전기,7.3045400111073455,삼성생명,6.856611900779014,삼성물산,6.828779448122004,삼성에스디에스,6.7508666978199905,호텔신라,6.719524049750584,2026-05-07 11:19:49,9월 6일 국내 ETF 1020개 데이터.xlsx / 국내 월배당 ETF 총정리.xlsx / 9월 1주 국내 월배당 ETF 분배금 지급현황.xlsx
217770,217770.KS,TIGER 원유선물인버스(H),K55301B17565,레버리지/인버스,1X 인버스,,,인버스,,,,,,1,0.827051886336,1.524118424682,2.390964796329,-8.614421363899,-6.017495739862,-3.734636393092,-12.314335690946,-19.871275747005,0.69,0.75,1.0029,2650,10,0.3787878787878788,73.97086159,14516,0.38386618,-0.06352732719,미래에셋운용,S&P GSCI Crude Oil Index (Excess Return),패시브,배당소득세(보유기간과세),20150429,,,,,,,,,,PROSHARES ULTRASHORT BLOOMBE,9.90563823294681,설정현금액,0,미달러선물25년09월물,0,원화현금,0,CRUDE OIL FUT NYMX OCT 2025,90.09436176705319,2026-05-07 11:19:49,9월 6일 국내 ETF 1020개 데이터.xlsx / 국내 월배당 ETF 총정리.xlsx / 9월 1주 국내 월배당 ETF 분배금 지급현황.xlsx
476690,476690.KS,TIGER 글로벌비만치료제TOP2Plus,K55301E88149,해외주식,업종섹터,,,월배당,Y,Y,Y,Y,Y,2,0.129782853247,1.518170604456,5.121100060335,0.527809952014,-16.008198752543,-8.259501735672,-22.05438019807,,0.45,0.54,0.6638,8885,25,0.28216704288939054,639.37259722,85563,7.59212116,0.129502884886,미래에셋운용,Indxx Global Obesity Treatment Top 2 Plus 지수 (시장가격),패시브,배당소득세(보유기간과세),20240229,해외주식,0.1706,20250827,20250829,15,2.0409,181,12,Y,ELI LILLY & CO,24.700548044252937,NOVO-NORDISK A/S-SPONS ADR,19.030097326906397,ABBVIE INC,12.873689178527414,ROCHE HOLDING AG-BR,9.198141522863708,ASTRAZENECA PLC-SPONS ADR,8.747206485209862,2026-05-07 11:19:49,9월 6일 국내 ETF 1020개 데이터.xlsx / 국내 월배당 ETF 총정리.xlsx / 9월 1주 국내 월배당 ETF 분배금 지급현황.xlsx
307520,307520.KS,TIGER 지주회사,K55301CC2063,국내주식,업종섹터,,,,,,,Y,Y,2,1.562279120418,1.515454989735,1.186540346395,2.542887743764,42.835764887824,48.736498253668,44.135004697319,55.857770105633,0.5,0.55,0.5586,13905,210,1.5334063526834611,1874.65270032,457686,63.55517211,-0.054423821808,미래에셋운용,FnGuide 지주회사 지수,패시브,비과세,20181108,,,,,,,,,,SK,8.737656948550653,삼성물산,8.641922379315384,HD현대,8.270941809422732,LG,8.103242259353333,두산,7.659932144387271,2026-05-07 11:19:49,9월 6일 국내 ETF 1020개 데이터.xlsx / 국내 월배당 ETF 총정리.xlsx / 9월 1주 국내 월배당 ETF 분배금 지급현황.xlsx
485810,485810.KS,TIMEFOLIO 글로벌안티에이징바이오액티브,K553J1EB9138,해외주식,업종섹터,,,,,,,Y,Y,2,0.584262448331,1.515153320079,3.673208196316,4.874059616007,-8.749987953575,-5.916461406486,-15.279768875775,,0.8,1.18,1.4987,8495,50,0.5920663114268798,68.17374059,4462,0.37852177,0.115066813761,타임폴리오자산운용,KEDI 글로벌 불로장생바이오 지수(원화환산),액티브,배당소득세(보유기간과세),20240702,,,,,,,,,,ELI LILLY & CO,18.461470582533252,ALNYLAM PHARMACEUTICALS INC,4.627383622814868,에이비엘바이오,4.118408257585368,BIOGEN INC,3.7797519538528976,ABBVIE INC,3.6046894156198617,2026-05-07 11:19:49,9월 6일 국내 ETF 1020개 데이터.xlsx / 국내 월배당 ETF 총정리.xlsx / 9월 1주 국내 월배당 ETF 분배금 지급현황.xlsx
469790,469790.KS,KIWOOM K-테크TOP10,K55206E61196,국내주식,업종섹터,,,미국/테크,,,,Y,Y,2,0.718690319372,1.506452563814,1.989402728639,16.89098234694,21.908373940392,29.383006485194,23.195472502572,,0.39,1.03,1.0666,12700,175,1.3972055888223553,88.71130136,9955,1.2644661,-0.032622309864,키움투자운용,Solactive K-TechTop10 Index(PR),패시브,비과세,20231031,,,,,,,,,,SK하이닉스,21.16549408111486,삼성전자,20.328798664024205,NAVER,17.53643262956984,카카오,9.652966125630416,SK스퀘어,7.203099031035659,2026-05-07 11:19:49,9월 6일 국내 ETF 1020개 데이터.xlsx / 국내 월배당 ETF 총정리.xlsx / 9월 1주 국내 월배당 ETF 분배금 지급현황.xlsx
360150,360150.KS,KODEX 코스닥150롱코스피200숏선물,K55105D60640,국내주식,전략,,,,,,,Y,,2,0.458131623946,1.503595287378,1.043053895797,-3.547912372425,-17.7839710457,-12.894593675978,-11.265593058818,-5.161298453409,0.64,0.68,0.8844,8270,35,0.42501517911353975,74.4996836,7086,0.5855069,0.100012297769,삼성운용,KOSDAQ 150 롱 100% KOSPI 200 숏 100% 선물지수,패시브,배당소득세(보유기간과세),20200821,,,,,,,,,,2025-09 코스닥150선물,37.412876640822674,KODEX 코스닥150,12.624078344733018,KODEX 인버스,3.5153069205666316,설정현금액,0,원화현금,0,2026-05-07 11:19:49,9월 6일 국내 ETF 1020개 데이터.xlsx / 국내 월배당 ETF 총정리.xlsx / 9월 1주 국내 월배당 ETF 분배금 지급현황.xlsx
488210,488210.KS,KIWOOM K-반도체북미공급망,K55206ED2215,국내주식,업종섹터,,,,,,,Y,Y,2,1.094333654836,1.492437185248,4.277001653048,8.893602115012,10.950641126171,17.5724720322,22.161766274447,,0.49,0.88,0.9537,9055,90,1.003904071388734,31.77034939,10862,0.99033761,-0.213021495267,키움투자운용,Solactive K-Semiconductor North America Supply Chain Index,패시브,비과세,20240723,,,,,,,,,,SK하이닉스,24.248923378156817,HPSP,17.35457686228638,ISC,10.429159202764598,티씨케이,10.28042960736148,에스에프에이,6.384358911644995,2026-05-07 11:19:49,9월 6일 국내 ETF 1020개 데이터.xlsx / 국내 월배당 ETF 총정리.xlsx / 9월 1주 국내 월배당 ETF 분배금 지급현황.xlsx
461580,461580.KS,TIGER 코스닥글로벌,K55301E34366,국내주식,시장대표,,,,,,,Y,Y,2,0.674725892581,1.483267469063,2.568315813675,16.54275395429,15.066938944305,33.779293279404,24.818110403192,,0.15,0.19,0.2324,13615,165,1.2267657992565055,74.84288862,759,0.1029738,-0.260503793671,미래에셋운용,코스닥 글로벌 지수,패시브,비과세,20230629,,,,,,,,,,알테오젠,27.095373709217338,에코프로비엠,7.77939275897779,에코프로,7.177342694692688,리가켐바이오,5.609682317981914,파마리서치,5.546136551915486,2026-05-07 11:19:49,9월 6일 국내 ETF 1020개 데이터.xlsx / 국내 월배당 ETF 총정리.xlsx / 9월 1주 국내 월배당 ETF 분배금 지급현황.xlsx
0086B0,0086B0.KS,TIGER 리츠부동산인프라TOP10액티브,K55301EL4868,부동산,,,,"월배당, 리츠/부동산",Y,Y,,Y,Y,2,0.314790874952,1.481834147506,0.964343940242,,,,,,0.06,0.06,0.0605,10275,55,0.538160469667319,1027.3957282,434898,44.50746629,-0.098085848179,미래에셋운용,KEDI 리츠부동산인프라TOP10지수 (Price Return,액티브,배당소득세(분리과세부동산ETF),20250729,,,,,,,,,,맥쿼리인프라,28.544260737285207,ESR켄달스퀘어리츠,13.285808495779861,SK리츠,12.943051450048559,신한알파리츠,12.000168338692662,롯데리츠,11.121363042594114,2026-05-07 11:19:49,9월 6일 국내 ETF 1020개 데이터.xlsx / 국내 월배당 ETF 총정리.xlsx / 9월 1주 국내 월배당 ETF 분배금 지급현황.xlsx
334690,334690.KS,RISE 팔라듐선물(H),K55223CV8484,원자재,금속,,,원자재,,,,Y,,1,-3.322155771356,1.467074721547,-6.252357016418,11.29129499546,15.903707831929,20.512455883534,16.702485029384,-50.837698129202,0.6,1.06,1.1864,5600,-85,-1.4951627088830255,41.94897203,9133,0.51138586,-0.000614457538,KB운용,S&P GSCI Palladium Excess Return Index,패시브,배당소득세(보유기간과세),20190924,,,,,,,,,,PALLADIUM FUTURE DEC25,69.36071893485594,ABRDN PHYSICAL PALLADIUM SHS,17.533981974876642,RISE 머니마켓액티브,13.105299090267424,설정현금액,0,미달러선물25년09월물,0,2026-05-07 11:19:49,9월 6일 국내 ETF 1020개 데이터.xlsx / 국내 월배당 ETF 총정리.xlsx / 9월 1주 국내 월배당 ETF 분배금 지급현황.xlsx
465580,465580.KS,ACE 미국빅테크TOP7 Plus,K55101E52479,해외주식,업종섹터,,,미국/테크,,,,Y,Y,2,1.195724719193,1.458687880851,5.580810224394,18.725924233118,19.22340080657,8.19817986553,45.282382231389,,0.3,0.37,0.4739,20275,365,1.8332496233048718,7616.96946668,2134156,432.29564067,0.079716450284,한국투자신탁운용,Solactive US Big Tech Top 7 Plus Price Return Index,패시브,배당소득세(보유기간과세),20230912,,,,,,,,,,ALPHABET INC-CL A,18.038714412551847,APPLE Inc,15.585648309382407,NVIDIA Corp,14.48701076029468,Amazon.com Inc,14.044118982588634,MICROSOFT,13.832274791328503,2026-05-07 11:19:49,9월 6일 국내 ETF 1020개 데이터.xlsx / 국내 월배당 ETF 총정리.xlsx / 9월 1주 국내 월배당 ETF 분배금 지급현황.xlsx
461450,461450.KS,KODEX 코스닥글로벌,K55105E22598,국내주식,시장대표,,,,,,,Y,Y,2,0.66742937155,1.438335944774,2.564824735956,16.376949910857,15.056256948946,33.7264962894,24.78938894626,,0.09,0.13,0.1759,13305,150,1.1402508551881414,133.07993239,1370,0.18196525,-0.37135418105,삼성운용,코스닥 글로벌 지수,패시브,비과세,20230629,,,,,,,,,,알테오젠,27.066464960613203,에코프로비엠,7.764082577445255,에코프로,7.1679716685792485,파마리서치,5.656244770445921,리가켐바이오,5.596681421175148,2026-05-07 11:19:49,9월 6일 국내 ETF 1020개 데이터.xlsx / 국내 월배당 ETF 총정리.xlsx / 9월 1주 국내 월배당 ETF 분배금 지급현황.xlsx
0083S0,0083S0.KS,1Q 미국메디컬AI,K55102EM4231,해외주식,업종섹터,,,미국/테크,,,,Y,Y,2,0.846946957873,1.437309335545,6.715791418539,,,,,,0.49,0.49,0.49,10645,100,0.948316737790422,350.69445784,111028,11.82229066,0.099049038992,하나운용,KEDI 미국메디컬AI 지수,패시브,배당소득세(보유기간과세),20250722,,,,,,,,,,TEMPUS AI INC,28.240756773452706,RECURSION PHARMACEUTICALS-A,12.914651259245115,ALPHABET INC - CL A,8.621892057511928,INTUITIVE SURGICAL INC,8.274826607987361,NOVARTIS AG-ADR,6.515938533872297,2026-05-07 11:19:49,9월 6일 국내 ETF 1020개 데이터.xlsx / 국내 월배당 ETF 총정리.xlsx / 9월 1주 국내 월배당 ETF 분배금 지급현황.xlsx
329200,329200.KS,TIGER 리츠부동산인프라,K55301CS7395,부동산,,,,"월배당, 리츠/부동산",Y,Y,Y,Y,Y,3,0.457097777167,1.434063758523,2.526981592317,3.950489130682,4.888298792497,12.791158384947,0.539598997114,0.464746685516,0.08,0.12,0.1691,4325,25,0.5813953488372093,7524.67756213,2394465,103.24690827,-0.056923518394,미래에셋운용,FnGuide 부동산인프라고배당 지수,패시브,비과세,20190719,부동산,0.7756,20250827,20250829,33,8.0282,346,12,Y,맥쿼리인프라,16.447400193533028,SK리츠,12.250046020124321,롯데리츠,9.839773071789612,ESR켄달스퀘어리츠,9.585206529784422,KB발해인프라,9.336003922799472,2026-05-07 11:19:49,9월 6일 국내 ETF 1020개 데이터.xlsx / 국내 월배당 ETF 총정리.xlsx / 9월 1주 국내 월배당 ETF 분배금 지급현황.xlsx
464930,464930.KS,TIGER 글로벌혁신블루칩TOP10,K55301E40066,해외주식,업종섹터,,,,,,,Y,Y,2,0.351404963023,1.419494299886,5.174782198958,12.582573388802,7.625050911998,4.833887364709,27.557249649119,,0.49,0.57,0.6346,16945,295,1.7717717717717718,1302.45789903,18936,3.19795076,-0.179904185673,미래에셋운용,Mirae Asset Global Innovative Bluechip Top 10 Index(Net Total Return),패시브,배당소득세(보유기간과세),20230829,,,,,,,,,,NVIDIA CORP,12.378571218978587,TAIWAN SEMICONDUCTOR-SP ADR,11.847706457024804,ALPHABET INC-CL A,11.810328779037146,CONTEMPORARY AMPEREX TECHN-A,11.352145157643085,MICROSOFT CORP,10.451178826577676,2026-05-07 11:19:49,9월 6일 국내 ETF 1020개 데이터.xlsx / 국내 월배당 ETF 총정리.xlsx / 9월 1주 국내 월배당 ETF 분배금 지급현황.xlsx
377990,377990.KS,TIGER Fn신재생에너지,K55301DE7374,국내주식,업종섹터,국내주식테마/섹터,에너지&화학,,,,,Y,Y,1,1.893329988594,1.391614385333,-3.982791226539,24.480135908009,54.980742772168,79.595969272369,86.265168156921,41.645779601901,0.5,0.56,0.638,14020,260,1.8895348837209303,555.12399515,52556,7.35014356,-0.01624404453,미래에셋운용,FnGuide 신생에너지 지수,패시브,비과세,20210305,,,,,,,,,,효성중공업,15.790905527714234,두산에너빌리티,10.152735208110153,HD현대일렉트릭,10.016435065920748,LS ELECTRIC,9.797588585488866,산일전기,7.450663255982001,2026-05-07 11:19:49,9월 6일 국내 ETF 1020개 데이터.xlsx / 국내 월배당 ETF 총정리.xlsx / 9월 1주 국내 월배당 ETF 분배금 지급현황.xlsx
466930,466930.KS,SOL 자동차TOP3플러스,K55210E57717,국내주식,업종섹터,,,,,,,Y,Y,2,-0.217367323206,1.371324943395,7.150030018454,19.360069256884,19.848787728426,16.85128007457,16.401063166748,,0.45,0.51,0.5223,11925,-15,-0.12562814070351758,638.78507746,55051,6.55971742,-0.07403345417,신한자산운용,FnGuide 자동차TOP3플러스지수(PR),패시브,비과세,20231005,,,,,,,,,,현대모비스,24.832521126465682,기아,24.65498957069484,현대차,24.623660472617637,삼성전기,8.113225785929586,LG전자,6.772845696258633,2026-05-07 11:19:49,9월 6일 국내 ETF 1020개 데이터.xlsx / 국내 월배당 ETF 총정리.xlsx / 9월 1주 국내 월배당 ETF 분배금 지급현황.xlsx
404120,404120.KS,TIMEFOLIO K신재생에너지액티브,K553J1DO1974,국내주식,전략,,,,,,,Y,Y,1,0.880156919705,1.369178649945,1.111840521927,10.738006002878,24.752680937092,37.042536167768,24.479526402098,69.766555491906,0.8,1.1,1.4403,14770,120,0.8191126279863481,118.65974778,1462,0.21565995,-0.127832296424,타임폴리오자산운용,KRX 기후변화 솔루션지수,액티브,배당소득세(보유기간과세),20211029,,,,,,,,,,HD한국조선해양,8.669561017188775,LS마린솔루션,7.386589250545554,삼성SDI,6.933594415405714,대한유화,5.8002513282455705,산일전기,5.574294902239914,2026-05-07 11:19:49,9월 6일 국내 ETF 1020개 데이터.xlsx / 국내 월배당 ETF 총정리.xlsx / 9월 1주 국내 월배당 ETF 분배금 지급현황.xlsx
253150,253150.KS,PLUS 200선물레버리지,K55213BH1688,레버리지/인버스,2X 레버리지,,,레버리지,,,,,,1,1.087010494497,1.366636653412,0.845710597074,31.718396737241,63.373489077663,82.832982265293,51.924807231727,74.959262085763,0.06,0.11,0.2943,46660,555,1.2037739941438022,116.54884729,434,0.2024732,0.056479557171,한화운용,코스피 200 선물지수,패시브,배당소득세(보유기간과세),20160929,,,,,,,,,,선물2025년09월물,89.96584661001607,PLUS 200TR,4.678219896284402,ACE 레버리지,3.134100065798216,KODEX 레버리지,1.6554574283021297,TIGER 레버리지,0.5663759995991801,2026-05-07 11:19:49,9월 6일 국내 ETF 1020개 데이터.xlsx / 국내 월배당 ETF 총정리.xlsx / 9월 1주 국내 월배당 ETF 분배금 지급현황.xlsx
304780,304780.KS,HANARO 200선물레버리지,K55232CC8882,레버리지/인버스,2X 레버리지,,,레버리지,,,,,,1,1.069513694212,1.363275077096,0.837631954379,31.65562309374,63.300945148291,82.675474534182,51.811640792528,74.357291834611,0.45,0.47,0.5638,27980,330,1.193490054249548,531.61413692,1688,0.4710153,-0.048561583342,NH-Amundi운용,코스피 200 선물지수,패시브,배당소득세(보유기간과세),20180814,,,,,,,,,,선물2025년09월물,84.80931405087945,TIGER 200선물레버리지,9.227361295732882,HANARO 200TR,2.892983870872339,HANARO 200,2.3929758357935054,KIWOOM 200,0.6773649467218185,2026-05-07 11:19:49,9월 6일 국내 ETF 1020개 데이터.xlsx / 국내 월배당 ETF 총정리.xlsx / 9월 1주 국내 월배당 ETF 분배금 지급현황.xlsx
267770,267770.KS,TIGER 200선물레버리지,K55301BO0239,레버리지/인버스,2X 레버리지,,,레버리지,,,,,,1,1.080898585715,1.36282832109,0.796779738678,31.663868470774,63.105497721638,82.481363759793,51.455720091218,73.210777690879,0.022,0.04,0.2351,19210,160,0.8398950131233596,1057.165979,139355,26.75176165,0.033655488224,미래에셋운용,코스피 200 선물지수,패시브,배당소득세(보유기간과세),20170425,,,,,,,,,,선물2025년09월물,84.0774997004603,TIGER 200,12.909228124470213,TIGER 레버리지,1.8851974485712175,RISE 200선물레버리지,1.1280747264982727,설정현금액,0,2026-05-07 11:19:49,9월 6일 국내 ETF 1020개 데이터.xlsx / 국내 월배당 ETF 총정리.xlsx / 9월 1주 국내 월배당 ETF 분배금 지급현황.xlsx
275300,275300.KS,KODEX 우량주,K55105BQ9418,국내주식,전략,,,,,,,Y,Y,2,0.597385520576,1.359171719006,1.608163602394,15.906034397401,26.438338926174,31.201121239457,23.11176504824,46.347846140775,0.3,0.35,0.4527,10655,90,0.8518693800283956,138.80213817,423,0.04514247,-0.169126537994,삼성운용,MSCI KOREA IMI Quality Capped Index,패시브,비과세,20170711,,,,,,,,,,SK하이닉스,20.664540324552604,삼성전자,20.621386397823517,기아,3.6112024977250097,NAVER,3.4862532986280454,한화에어로스페이스,3.265648756671569,2026-05-07 11:19:49,9월 6일 국내 ETF 1020개 데이터.xlsx / 국내 월배당 ETF 총정리.xlsx / 9월 1주 국내 월배당 ETF 분배금 지급현황.xlsx
279540,279540.KS,KODEX 최소변동성,K55105BW6671,국내주식,전략,,,,,,,Y,Y,2,0.550082454422,1.358186226271,2.78456454506,12.476216984981,24.662446847264,28.821683449103,19.952244865428,31.551415506217,0.3,0.35,0.3997,12560,135,1.0865191146881288,75.30626376,191,0.02387155,-0.156668561074,삼성운용,KRX 최소변동성 지수,패시브,비과세,20171017,,,,,,,,,,삼성전자,7.632059971911505,KT&G,5.856591064295175,DB손해보험,4.220136418261784,SK하이닉스,3.9700174389790317,삼성SDI,3.109816683762778,2026-05-07 11:19:49,9월 6일 국내 ETF 1020개 데이터.xlsx / 국내 월배당 ETF 총정리.xlsx / 9월 1주 국내 월배당 ETF 분배금 지급현황.xlsx
252400,252400.KS,RISE 200선물레버리지,K55223BG9631,레버리지/인버스,2X 레버리지,,,레버리지,,,,,,1,1.092627205592,1.355906924503,0.826839738048,31.697172850943,62.948907910229,82.454894913205,51.711424819954,73.163325032905,0.6,0.63,0.8195,23085,175,0.7638585770405937,231.05653881,21172,4.88365742,0.017570031853,KB운용,코스피 200 선물지수,패시브,배당소득세(보유기간과세),20160912,,,,,,,,,,선물2025년09월물,87.76835050167504,RISE 200,9.250165329845622,TIGER 200선물레버리지,2.926689506683255,RISE 200TR,0.05479466179607805,설정현금액,0,2026-05-07 11:19:49,9월 6일 국내 ETF 1020개 데이터.xlsx / 국내 월배당 ETF 총정리.xlsx / 9월 1주 국내 월배당 ETF 분배금 지급현황.xlsx
0080Y0,0080Y0.KS,SOL 조선TOP3플러스레버리지,K55210EL7416,레버리지/인버스,2X 레버리지,,,레버리지,,,,,,1,-0.897280859919,1.355113182628,16.738475707195,,,,,,0.5,0.5,0.5557,17560,-115,-0.6506364922206507,1764.40397844,766791,134.3094877,-0.102851715213,신한자산운용,FnGuide 조선TOP3플러스지수(PR),패시브,배당소득세(보유기간과세),20250715,,,,,,,,,,한화오션,22.756947092960583,HD한국조선해양,19.056783174399886,삼성중공업,18.41324714429543,HD현대중공업,9.444453998773223,HD현대미포,8.291696130530566,2026-05-07 11:19:49,9월 6일 국내 ETF 1020개 데이터.xlsx / 국내 월배당 ETF 총정리.xlsx / 9월 1주 국내 월배당 ETF 분배금 지급현황.xlsx
480020,480020.KS,ACE 미국빅테크7+데일리타겟커버드콜(합성),K55101E97763,해외주식,전략,,,"월배당, 커버드콜, 미국/테크",Y,Y,Y,Y,Y,2,1.195305143209,1.349183811537,5.326680174349,20.396220798108,16.55725103317,4.603012747679,33.488008276935,,0.45,0.52,0.5391,11705,185,1.6059027777777777,1832.26356271,189854,22.17550812,-0.223075297412,한국투자신탁운용,Bloomberg US Big Tech Top 7 Plus Premium Decrement 15% Distribution Index,패시브,배당소득세(보유기간과세),20240423,해외주식,1.268,20250812,20250814,145,14.7842,1705,12,Y,스왑(키움증권),74.29239147013811,스왑(한국투자증권),25.707608529861893,설정현금액,0,원화현금,0,,,2026-05-07 11:19:49,9월 6일 국내 ETF 1020개 데이터.xlsx / 국내 월배당 ETF 총정리.xlsx / 9월 1주 국내 월배당 ETF 분배금 지급현황.xlsx
253250,253250.KS,KIWOOM 200선물레버리지,K55206BG4567,레버리지/인버스,2X 레버리지,,,레버리지,,,,,,1,1.101230095613,1.344951333506,0.795604859802,31.525609247826,63.184391077614,82.493036533414,51.509794697066,73.166277914919,0.46,0.51,0.7037,22810,190,0.8399646330680813,116.31482631,30909,7.04669557,0.038783776654,키움투자운용,코스피 200 선물지수,패시브,배당소득세(보유기간과세),20160912,,,,,,,,,,선물2025년09월물,100,설정현금액,0,원화현금,0,,,,,2026-05-07 11:19:49,9월 6일 국내 ETF 1020개 데이터.xlsx / 국내 월배당 ETF 총정리.xlsx / 9월 1주 국내 월배당 ETF 분배금 지급현황.xlsx
449680,449680.KS,TIGER 한중전기차(합성),K55301DZ1141,해외주식,업종섹터,해외주식테마/섹터,아시아 전기차 및 2차전지,,,,,Y,Y,2,-0.069418128527,1.332689489119,7.144757690395,17.883379640392,4.459362347011,6.524516088494,18.771415398959,,0.35,0.4,0.4,9025,115,1.2906846240179572,75.98643561,216,0.01956065,-0.222858763546,미래에셋운용,KRX CSI 한·중 전기차지수,패시브,배당소득세(보유기간과세),20221222,,,,,,,,,,한중전기차 TRS(키움증권),37.02235882940935,한중전기차 TRS(NH투자증권),18.583771465902892,한중전기차 TRS(미래에셋증권),12.340785503589037,한중전기차 TRS(KB증권),12.340785503589037,한중전기차 TRS(메리츠증권),9.856149348754839,2026-05-07 11:19:49,9월 6일 국내 ETF 1020개 데이터.xlsx / 국내 월배당 ETF 총정리.xlsx / 9월 1주 국내 월배당 ETF 분배금 지급현황.xlsx
289260,289260.KS,TIGER MSCI KOREA ESG리더스,K55301C21037,국내주식,전략,,,,,,,Y,Y,2,0.751361293075,1.324480381086,-0.302940105638,15.354723999941,27.056763464024,33.951609187749,27.670510311713,33.236630311382,0.4,0.46,0.4985,11130,130,1.1818181818181819,86.7377657,821,0.0911807,-0.116259334404,미래에셋운용,MSCI Korea Country ESG Leaders Capped Index,패시브,비과세,20180207,,,,,,,,,,SK하이닉스,24.5634398309406,KB금융,7.151373562291372,NAVER,5.902385096311342,신한지주,5.109333354295941,두산에너빌리티,5.107579751511462,2026-05-07 11:19:49,9월 6일 국내 ETF 1020개 데이터.xlsx / 국내 월배당 ETF 총정리.xlsx / 9월 1주 국내 월배당 ETF 분배금 지급현황.xlsx
450180,450180.KS,KODEX 한중전기차(합성),K55105DY8624,해외주식,업종섹터,해외주식테마/섹터,아시아 전기차 및 2차전지,,,,,Y,Y,2,-0.067859084022,1.319144659756,7.067118840282,17.674461557405,4.477666329589,6.564824139281,18.685253604065,,0.25,0.31,0.31,9320,140,1.5250544662309369,59.63461618,156,0.0143432,0.061075358253,삼성운용,KRX CSI 한중전기차지수,패시브,배당소득세(보유기간과세),20221222,,,,,,,,,,스왑(NH투자증권),30.843623388843845,스왑(키움증권),30.824403889984033,스왑(미래에셋증권),15.421843943731258,스왑(메리츠증권),15.421843943731258,스왑(KB증권),7.488284833709607,2026-05-07 11:19:49,9월 6일 국내 ETF 1020개 데이터.xlsx / 국내 월배당 ETF 총정리.xlsx / 9월 1주 국내 월배당 ETF 분배금 지급현황.xlsx
123320,123320.KS,TIGER 레버리지,KR5225220155,레버리지/인버스,2X 레버리지,,,레버리지,,,,,,1,0.733045097198,1.292515430251,0.784191717948,31.535524518945,63.110165330682,82.897729693143,52.60867034937,77.568781083517,0.022,0.04,0.683,24930,230,0.9311740890688259,548.04200121,88173,21.96170059,-0.01025429095,미래에셋운용,코스피 200,패시브,배당소득세(보유기간과세),20100409,,,,,,,,,,선물2025년09월물,52.05263325431438,삼성전자,10.073496337357305,SK하이닉스,4.57296578170155,TIGER 200,3.995547247859768,KB금융,1.0804351559759855,2026-05-07 11:19:49,9월 6일 국내 ETF 1020개 데이터.xlsx / 국내 월배당 ETF 총정리.xlsx / 9월 1주 국내 월배당 ETF 분배금 지급현황.xlsx
152500,152500.KS,ACE 레버리지,KR5101A62068,레버리지/인버스,2X 레버리지,,,레버리지,,,,,,1,0.752499176105,1.281688488235,0.81271769215,31.490366152738,63.017061748168,82.848802021961,52.68361057056,76.358648065274,0.3,0.34,0.5079,10280,80,0.7843137254901961,154.08124159,17462,1.7951626,-0.006027847664,한국투자신탁운용,코스피 200,패시브,배당소득세(보유기간과세),20120127,,,,,,,,,,2025-09 코스피200지수선물,49.93578190429196,삼성전자,8.75004638392549,KODEX 레버리지,7.208345648308874,SK하이닉스,3.9695716815993403,ACE 200,1.7366762919294991,2026-05-07 11:19:49,9월 6일 국내 ETF 1020개 데이터.xlsx / 국내 월배당 ETF 총정리.xlsx / 9월 1주 국내 월배당 ETF 분배금 지급현황.xlsx
433250,433250.KS,UNICORN R&D 액티브,K55373DU6130,국내주식,시장대표,,,,,,,Y,Y,2,0.012041911598,1.277921911083,-0.643778514841,12.632467943818,19.995224381266,31.03514733867,22.432928428584,35.442157873947,0.355,0.67,0.6897,13880,-15,-0.10795250089960418,55.47959057,4,0.0005551,0.084978458477,현대자산운용,코스피 200,액티브,배당소득세(보유기간과세),20220706,,,,,,,,,,삼성전자,11.683375494748649,한화에어로스페이스,11.224217760903128,SK하이닉스,9.645929237102086,NAVER,3.6613035350070544,카카오,3.2309500758462333,2026-05-07 11:19:49,9월 6일 국내 ETF 1020개 데이터.xlsx / 국내 월배당 ETF 총정리.xlsx / 9월 1주 국내 월배당 ETF 분배금 지급현황.xlsx
122630,122630.KS,KODEX 레버리지,KR5105191153,레버리지/인버스,2X 레버리지,,,레버리지,,,,,,1,0.810652463808,1.276443963693,0.70375138586,31.190880590747,62.337298180286,81.882881065268,51.272768460177,72.135733306965,0.64,0.65,1.1558,25075,180,0.723036754368347,24194.51977855,15963488,4003.10253672,-0.669387693636,삼성운용,KOSPI200,패시브,배당소득세(보유기간과세),20100222,,,,,,,,,,2025-09 코스피200지수선물,52.651092202987755,KODEX 200,10.725861550859195,삼성전자,6.747572958524529,KODEX 200TR,5.519142115920153,SK하이닉스,3.0646077584547733,2026-05-07 11:19:49,9월 6일 국내 ETF 1020개 데이터.xlsx / 국내 월배당 ETF 총정리.xlsx / 9월 1주 국내 월배당 ETF 분배금 지급현황.xlsx
417630,417630.KS,TIGER KEDI혁신기업ESG30,K55301DQ0219,국내주식,업종섹터,,,,,,,Y,Y,2,-0.058004493882,1.26838189805,-0.12056373021,10.271203160106,15.689051145864,28.114159447713,24.467502500196,29.370865385192,0.5,0.58,0.7106,11880,30,0.25316455696202533,148.39381008,2973,0.3522706,-0.108326780647,미래에셋운용,KEDI 혁신기업ESG30 지수(시장가격 지수),패시브,비과세,20220208,,,,,,,,,,미래에셋증권,5.733474474265166,LS ELECTRIC,4.107993018605928,신한지주,4.069979668725646,KB금융,3.9860441512047577,한화에어로스페이스,3.9586609327227658,2026-05-07 11:19:49,9월 6일 국내 ETF 1020개 데이터.xlsx / 국내 월배당 ETF 총정리.xlsx / 9월 1주 국내 월배당 ETF 분배금 지급현황.xlsx
363580,363580.KS,KODEX 200IT TR,K55105D67108,국내주식,업종섹터,,,,,,,Y,Y,2,0.588392142921,1.263500407317,1.69481195323,16.861573936061,25.12900090279,28.881538880499,8.997308311405,24.923858988671,0.15,0.18,0.208,13000,105,0.81426909654905,416.47307205,8522,1.11115915,-0.112950144159,삼성운용,KOSPI 200 정보기술 TR,패시브,배당소득세(보유기간과세),20200925,,,,,,,,,,SK하이닉스,21.451818045874674,삼성전자,19.433126602905844,SK스퀘어,12.036505192659973,삼성SDI,10.782328182029351,삼성전기,8.684495131258748,2026-05-07 11:19:49,9월 6일 국내 ETF 1020개 데이터.xlsx / 국내 월배당 ETF 총정리.xlsx / 9월 1주 국내 월배당 ETF 분배금 지급현황.xlsx
275280,275280.KS,KODEX 모멘텀주,K55105BQ9400,국내주식,전략,,,,,,,Y,Y,1,0.281122014337,1.256735189602,0.789095573221,15.952552264239,35.264931067484,51.77438500563,56.649624699794,97.513740945989,0.3,0.35,0.4272,19030,90,0.4751847940865892,133.10765849,2334,0.44350885,-0.118307302309,삼성운용,MSCI KOREA IMI Momentum Capped Index,패시브,비과세,20170711,,,,,,,,,,SK하이닉스,9.415934897346473,한화에어로스페이스,7.7746915755491655,두산에너빌리티,5.951361550010647,현대로템,4.064036116243092,한화오션,3.129591105995542,2026-05-07 11:19:49,9월 6일 국내 ETF 1020개 데이터.xlsx / 국내 월배당 ETF 총정리.xlsx / 9월 1주 국내 월배당 ETF 분배금 지급현황.xlsx
139260,139260.KS,TIGER 200 IT,KR5225A18067,국내주식,업종섹터,,,,,,,Y,Y,2,0.580938070584,1.251686603937,1.662013144866,16.706679484987,24.847133643865,28.523749053625,8.702355004805,24.16330359988,0.4,0.43,0.4588,32905,200,0.6115272894052897,5765.00202451,43594,14.40043265,0.035525455777,미래에셋운용,코스피 200 정보기술,패시브,비과세,20110406,,,,,,,,,,SK하이닉스,21.446820791544106,삼성전자,19.42231275316295,SK스퀘어,12.02266695065784,삼성SDI,10.78124080622691,삼성전기,8.679334871948631,2026-05-07 11:19:49,9월 6일 국내 ETF 1020개 데이터.xlsx / 국내 월배당 ETF 총정리.xlsx / 9월 1주 국내 월배당 ETF 분배금 지급현황.xlsx
487750,487750.KS,BNK 온디바이스AI,K55240EC9136,국내주식,업종섹터,,,미국/테크,,,,Y,Y,2,1.034419573778,1.23204613169,2.820226537206,13.802297310599,14.138172557711,24.463048326701,19.074226745259,,0.395,0.58,0.6056,8775,120,1.3864818024263432,48.21898309,6501,0.57071165,-0.294997951762,BNK자산운용,FnGuide 온디바이스AI 지수,패시브,비과세,20240723,,,,,,,,,,삼성전자,21.763388194250172,SK하이닉스,20.854447674474503,삼성전기,6.73618693077227,대덕전자,4.022790756459262,LG이노텍,3.8597981915237223,2026-05-07 11:19:49,9월 6일 국내 ETF 1020개 데이터.xlsx / 국내 월배당 ETF 총정리.xlsx / 9월 1주 국내 월배당 ETF 분배금 지급현황.xlsx
306950,306950.KS,KODEX KRX300레버리지,K55105CE6045,레버리지/인버스,2X 레버리지,,,레버리지,,,,,,1,0.851597753725,1.230201199734,0.762119793203,31.13121489036,55.818555928776,76.746331636942,47.112848897493,72.902281088259,0.64,0.67,0.8151,19485,125,0.6456611570247934,196.36268134,1689,0.32882245,-0.647942308996,삼성운용,KRX 300,패시브,배당소득세(보유기간과세),20181016,,,,,,,,,,2025-09 KRX300 선물,46.49469926196258,KODEX KRX300,11.956941961935389,삼성전자,8.695727192896092,SK하이닉스,3.951878701397367,KB금융,0.9332273262561283,2026-05-07 11:19:49,9월 6일 국내 ETF 1020개 데이터.xlsx / 국내 월배당 ETF 총정리.xlsx / 9월 1주 국내 월배당 ETF 분배금 지급현황.xlsx
139250,139250.KS,TIGER 200 에너지화학,KR5225A18042,국내주식,업종섹터,국내주식테마/섹터,에너지&화학,,,,,Y,Y,1,0.713315043608,1.229831643539,-0.722224323327,13.37327325619,20.748270914136,32.492912786822,11.231077927572,-23.452297004251,0.4,0.44,0.4676,11845,145,1.2393162393162394,191.37724773,29837,3.52824994,-0.078271514523,미래에셋운용,코스피 200 에너지/화학,패시브,비과세,20110406,,,,,,,,,,LG화학,20.078478808426773,SK,12.322866144514533,SK이노베이션,12.004521696334441,HD현대,10.556778841380915,한화솔루션,5.267961706184357,2026-05-07 11:19:49,9월 6일 국내 ETF 1020개 데이터.xlsx / 국내 월배당 ETF 총정리.xlsx / 9월 1주 국내 월배당 ETF 분배금 지급현황.xlsx
385590,385590.KS,ACE ESG액티브,K55101DI3603,국내주식,전략,,,,,,,Y,Y,2,0.310546883029,1.222485523642,-0.942925371185,15.227134340665,31.313881619263,38.172702190143,28.49487121364,45.41393325924,0.5,0.54,0.5786,9750,55,0.5673027333677153,224.58749982,102,0.0099539,-0.330639823931,한국투자신탁운용,MSCI Korea Country ESG Leaders Custom Capped Price return Index,액티브,배당소득세(보유기간과세),20210525,,,,,,,,,,삼성전자,18.67794944638757,KB금융,8.098726893813312,LG화학,6.8205495815219415,SK하이닉스,6.6242747734205905,신한지주,6.544434173514956,2026-05-07 11:19:49,9월 6일 국내 ETF 1020개 데이터.xlsx / 국내 월배당 ETF 총정리.xlsx / 9월 1주 국내 월배당 ETF 분배금 지급현황.xlsx
291130,291130.KS,ACE 멕시코MSCI(합성),K55101C31949,해외주식,시장대표,,,,,,,Y,Y,2,0.479815446573,1.214310082453,6.598431649316,8.448248834717,19.507345126797,26.54258608901,27.536386438502,38.324308962382,0.5,0.57,0.5888,15370,105,0.6878480183426138,138.84745054,2379,0.36522465,-0.778082847346,한국투자신탁운용,MSCI MEXICO IMI 25/50 Price return Index,패시브,배당소득세(보유기간과세),20180309,,,,,,,,,,스왑(삼성증권),89.09812740128116,스왑(NH투자증권),10.901872598718835,설정현금액,0,원화현금,0,,,2026-05-07 11:19:49,9월 6일 국내 ETF 1020개 데이터.xlsx / 국내 월배당 ETF 총정리.xlsx / 9월 1주 국내 월배당 ETF 분배금 지급현황.xlsx
253290,253290.KS,RISE 헬스케어채권혼합,K55223BH3617,자산배분,주식+채권,,,채권,,,,Y,Y,4,0.535488110491,1.203229223684,0.508922713102,3.143956262388,0.59087389161,4.094065347743,3.548579715807,18.236796527106,0.35,0.43,0.4358,12395,45,0.3643724696356275,149.25773139,5432,0.67255855,-0.157640620933,KB운용,FnGuide 헬스케어 채권혼합 지수,패시브,배당소득세(보유기간과세),20160923,,,,,,,,,,국고채권03000-2909(24-7),28.066858441024863,국고채권02875-2712(24-12),20.77122832068918,RISE 헬스케어,12.533401119468184,RISE 국고채3년,8.560502482273897,국고채권03250-2706(24-4),6.962295388371034,2026-05-07 11:19:49,9월 6일 국내 ETF 1020개 데이터.xlsx / 국내 월배당 ETF 총정리.xlsx / 9월 1주 국내 월배당 ETF 분배금 지급현황.xlsx
229720,229720.KS,KODEX KTOP30,K55105B76798,국내주식,시장대표,,,,,,,Y,Y,2,-0.116999559923,1.201931746276,1.355978793687,16.391783342598,19.427482097416,23.969704167542,11.360987976533,18.294125054063,0.25,0.29,0.2961,18400,105,0.573927302541678,91.9261811,306,0.0562684,-0.194424689479,삼성운용,KTOP 30 지수,패시브,비과세,20151014,,,,,,,,,,삼성전자,22.432456015572843,유한양행,7.5598437289004075,NAVER,7.265387495598613,삼성화재,5.789610780986936,HD한국조선해양,5.393412250720722,2026-05-07 11:19:49,9월 6일 국내 ETF 1020개 데이터.xlsx / 국내 월배당 ETF 총정리.xlsx / 9월 1주 국내 월배당 ETF 분배금 지급현황.xlsx
228820,228820.KS,TIGER KTOP30,K55301B73618,국내주식,시장대표,,,,,,,Y,Y,2,-0.126619307706,1.18239659495,1.325451226126,16.348305453191,19.354803357647,23.914458690299,11.259805495902,18.151044862113,0.25,0.29,0.2967,9260,45,0.48833423765599565,83.27036014,7716,0.7138408,-0.179781778408,미래에셋운용,KTOP 30,패시브,비과세,20151014,,,,,,,,,,삼성전자,22.28775474368711,유한양행,7.4893482297702505,NAVER,7.222203115864773,삼성화재,5.7846451100637655,HD한국조선해양,5.388786393922536,2026-05-07 11:19:49,9월 6일 국내 ETF 1020개 데이터.xlsx / 국내 월배당 ETF 총정리.xlsx / 9월 1주 국내 월배당 ETF 분배금 지급현황.xlsx
0000H0,0000H0.KS,KODEX 인도Nifty미드캡100,K55105EG1976,해외주식,시장대표,,,,,,,Y,Y,1,-0.994666282255,1.18208075678,-1.216324908449,-2.415002837056,,,,,0.45,0.56,0.6167,10375,-115,-1.0962821734985702,187.48830335,3665,0.38196512,-0.343170907295,삼성운용,Nifty Midcap 100 Index (Price Return),패시브,배당소득세(보유기간과세),20250408,,,,,,,,,,BSE LTD,3.252412711898456,Max Healthcare Institute Ltd,3.1155643302514795,Dixon Technologies India Ltd,2.4952073284714222,SUZLON ENERGY LTD,2.4917183964650036,PB Fintech Ltd,2.1914161954659486,2026-05-07 11:19:49,9월 6일 국내 ETF 1020개 데이터.xlsx / 국내 월배당 ETF 총정리.xlsx / 9월 1주 국내 월배당 ETF 분배금 지급현황.xlsx
280920,280920.KS,PLUS 주도업종,K55213BX8006,국내주식,전략,,,,,,,Y,Y,2,-0.206037004174,1.17365092852,-0.206261471449,9.777507616704,24.250936043504,35.37865893616,26.434999954056,78.67846310423,0.23,0.32,0.3608,13320,-45,-0.3367003367003367,73.20462692,150,0.01995985,0.081650830049,한화운용,FnGuide 주도업종 지수,패시브,비과세,20171017,,,,,,,,,,삼성전자,23.208852129432625,한화에어로스페이스,9.15696097904414,두산에너빌리티,7.811236501294307,셀트리온,7.520223242517182,HD한국조선해양,5.491604194852019,2026-05-07 11:19:49,9월 6일 국내 ETF 1020개 데이터.xlsx / 국내 월배당 ETF 총정리.xlsx / 9월 1주 국내 월배당 ETF 분배금 지급현황.xlsx
270800,270800.KS,RISE KQ고배당,K55223BR9539,국내주식,전략,배당,국내,배당,,,,Y,Y,2,0.172447573902,1.135378775131,2.513040724062,7.587871239954,18.932763757464,22.096738270455,29.812675327326,13.466296750452,0.3,0.43,0.4725,13130,65,0.4975124378109453,78.83792903,71,0.00929465,-0.132893547652,KB운용,FnGuide KQ고배당포커스 지수,패시브,비과세,20170707,,,,,,,,,,알테오젠,14.666651525434995,에코마케팅,3.4884306689513194,골프존,3.24821455453326,에스에이엠티,2.938727768847446,한국기업평가,2.7261635142243175,2026-05-07 11:19:49,9월 6일 국내 ETF 1020개 데이터.xlsx / 국내 월배당 ETF 총정리.xlsx / 9월 1주 국내 월배당 ETF 분배금 지급현황.xlsx
476800,476800.KS,KODEX 한국부동산리츠인프라,K55105E84051,부동산,,,,"월배당, 리츠/부동산",Y,Y,Y,Y,Y,2,0.325570306796,1.128907196056,1.475453072605,2.427911858889,3.495568334874,10.693214581488,-1.099805009529,,0.09,0.12,0.1756,4750,25,0.5291005291005291,4531.90203147,956519,45.3206357,-0.046328821467,삼성운용,KRX 부동산리츠인프라 지수,패시브,비과세(분리과세부동산ETF),20240305,부동산,0.7226,20250812,20250814,34,9.2405,438,12,Y,맥쿼리인프라,24.432543615263736,SK리츠,11.168116530934142,KB발해인프라,10.095284180117137,ESR켄달스퀘어리츠,8.304201633753275,롯데리츠,6.557734272371827,2026-05-07 11:19:49,9월 6일 국내 ETF 1020개 데이터.xlsx / 국내 월배당 ETF 총정리.xlsx / 9월 1주 국내 월배당 ETF 분배금 지급현황.xlsx
497510,497510.KS,ACE 글로벌빅파마,K55101EF6160,해외주식,시장대표,,,,,,,Y,Y,2,-0.27199474027,1.12185939121,3.34602586349,4.974282019657,-11.23907627934,-0.657614000859,,,0.3,0.49,0.5726,10045,-50,-0.4952947003467063,80.57593408,692,0.0695572,-0.31143056698,한국투자신탁운용,Solactive Global Big Pharma Index PR,패시브,배당소득세(보유기간과세),20241119,,,,,,,,,,ELI LILLY & CO,18.59497578549446,JOHNSON & JOHNSON,11.732616485963915,ABBVIE INC,11.382786967072535,Novartis AG,7.5997852659149725,ASTRAZENECA SPON ADR EACH REP 0.50 ORD S,7.322339061995372,2026-05-07 11:19:49,9월 6일 국내 ETF 1020개 데이터.xlsx / 국내 월배당 ETF 총정리.xlsx / 9월 1주 국내 월배당 ETF 분배금 지급현황.xlsx
388280,388280.KS,RISE 컨택트대표,K55223DJ8893,국내주식,업종섹터,,,,,,,Y,Y,2,0.796457185376,1.114214440757,1.201385890921,1.569014852062,15.086499045937,30.169165467978,28.68723609755,-1.148544712452,0.45,0.52,0.5561,7460,80,1.084010840108401,377.17976768,9009,0.67031435,-0.007339570261,KB운용,FnGuide 컨택트대표 지수(시장가격지수),패시브,비과세,20210610,,,,,,,,,,대한항공,10.723409735125992,하이브,9.41840356191838,강원랜드,8.113736986445025,JYP Ent.,7.448600864126811,에스엠,6.660462442460258,2026-05-07 11:19:49,9월 6일 국내 ETF 1020개 데이터.xlsx / 국내 월배당 ETF 총정리.xlsx / 9월 1주 국내 월배당 ETF 분배금 지급현황.xlsx
394670,394670.KS,TIGER 글로벌리튬&2차전지SOLACTIVE(합성),K55301DJ6520,해외주식,업종섹터,해외주식테마/섹터,글로벌 전기차 및 2차전지,,,,,Y,Y,1,0.188084489097,1.106709137137,14.718016651108,30.718495649844,12.404623848253,8.486354283965,33.084834553052,-34.729176885133,0.49,0.56,0.5772,7550,325,4.498269896193771,2336.64854111,238667,17.80385916,-0.486968494192,미래에셋운용,Solactive Global Lithium 지수(Net Total Return),패시브,배당소득세(보유기간과세),20210720,,,,,,,,,,글로벌리튬2차전지 TRS 250808-01,37.29919196465144,글로벌리튬2차전지 TRS 250820-01,29.77144881982531,글로벌리튬2차전지 TRS 250702-01,18.614396262031377,글로벌리튬2차전지 TRS 250703-03,8.251765956586544,글로벌리튬2차전지 TRS 250702-03,3.4145181636918913,2026-05-07 11:19:49,9월 6일 국내 ETF 1020개 데이터.xlsx / 국내 월배당 ETF 총정리.xlsx / 9월 1주 국내 월배당 ETF 분배금 지급현황.xlsx
364960,364960.KS,TIGER BBIG,K55301DA5547,국내주식,업종섹터,,,,,,,Y,Y,2,0.002968724503,1.098152438718,1.608641357049,14.697274852225,8.801601715591,16.407690613549,9.755849622968,-10.281111669573,0.4,0.44,0.5281,6735,10,0.14869888475836432,1357.52537507,27222,1.8277766,0.004005595311,미래에셋운용,KRX BBIG K-뉴딜지수,패시브,비과세,20201007,,,,,,,,,,넷마블,11.297768815242533,카카오,10.071831013185154,더존비즈온,9.84932316807087,알테오젠,9.469242832909119,엔씨소프트,9.13795337462785,2026-05-07 11:19:49,9월 6일 국내 ETF 1020개 데이터.xlsx / 국내 월배당 ETF 총정리.xlsx / 9월 1주 국내 월배당 ETF 분배금 지급현황.xlsx
261140,261140.KS,TIGER 우선주,K55301BJ4477,국내주식,전략,,,,,,,Y,Y,2,-0.03112036122,1.096730599307,-0.556452432018,14.417747758476,39.533999026092,39.278417984589,23.305266549513,46.103595564852,0.29,0.32,0.3533,14200,25,0.1763668430335097,164.70258742,11150,1.5802476,-0.144915689424,미래에셋운용,코스피 우선주 지수,패시브,비과세,20170106,,,,,,,,,,삼성전자우,19.378552809240524,현대차2우B,17.997169263547732,미래에셋증권2우B,8.723828569106681,LG화학우,8.062113952507806,삼성화재우,6.772888655754532,2026-05-07 11:19:49,9월 6일 국내 ETF 1020개 데이터.xlsx / 국내 월배당 ETF 총정리.xlsx / 9월 1주 국내 월배당 ETF 분배금 지급현황.xlsx
444200,444200.KS,SOL 코리아메가테크액티브,K55210DX6936,국내주식,업종섹터,,,미국/테크,,,,Y,Y,2,0.213088864893,1.092524194262,-0.925492583657,20.12554662652,37.949341770703,62.998404441641,71.280139509209,,0.55,0.64,0.6877,23450,50,0.21367521367521367,1218.59087476,101481,23.75355409,0.128061343227,신한자산운용,KEDI 메가테크지수(PR),액티브,배당소득세(보유기간과세),20221018,,,,,,,,,,SK하이닉스,6.328282856212838,삼성전자,5.841990470408017,HD현대일렉트릭,5.579527363206474,현대차,5.431456741836728,기아,5.357635777737509,2026-05-07 11:19:49,9월 6일 국내 ETF 1020개 데이터.xlsx / 국내 월배당 ETF 총정리.xlsx / 9월 1주 국내 월배당 ETF 분배금 지급현황.xlsx
465670,465670.KS,TIGER 미국캐시카우100,K55301E49703,해외주식,전략,,,월배당,Y,Y,Y,Y,Y,2,0.942848091872,1.082087560838,8.739484690787,15.228653912376,8.605203197877,5.614060537134,17.841606409386,,0.25,0.38,0.6341,13465,150,1.1265490048817124,127.74595674,7008,0.94062539,-0.374300931011,미래에셋운용,Global X U.S. Cash Flow Kings 100 Index(TR),패시브,배당소득세(보유기간과세),20230919,해외주식,0.1893,20250827,20250829,25,2.1845,291,12,Y,UNITED AIRLINES HOLDINGS INC,2.624659156068002,DR HORTON INC,2.546042618389781,NEWMONT CORP,2.376365918275608,EXPEDIA GROUP INC,2.366147758066139,HP INC,2.1847694558413497,2026-05-07 11:19:49,9월 6일 국내 ETF 1020개 데이터.xlsx / 국내 월배당 ETF 총정리.xlsx / 9월 1주 국내 월배당 ETF 분배금 지급현황.xlsx
486780,486780.KS,HANARO 200선물레버리지1.5X,K55232EC3790,레버리지/인버스,1.5X 레버리지,,,레버리지,,,,,,1,0.860657343668,1.069181154986,0.771390911802,23.530485406386,46.325181809071,59.75921244634,39.909883273579,,0.25,0.31,0.4052,16880,90,0.5360333531864205,40.77095681,54,0.00914825,-0.432684636377,NH-Amundi운용,코스피 200 선물 지수,패시브,배당소득세(보유기간과세),20240709,,,,,,,,,,선물2025년09월물,100,설정현금액,0,원화현금,0,,,,,2026-05-07 11:19:49,9월 6일 국내 ETF 1020개 데이터.xlsx / 국내 월배당 ETF 총정리.xlsx / 9월 1주 국내 월배당 ETF 분배금 지급현황.xlsx
365000,365000.KS,TIGER 인터넷TOP10,K55301DA5570,국내주식,업종섹터,,,,,,,Y,Y,1,0.427557312095,1.067175119364,5.662286306973,19.480958078241,11.377782271575,24.664394152092,40.435248622824,-14.229723860316,0.4,0.44,0.4846,4555,30,0.6629834254143646,1024.58443152,575689,26.26492011,0.012921782147,미래에셋운용,KRX 인터넷 K-뉴딜지수,패시브,비과세,20201007,,,,,,,,,,카카오,29.709934523225378,더존비즈온,27.731562666662906,NAVER,22.996948598714567,카페24,4.201094550802334,서진시스템,3.4723234080129983,2026-05-07 11:19:49,9월 6일 국내 ETF 1020개 데이터.xlsx / 국내 월배당 ETF 총정리.xlsx / 9월 1주 국내 월배당 ETF 분배금 지급현황.xlsx
213610,213610.KS,KODEX 삼성그룹밸류,KR5105AY4057,국내주식,전략,,,,,,,Y,Y,2,0.130236761801,1.066066938173,3.320537964349,15.27856260449,26.651524282226,34.845823964553,16.409756423904,31.718696252823,0.09,0.12,0.1338,10110,25,0.2478929102627665,1467.97582013,17794,1.79816018,-0.145718957116,삼성운용,WISE삼성그룹밸류지수,패시브,비과세,20150108,,,,,,,,,,삼성전자,25.913682974962615,삼성중공업,11.588789974010789,에스원,10.425917222195958,삼성물산,9.182525707330745,삼성SDI,8.36207803330698,2026-05-07 11:19:49,9월 6일 국내 ETF 1020개 데이터.xlsx / 국내 월배당 ETF 총정리.xlsx / 9월 1주 국내 월배당 ETF 분배금 지급현황.xlsx
108450,108450.KS,ACE 삼성그룹섹터가중,KR5101897761,국내주식,전략,,,,,,,Y,Y,2,0.133547085402,1.062426797218,3.303875940404,15.30706060095,26.319881709061,34.630656286527,16.403129747128,31.496756415084,0.15,0.2,0.223,17395,65,0.3750721292556261,504.4652432,4109,0.7134023,-0.076450597757,한국투자신탁운용,MKF SAMs SW,패시브,비과세,20090203,,,,,,,,,,삼성전자,26.03776603694691,삼성중공업,11.57303087940706,에스원,10.40735945588971,삼성물산,9.166677336333098,삼성SDI,8.341721677547884,2026-05-07 11:19:49,9월 6일 국내 ETF 1020개 데이터.xlsx / 국내 월배당 ETF 총정리.xlsx / 9월 1주 국내 월배당 ETF 분배금 지급현황.xlsx
395270,395270.KS,HANARO Fn K-반도체,K55232DL2867,국내주식,업종섹터,국내주식테마/섹터,반도체,,,,,Y,Y,1,0.516833596121,1.037277819368,2.985987967483,18.446464747009,25.64512487946,36.352588999877,25.695308683017,62.976208454325,0.45,0.51,0.5201,12195,105,0.8684863523573201,2583.12246313,329294,40.2337929,0.013442466598,NH-Amundi운용,FnGuide K-반도체 지수,패시브,비과세,20210730,,,,,,,,,,삼성전자,26.6296329878563,SK하이닉스,23.261490211585087,삼성전기,17.016404545442146,한미반도체,6.144544584192287,리노공업,3.9705213944462874,2026-05-07 11:19:49,9월 6일 국내 ETF 1020개 데이터.xlsx / 국내 월배당 ETF 총정리.xlsx / 9월 1주 국내 월배당 ETF 분배금 지급현황.xlsx
441540,441540.KS,HANARO Fn조선해운,K55232DV7591,국내주식,업종섹터,,,,,,,Y,Y,2,0.021944794214,1.034285148137,7.537753642202,27.299451579174,49.497997893681,88.27910791887,140.858307909493,,0.45,0.51,0.525,29625,75,0.25380710659898476,1142.36643265,90439,26.7693467,-0.210160774954,NH-Amundi운용,FnGuide 조선해운지수,패시브,비과세,20220915,,,,,,,,,,한화오션,17.81450706687627,삼성중공업,14.81487485338985,HD한국조선해양,14.683380576972088,HD현대중공업,14.528330328923909,HMM,11.831737924385195,2026-05-07 11:19:49,9월 6일 국내 ETF 1020개 데이터.xlsx / 국내 월배당 ETF 총정리.xlsx / 9월 1주 국내 월배당 ETF 분배금 지급현황.xlsx
292150,292150.KS,TIGER TOP10,K55301C47545,국내주식,규모,,,,,,,Y,Y,2,0.399674814905,1.032886757255,0.175430564203,14.633645902173,24.905562780319,28.139056856308,18.695703349572,34.614955774313,0.15,0.19,0.2162,13135,100,0.7671653241273494,11119.32532027,167892,22.05469562,0.083879163485,미래에셋운용,FnGuide TOP10 지수,패시브,비과세,20180330,,,,,,,,,,삼성전자,26.605001376255668,SK하이닉스,25.47751912933769,KB금융,7.035847185869065,한화에어로스페이스,6.883280734746474,NAVER,6.433513912658672,2026-05-07 11:19:49,9월 6일 국내 ETF 1020개 데이터.xlsx / 국내 월배당 ETF 총정리.xlsx / 9월 1주 국내 월배당 ETF 분배금 지급현황.xlsx
325010,325010.KS,KODEX 성장주,K55105CP4609,국내주식,전략,,,,,,,Y,Y,2,0.355016088173,1.018294480717,0.707528920184,15.742489387009,23.340791976255,36.103822727798,30.495914149798,39.187888510126,0.3,0.36,0.4046,17790,-15,-0.08424599831508003,1051.60134445,730,0.1300062,-0.158432032717,삼성운용,FnGuide 성장 지수,패시브,비과세,20190531,,,,,,,,,,삼성전자,13.877250621770447,SK하이닉스,11.013999658228201,한화에어로스페이스,3.458650369107161,NAVER,3.207100902916686,두산에너빌리티,2.9622158933824996,2026-05-07 11:19:49,9월 6일 국내 ETF 1020개 데이터.xlsx / 국내 월배당 ETF 총정리.xlsx / 9월 1주 국내 월배당 ETF 분배금 지급현황.xlsx
475350,475350.KS,RISE 버크셔포트폴리오TOP10,K55223E85687,해외주식,전략,,,,,,,Y,Y,2,0.681018020106,1.010659709668,9.499968354607,11.007457173888,0.465238529302,1.092047519602,13.815226837185,,0.01,0.11,0.2802,13130,105,0.8061420345489443,703.4606455,53707,7.05944336,-0.25657663333,KB운용,Solactive Berkshire Portfolio Top10 Index(TR),패시브,배당소득세(보유기간과세),20240227,,,,,,,,,,BERKSHIRE HATHAWAY INC-CL B,27.846935652805723,APPLE INC,18.8951110055597,AMERICAN EXPRESS CO,15.071427746614912,BANK OF AMERICA CORP,9.397698425634138,COCA-COLA CO/THE,8.516394440535251,2026-05-07 11:19:49,9월 6일 국내 ETF 1020개 데이터.xlsx / 국내 월배당 ETF 총정리.xlsx / 9월 1주 국내 월배당 ETF 분배금 지급현황.xlsx
245710,245710.KS,ACE 베트남VN30(합성),K55101BE0852,해외주식,시장대표,,,,,,,Y,Y,1,1.099800605704,1.008876886519,13.280321663219,32.951942817721,26.981877128627,27.670944226576,38.985661988053,28.448669440888,0.7,0.76,0.7615,28260,395,1.4175488964650995,3050.6639163,86369,24.33821221,-0.365250712806,한국투자신탁운용,VN30 Index(PR),패시브,배당소득세(보유기간과세),20160701,,,,,,,,,,스왑(삼성증권),37.427337270424594,스왑(메리츠증권),32.65779370143727,스왑(한국투자증권),22.918385779976926,스왑(미래에셋증권),4.929474502520514,스왑(NH투자증권),1.0352881042024493,2026-05-07 11:19:49,9월 6일 국내 ETF 1020개 데이터.xlsx / 국내 월배당 ETF 총정리.xlsx / 9월 1주 국내 월배당 ETF 분배금 지급현황.xlsx
117460,117460.KS,KODEX 에너지화학,KR5105166692,국내주식,업종섹터,국내주식테마/섹터,에너지&화학,,,,,Y,Y,1,0.749511021813,1.007321784486,-1.935830017055,13.416315997107,10.431086154011,19.565686401079,-2.973118536622,-25.705642393405,0.45,0.47,0.5101,11275,105,0.9400179051029544,260.45768065,63014,7.09228595,-0.059175006538,삼성운용,KRX 에너지화학,패시브,비과세,20091012,,,,,,,,,,LG화학,18.756498892707747,SK이노베이션,15.188429160821237,HD현대,11.925572139405393,한화솔루션,5.942660466478708,S-Oil,4.833217384936472,2026-05-07 11:19:49,9월 6일 국내 ETF 1020개 데이터.xlsx / 국내 월배당 ETF 총정리.xlsx / 9월 1주 국내 월배당 ETF 분배금 지급현황.xlsx
341850,341850.KS,TIGER 리츠부동산인프라채권,K55301CY0731,부동산,,,,"월배당, 채권, 리츠/부동산",Y,Y,Y,Y,Y,4,0.373326629368,1.003474213362,1.805402183242,3.023237434973,3.740082250549,9.592154061268,1.72746258269,6.250246509581,0.22,0.25,0.2845,4785,35,0.7368421052631579,177.27145755,6414,0.3058743,-0.043270209999,미래에셋운용,KIS 부동산인프라채권 TR지수,패시브,배당소득세(분리과세부동산ETF),20200522,부동산,0.5074,20250827,20250829,24,5.3422,255,12,Y,TIGER 중장기국채,26.296334522477533,맥쿼리인프라,12.003991092287743,SK리츠,9.019455141711541,롯데리츠,7.244248023090573,ESR켄달스퀘어리츠,7.102016872447468,2026-05-07 11:19:49,9월 6일 국내 ETF 1020개 데이터.xlsx / 국내 월배당 ETF 총정리.xlsx / 9월 1주 국내 월배당 ETF 분배금 지급현황.xlsx
117690,117690.KS,TIGER 차이나항셍30,KR5225874118,해외주식,시장대표,,,,,,,Y,Y,2,-1.568679677218,0.981532996441,1.685969270886,8.34188417716,3.294849373442,19.598904050456,56.850818404361,61.500550926402,0.49,0.62,0.6937,22040,75,0.3414523104939677,119.51275257,6341,1.39332598,-0.392947555569,미래에셋운용,Hang Seng China (Hong Kong-listed) 25 Index,패시브,배당소득세(해외주식투자전용ETF),20091021,,,,,,,,,,TENCENT HOLDINGS LTD,16.642396207168034,ALIBABA GROUP HOLDING LTD,16.533709539144674,XIAOMI CORP-CLASS B,9.10566377193603,CHINA CONSTRUCTION BANK-H,7.5744461511057235,MEITUAN-CLASS B,5.0706261755501725,2026-05-07 11:19:49,9월 6일 국내 ETF 1020개 데이터.xlsx / 국내 월배당 ETF 총정리.xlsx / 9월 1주 국내 월배당 ETF 분배금 지급현황.xlsx
464600,464600.KS,SOL 자동차소부장Fn,K55210E48609,국내주식,업종섹터,,,,,,,Y,Y,2,-0.348006220704,0.981160115802,4.713522213786,15.166424005931,7.303433134404,11.894784943327,6.981037611588,,0.45,0.55,0.5724,9765,-50,-0.5094243504839532,78.2769424,46092,4.49394159,-0.106719570783,신한자산운용,FnGuide 자동차소부장지수(PR),패시브,비과세,20230822,,,,,,,,,,삼성전기,12.20466733240509,LG이노텍,10.423072166391947,현대모비스,10.043939637185531,LG전자,9.146065323285345,HL만도,6.841467996237268,2026-05-07 11:19:49,9월 6일 국내 ETF 1020개 데이터.xlsx / 국내 월배당 ETF 총정리.xlsx / 9월 1주 국내 월배당 ETF 분배금 지급현황.xlsx
421320,421320.KS,PLUS 우주항공&UAM,K55213DR8713,국내주식,업종섹터,,,,,,,Y,Y,2,-0.398418616106,0.973811684184,-6.357346449496,1.714939266972,24.904768613593,62.151343062657,79.733800563113,105.849598404719,0.45,0.53,0.5771,22395,-75,-0.33377837116154874,469.70303514,10899,2.44350027,-0.047214475814,한화운용,iSelect 우주항공UAM 지수,패시브,비과세,20220329,,,,,,,,,,한화,14.52336360709675,LIG넥스원,12.48204986903483,한화시스템,10.996857111730565,한화에어로스페이스,9.442677487598667,한국항공우주,9.348779190913236,2026-05-07 11:19:49,9월 6일 국내 ETF 1020개 데이터.xlsx / 국내 월배당 ETF 총정리.xlsx / 9월 1주 국내 월배당 ETF 분배금 지급현황.xlsx
139280,139280.KS,TIGER 경기방어,KR5225A18109,국내주식,업종섹터,,,,,,,Y,Y,2,-0.032642303013,0.947646924364,-1.356768424319,8.503722183753,12.90634774154,19.826981093714,17.580740344148,30.977331804216,0.4,0.42,0.4365,11465,5,0.04363001745200698,652.31431226,3946,0.45138355,-0.100101288413,미래에셋운용,KOSPI 200 경기방어소비재 지수,패시브,비과세,20110406,,,,,,,,,,셀트리온,17.84045255448266,삼성바이오로직스,10.704850457738932,KT&G,8.542039102966163,한국전력,7.993112897094888,KT,7.865091516866521,2026-05-07 11:19:49,9월 6일 국내 ETF 1020개 데이터.xlsx / 국내 월배당 ETF 총정리.xlsx / 9월 1주 국내 월배당 ETF 분배금 지급현황.xlsx
275290,275290.KS,KODEX 가치주,K55105BQ9434,국내주식,전략,,,,,,,Y,Y,2,0.527931613351,0.943762069591,-0.162650761889,10.693434915799,27.602518712915,36.709852370498,21.943175132456,38.526733759014,0.3,0.35,0.3914,12995,140,1.089070400622326,116.89129888,81,0.01051405,-0.154637992142,삼성운용,MSCI KOREA IMI Enhanced Value Capped Index,패시브,비과세,20170711,,,,,,,,,,삼성전자,18.31831220495435,SK하이닉스,11.838751214796579,삼성전자우,6.062613512917629,BNK금융지주,5.5841375091363625,기아,4.7461928436283305,2026-05-07 11:19:49,9월 6일 국내 ETF 1020개 데이터.xlsx / 국내 월배당 ETF 총정리.xlsx / 9월 1주 국내 월배당 ETF 분배금 지급현황.xlsx
445150,445150.KS,KODEX 친환경조선해운액티브,K55105DW7461,국내주식,업종섹터,,,,,,,Y,Y,2,0.237644840544,0.93588066904,10.461867216021,33.097738651042,68.913491828672,100.632061759101,157.09368483531,,0.5,0.56,0.5908,30340,25,0.08246742536698004,638.63453112,35732,10.87730921,-0.057267493219,삼성운용,FnGuide K-친환경 선박 지수,액티브,배당소득세(보유기간과세),20221115,,,,,,,,,,HD현대마린엔진,9.17249978490627,HD한국조선해양,8.985759812164792,한화엔진,8.844376506379932,HD현대중공업,8.102122494767137,삼성중공업,8.078636485541699,2026-05-07 11:19:49,9월 6일 국내 ETF 1020개 데이터.xlsx / 국내 월배당 ETF 총정리.xlsx / 9월 1주 국내 월배당 ETF 분배금 지급현황.xlsx
483240,483240.KS,TIGER 미국나스닥100ETF선물,K55301EB0736,국내주식,시장대표,,,미국/테크,,,,Y,,2,1.281786138992,0.932595997959,2.200024286806,12.249872058397,9.825147482178,5.03256808023,,,0.0098,0.04,0.1095,11380,160,1.4260249554367201,227.23462364,387,0.04390005,0.451700777421,미래에셋운용,KRX 나스닥 100 ETF 선물지수,패시브,배당소득세(보유기간과세),20241119,,,,,,,,,,TIGER 미국나스닥100선물2509,100,설정현금액,0,원화현금,0,,,,,2026-05-07 11:19:49,9월 6일 국내 ETF 1020개 데이터.xlsx / 국내 월배당 ETF 총정리.xlsx / 9월 1주 국내 월배당 ETF 분배금 지급현황.xlsx
442260,442260.KS,마이티 다이나믹퀀트액티브,K55216DW2765,국내주식,시장대표,,,,,,,Y,Y,2,0.254587753912,0.932525434823,0.067859503328,14.300168911183,31.340601595917,38.446914849456,27.700556371032,,0.295,0.31,0.355,15315,10,0.06533812479581835,257.1523736,105,0.01604775,0.164510243306,DB자산운용,코스피 200,액티브,배당소득세(보유기간과세),20221025,,,,,,,,,,삼성전자,22.486062876492454,SK하이닉스,10.761367944919511,한화에어로스페이스,3.402400948532639,현대차,3.053971303500552,기아,2.915014737078935,2026-05-07 11:19:49,9월 6일 국내 ETF 1020개 데이터.xlsx / 국내 월배당 ETF 총정리.xlsx / 9월 1주 국내 월배당 ETF 분배금 지급현황.xlsx
290130,290130.KS,RISE ESG사회책임투자,K55223C37088,국내주식,전략,,,,,,,Y,Y,2,0.486335109386,0.918532203601,1.427139336271,16.059481217169,30.005076886176,35.533921638896,28.940767827422,60.468835993932,0.3,0.33,0.4001,15890,120,0.7609384908053266,786.30326599,29000,4.60194405,-0.0057523159,KB운용,KRX ESG 사회책임경영지수(S),패시브,비과세,20180227,,,,,,,,,,삼성전자,26.485418569128594,SK하이닉스,17.566487797272547,KB금융,4.157589874144517,NAVER,3.4793471020490525,신한지주,3.180077268712014,2026-05-07 11:19:49,9월 6일 국내 ETF 1020개 데이터.xlsx / 국내 월배당 ETF 총정리.xlsx / 9월 1주 국내 월배당 ETF 분배금 지급현황.xlsx
447660,447660.KS,PLUS 애플채권혼합,K55213DY4341,자산배분,주식+채권,,,채권,,,,Y,Y,4,0.161453316693,0.911305050602,5.285848966153,6.359582672395,0.926916715043,-0.749814630977,7.310046597122,,0.25,0.35,0.3803,12700,60,0.47468354430379744,202.98634819,11586,1.47051767,-0.087666258445,한화운용,FnGuide 애플채권혼합 지수,패시브,배당소득세(보유기간과세),20221129,,,,,,,,,,APPLE INC,31.769052344452724,국고채권03250-2903(24-1),10.583424295032804,국고채권03250-2706(24-4),10.40638830852439,국고채권02625-3003(25-3),10.306180522977558,PLUS 국채선물3년,9.543354472056018,2026-05-07 11:19:49,9월 6일 국내 ETF 1020개 데이터.xlsx / 국내 월배당 ETF 총정리.xlsx / 9월 1주 국내 월배당 ETF 분배금 지급현황.xlsx
496130,496130.KS,TRUSTON 코리아밸류업액티브,K55363EF9738,국내주식,시장대표,,,,,,,Y,Y,2,0.576504339198,0.908850502756,0.85843541255,10.672769162499,32.147885225869,35.873025601004,,,0.785,0.81,0.8277,12815,65,0.5098039215686274,159.45649179,402,0.05162639,-0.132700928644,트러스톤운용,코리아 밸류업 지수(TR),액티브,배당소득세(보유기간과세),20241104,,,,,,,,,,삼성전자,6.913672002351494,SK하이닉스,5.88903261152811,삼성물산,5.384971345626128,KB금융,5.328964538303685,신한지주,5.109531926870636,2026-05-07 11:19:49,9월 6일 국내 ETF 1020개 데이터.xlsx / 국내 월배당 ETF 총정리.xlsx / 9월 1주 국내 월배당 ETF 분배금 지급현황.xlsx
337150,337150.KS,KODEX 200exTOP,K55105CX0532,국내주식,규모,,,,,,,Y,Y,2,0.413021255052,0.908444108579,0.8150067726,14.422388842043,29.573980483445,40.302472137257,37.78954474991,53.345975021467,0.3,0.34,0.3495,15680,100,0.6418485237483954,141.46058801,3607,0.5658994,-0.130786450181,삼성운용,KOSPI200 초대형제외 지수,패시브,비과세,20191114,,,,,,,,,,SK하이닉스,13.517768408421416,KB금융,3.1963984946609,한화에어로스페이스,2.981213182257361,현대차,2.7236312398505063,NAVER,2.64588273709518,2026-05-07 11:19:49,9월 6일 국내 ETF 1020개 데이터.xlsx / 국내 월배당 ETF 총정리.xlsx / 9월 1주 국내 월배당 ETF 분배금 지급현황.xlsx
476310,476310.KS,RISE 글로벌비만산업TOP2+,K55223E89259,해외주식,전략,,,,,,,Y,Y,2,0.080825191183,0.898230857751,4.50712437773,-3.607490890611,-20.04667050913,-14.36521152601,-23.732345450378,,0.35,0.59,0.6736,8500,-5,-0.058788947677836566,46.92301188,2817,0.23913545,-0.328640501326,KB운용,KEDI 글로벌 비만 산업 Top2+ 지수(Price Return),패시브,배당소득세(보유기간과세),20240227,,,,,,,,,,ELI LILLY & CO,27.85313855812948,NOVO-NORDISK A/S-SPONS ADR,24.250478027761908,ASTRAZENECA PLC-SPONS ADR,9.218115401064093,NOVARTIS AG-SPONSORED ADR,8.755339011749435,ABBOTT LABORATORIES,8.417584179846942,2026-05-07 11:19:49,9월 6일 국내 ETF 1020개 데이터.xlsx / 국내 월배당 ETF 총정리.xlsx / 9월 1주 국내 월배당 ETF 분배금 지급현황.xlsx
289480,289480.KS,TIGER 200커버드콜,K55301C25806,국내주식,전략,,,"월배당, 커버드콜",Y,Y,Y,Y,Y,2,0.183969712995,0.887637078378,1.994651545231,5.907902187984,10.842252794081,18.391242677922,15.77516730417,27.676274682183,0.38,0.41,0.5215,8810,35,0.39886039886039887,247.6259415,26821,2.36234061,-0.440650880556,미래에셋운용,코스피 200 커버드콜 ATM,패시브,배당소득세(보유기간과세),20180209,국내주식,0.6999,20250827,20250829,61,8.0657,712,12,Y,TIGER 200,16.621106973753978,삼성전자,16.228041930411383,선물2025년09월물,12.261739596814778,SK하이닉스,7.36950030904191,KB금융,1.7403337420560905,2026-05-07 11:19:49,9월 6일 국내 ETF 1020개 데이터.xlsx / 국내 월배당 ETF 총정리.xlsx / 9월 1주 국내 월배당 ETF 분배금 지급현황.xlsx
475050,475050.KS,ACE KPOP포커스,K55101E79688,국내주식,업종섹터,,,,,,,Y,Y,2,1.563431060579,0.886051305727,7.189410014272,3.64165695549,23.842078671805,60.992097180713,109.957893434402,,0.3,0.37,0.3872,12855,175,1.3801261829652998,2184.73970178,1161343,150.19466535,-0.006033601757,한국투자신탁운용,iSelect K-POP 포커스 지수 (시장가격),패시브,비과세,20240130,,,,,,,,,,에스엠,24.78233360394919,JYP Ent.,23.95004177691019,하이브,23.4386820077659,와이지엔터테인먼트,22.70880149121763,YG PLUS,1.0854617080990385,2026-05-07 11:19:49,9월 6일 국내 ETF 1020개 데이터.xlsx / 국내 월배당 ETF 총정리.xlsx / 9월 1주 국내 월배당 ETF 분배금 지급현황.xlsx
413930,413930.KS,WON AI ESG액티브,K55107DP6908,국내주식,전략,국내주식테마/섹터,AI&로봇,미국/테크,,,,Y,Y,2,0.297810125393,0.882943949719,1.102488763467,14.540935037616,29.253485338738,37.123568755136,29.074982653654,48.145762043497,0.31,0.38,0.4111,11865,5,0.04215851602023609,101.05213106,42,0.00499185,-0.026621941652,우리운용,MK-iSelect AI ESG 지수(시장가격지수),액티브,배당소득세(보유기간과세),20220105,,,,,,,,,,삼성전자,17.079579264883044,SK하이닉스,9.923462693774486,KB금융,3.657396035323664,신한지주,3.041644275693589,NAVER,2.8942341253240578,2026-05-07 11:19:49,9월 6일 국내 ETF 1020개 데이터.xlsx / 국내 월배당 ETF 총정리.xlsx / 9월 1주 국내 월배당 ETF 분배금 지급현황.xlsx
289040,289040.KS,KODEX MSCI KOREA ESG유니버설,K55105BZ5845,국내주식,전략,,,,,,,Y,Y,2,0.111315434596,0.87992438227,0.597079225275,15.484118614414,28.916393028543,35.22840180246,24.358460043041,43.543589995992,0.3,0.35,0.3977,12565,15,0.11952191235059761,88.07929198,5,0.00062825,-0.117671502393,삼성운용,MSCI Korea ESG Universal Capped 지수,패시브,비과세,20180207,,,,,,,,,,삼성전자,21.728510019017378,SK하이닉스,9.553488228554356,KB금융,5.349819369296564,NAVER,4.274238635884383,신한지주,3.638312796876758,2026-05-07 11:19:49,9월 6일 국내 ETF 1020개 데이터.xlsx / 국내 월배당 ETF 총정리.xlsx / 9월 1주 국내 월배당 ETF 분배금 지급현황.xlsx
236350,236350.KS,TIGER 인도니프티50레버리지(합성),K55301B96890,레버리지/인버스,2X 레버리지,,,레버리지,,,,,,1,-0.590978003695,0.879584649716,-1.274664489241,-1.781552023073,6.971370983672,-13.217184708306,-12.777545376538,36.153584009843,0.58,0.66,0.6908,38590,-705,-1.794121389489757,293.31694704,1518,0.58990645,-0.424405320438,미래에셋운용,Nifty 50 지수(Price Return),패시브,배당소득세(보유기간과세),20160513,,,,,,,,,,MIRAE ASSET NIFTY 50 ETF,58.71586851722068,NIPPON INDIA ETF NIFTY BEES,16.95373956080749,설정현금액,0,원화현금,0,NIFTY Price Return Index TRS 240208-02,3.050847932729766,2026-05-07 11:19:49,9월 6일 국내 ETF 1020개 데이터.xlsx / 국내 월배당 ETF 총정리.xlsx / 9월 1주 국내 월배당 ETF 분배금 지급현황.xlsx
289250,289250.KS,TIGER MSCI KOREA ESG유니버설,K55301C21029,국내주식,전략,,,,,,,Y,Y,2,0.111718189486,0.860796695568,0.579498459579,15.403449431735,28.611039138473,34.81105867633,24.129497027023,43.302241570293,0.4,0.46,0.5041,12715,85,0.6730007917656373,83.80592275,4,0.0005093,-0.133301590036,미래에셋운용,MSCI Korea ESG Universal Index,패시브,비과세,20180207,,,,,,,,,,삼성전자,21.998154822546553,SK하이닉스,9.420245117971273,KB금융,5.304037573433166,NAVER,4.235923570240441,신한지주,3.610798285645486,2026-05-07 11:19:49,9월 6일 국내 ETF 1020개 데이터.xlsx / 국내 월배당 ETF 총정리.xlsx / 9월 1주 국내 월배당 ETF 분배금 지급현황.xlsx
248270,248270.KS,TIGER S&P글로벌헬스케어(합성),K55301BE6980,해외주식,업종섹터,해외주식테마/섹터,바이오 & 헬스케어,,,,,Y,Y,3,0.195926338792,0.856347311726,4.020371985168,5.144622399475,-9.237890787736,-2.668328582496,-8.287068924343,15.915668142787,0.4,0.47,0.4877,22465,-15,-0.06672597864768683,242.46298994,2652,0.59658547,-0.239499512217,미래에셋운용,S&P Global 1200 Health Care Index,패시브,배당소득세(보유기간과세),20160701,,,,,,,,,,글로벌헬스케어 TRS(메리츠증권),47.70849022627196,글로벌헬스케어 TRS(KB증권),26.326007696766684,ISHARES GLOBAL HEALTHCARE ET,16.39759058012167,글로벌헬스케어 TRS(한국투자증권),9.567911496839686,설정현금액,0,2026-05-07 11:19:49,9월 6일 국내 ETF 1020개 데이터.xlsx / 국내 월배당 ETF 총정리.xlsx / 9월 1주 국내 월배당 ETF 분배금 지급현황.xlsx
0047N0,0047N0.KS,PLUS 차이나AI테크TOP10,K55213EJ9835,해외주식,업종섹터,,,미국/테크,,,,Y,Y,2,-1.756458134126,0.856222784107,2.350323854647,7.02734348156,,,,,0.49,0.6,0.7197,10605,105,1,88.72923965,7670,0.80872896,0.144768916695,한화운용,Solactive China AI Tech Top10 Index(PR),패시브,배당소득세(보유기간과세),20250513,,,,,,,,,,ALIBABA GROUP HOLDING LTD,11.237066577713458,SEMICONDUCTOR MANUFACTURI-H,11.154773923352858,BAIDU INC-CLASS A,10.776393072544517,TENCENT HOLDINGS LTD,10.193404311425704,CONTEMPORARY AMPEREX TECHN-H,9.925257864207047,2026-05-07 11:19:49,9월 6일 국내 ETF 1020개 데이터.xlsx / 국내 월배당 ETF 총정리.xlsx / 9월 1주 국내 월배당 ETF 분배금 지급현황.xlsx
100910,100910.KS,KIWOOM KRX100,KR5206773776,국내주식,시장대표,,,,,,,Y,Y,2,0.217328418088,0.841439986277,0.728220482055,15.572627403428,27.241701967524,36.375227261077,26.488231473651,45.815032065573,0.23,0.27,0.2927,6725,15,0.22354694485842028,141.86760414,194,0.01307565,-0.225727789509,키움투자운용,KRX 100,패시브,비과세,20080123,,,,,,,,,,삼성전자,18.823293061668302,SK하이닉스,12.0727271437603,KB금융,2.8537927997777612,한화에어로스페이스,2.6285891762487346,현대차,2.4247344500563424,2026-05-07 11:19:49,9월 6일 국내 ETF 1020개 데이터.xlsx / 국내 월배당 ETF 총정리.xlsx / 9월 1주 국내 월배당 ETF 분배금 지급현황.xlsx
491820,491820.KS,HANARO 전력설비투자,K55232EE1347,국내주식,업종섹터,,,,,,,Y,Y,2,1.978224558683,0.840637392629,-5.013531701055,27.757983627914,48.657151520082,65.928713127635,,,0.35,0.43,0.4424,19515,300,1.56128024980484,332.34069436,84158,16.3935761,-0.013744992833,NH-Amundi운용,iSelect 전력설비투자 지수,패시브,비과세,20240924,,,,,,,,,,효성중공업,24.76695147762013,HD현대일렉트릭,19.116615714248386,LS ELECTRIC,18.644195343732854,LS,12.653257035353139,대한전선,6.933726320190222,2026-05-07 11:19:49,9월 6일 국내 ETF 1020개 데이터.xlsx / 국내 월배당 ETF 총정리.xlsx / 9월 1주 국내 월배당 ETF 분배금 지급현황.xlsx
373490,373490.KS,KODEX 코리아혁신성장액티브,K55105DC4892,국내주식,전략,,,,,,,Y,Y,2,0.472298333119,0.839632936227,-1.632241931692,17.602394275762,20.214919860034,23.928727153968,14.928925795582,41.344531654774,0.5,0.56,0.5848,13645,55,0.4047093451066961,61.65701801,424,0.05797355,-0.310619011866,삼성운용,FnGuide K-이노베이션 지수,액티브,배당소득세(보유기간과세),20201224,,,,,,,,,,현대차,8.583951733597543,삼성전자,8.526059619457426,SK하이닉스,8.033425153843375,기아,7.719147289104871,NAVER,7.003842820107916,2026-05-07 11:19:49,9월 6일 국내 ETF 1020개 데이터.xlsx / 국내 월배당 ETF 총정리.xlsx / 9월 1주 국내 월배당 ETF 분배금 지급현황.xlsx
482870,482870.KS,HANARO 주주가치성장코리아액티브,K55232EB7313,국내주식,전략,,,,,,,Y,Y,2,0.351864773733,0.83705352765,1.518494546137,14.793976041441,31.543640201625,34.915548473918,30.98473105635,,0.6,0.69,0.7204,12795,80,0.6291781360597719,102.51229099,234,0.0298881,-0.052014789,NH-Amundi운용,iSelect 주주가치성장 지수,액티브,배당소득세(보유기간과세),20240611,,,,,,,,,,삼성전자,14.482917364903182,현대글로비스,3.986160580592954,신한지주,3.6063252263560654,한국전력,3.5721567702923993,KT&G,3.4713239838667542,2026-05-07 11:19:49,9월 6일 국내 ETF 1020개 데이터.xlsx / 국내 월배당 ETF 총정리.xlsx / 9월 1주 국내 월배당 ETF 분배금 지급현황.xlsx
0002C0,0002C0.KS,에셋플러스 인도일등기업포커스20액티브,K55364ED4870,해외주식,시장대표,,,,,,,Y,Y,2,-0.384032368579,0.835589567141,-0.663514978565,-0.501340093156,7.239026541209,,,,0.99,1.13,1.2851,10440,-30,-0.28653295128939826,112.42267259,2290,0.2375627,-0.13660071681,에셋플러스운용,MSCI India IMI Index(PR),액티브,배당소득세(보유기간과세),20250225,,,,,,,,,,Larsen & Toubro Ltd,9.349010116773293,MAHINDRA & MAHINDRA,9.011505971224507,INTERGLOBE AVIATION LTD,8.734156393213237,ETERNAL LTD,8.48866433755071,RELIANCE INDUSTRIES LTD,7.181562936873271,2026-05-07 11:19:49,9월 6일 국내 ETF 1020개 데이터.xlsx / 국내 월배당 ETF 총정리.xlsx / 9월 1주 국내 월배당 ETF 분배금 지급현황.xlsx
285690,285690.KS,FOCUS ESG리더스,K55104C03165,국내주식,전략,,,,,,,Y,Y,2,0.6574098533,0.835036594512,0.606753275395,11.791641238928,23.740619601858,34.077916731331,29.806278658495,45.630396865802,0.095,0.22,0.2388,13815,150,1.0976948408342482,124.14484717,4,0.00055245,-0.120072641817,브이아이운용,KRX ESG Leaders 150,패시브,비과세,20171213,,,,,,,,,,효성중공업,2.3199670340020626,HD현대중공업,2.258414177020523,삼양식품,2.0737556060759035,우리금융지주,1.9013707043351573,LS ELECTRIC,1.8040743837611,2026-05-07 11:19:49,9월 6일 국내 ETF 1020개 데이터.xlsx / 국내 월배당 ETF 총정리.xlsx / 9월 1주 국내 월배당 ETF 분배금 지급현황.xlsx
474920,474920.KS,에셋플러스 차이나일등기업포커스10액티브,K55364E70822,해외주식,시장대표,,,,,,,Y,Y,2,-1.125435557617,0.827946787354,10.442176171358,20.929318728502,20.703778530071,27.858834798627,79.504757892492,,0.99,1.15,1.3466,17955,265,1.4980214810627472,184.35451318,3488,0.62152314,0.207662591333,에셋플러스운용,"MSCI China Index(USD, Price Return)",액티브,배당소득세(보유기간과세),20240116,,,,,,,,,,FOXCONN INDUSTRIAL INTERNE-A,10.955674194355044,Tencent Music Entertainment - ADR,10.486020182238686,CONTEMPORARY AMPEREX TECHNOLOGY,9.877197838333675,XIAOMI CORP-CLASS B,9.31448100560449,TAIWAN SEMICONDUCTOR-SP ADR,8.49049713877474,2026-05-07 11:19:49,9월 6일 국내 ETF 1020개 데이터.xlsx / 국내 월배당 ETF 총정리.xlsx / 9월 1주 국내 월배당 ETF 분배금 지급현황.xlsx
332620,332620.KS,PLUS 미국장기우량회사채,K55213CS6329,채권,해외채권,,,"월배당, 채권",Y,Y,Y,Y,Y,3,0.865356724944,0.822670903025,0.962066337752,6.39792036133,-2.654500894023,-0.576006526229,2.251696402648,4.606065391848,0.315,0.4,0.4,94360,775,0.8281241651974142,317.69657807,762,0.71977599,0.060051360757,한화운용,ICE BofaAML 15+ Year AAA-A US Corporate Index(총수익지수),패시브,배당소득세(보유기간과세),20190820,채권,0.3489,20250827,20250829,326,2.0789,1943,6,Y,PFE 5.3 05/19/53,4.2673776861814385,JPM 3.964 11/15/48,4.216205338702065,BRKHEC 3.65 08/01/48,3.7260988588734665,MSFT 3.7 08/08/46,3.6721723200583547,KO 2 7/8 05/05/41,3.4402179745714285,2026-05-07 11:19:49,9월 6일 국내 ETF 1020개 데이터.xlsx / 국내 월배당 ETF 총정리.xlsx / 9월 1주 국내 월배당 ETF 분배금 지급현황.xlsx
407310,407310.KS,HANARO 200 TOP10,K55232DO9372,국내주식,규모,,,,,,,Y,Y,2,0.084726596829,0.822617194034,0.039146150873,14.353954686919,16.154985537759,20.325433222485,13.239414796073,19.448853488849,0.15,0.26,0.2631,9050,-5,-0.05521811154058531,136.08194187,191,0.01729915,-0.08673396773,NH-Amundi운용,코스피 200 Top 10 지수,패시브,비과세,20211124,,,,,,,,,,HD현대중공업,10.97230795300472,삼성전자,10.650369303443645,LG에너지솔루션,10.432009950710006,NAVER,10.321333143179192,SK하이닉스,10.187478527257657,2026-05-07 11:19:49,9월 6일 국내 ETF 1020개 데이터.xlsx / 국내 월배당 ETF 총정리.xlsx / 9월 1주 국내 월배당 ETF 분배금 지급현황.xlsx
411540,411540.KS,SOL 200 Top10,K55210DP5615,국내주식,규모,,,,,,,Y,Y,2,0.089964707799,0.822376681627,0.035424613478,14.508956204571,16.247812598334,20.439796905435,13.242334472383,19.33865716149,0.15,0.28,0.3065,9220,10,0.10857763300760044,83.10724035,1275,0.11752195,-0.010460393056,신한자산운용,코스피 200 Top 10 지수,패시브,비과세,20211209,,,,,,,,,,HD현대중공업,10.976653685924001,삼성전자,10.66032213619725,LG에너지솔루션,10.454235408893394,NAVER,10.314228180259306,SK하이닉스,10.18764555778695,2026-05-07 11:19:49,9월 6일 국내 ETF 1020개 데이터.xlsx / 국내 월배당 ETF 총정리.xlsx / 9월 1주 국내 월배당 ETF 분배금 지급현황.xlsx
244670,244670.KS,KODEX 밸류Plus,K55105BD0586,국내주식,전략,,,,,,,Y,Y,2,0.357139499765,0.81497780338,-1.017297170634,1.045814847576,19.221710085484,29.056826062157,24.265213972866,27.285714595405,0.3,0.35,0.4411,9700,70,0.726895119418484,58.23561785,748,0.07235635,-0.132497150803,삼성운용,FnGuide 밸류 Plus 지수,패시브,비과세,20160513,,,,,,,,,,GS글로벌,3.996020429210874,한섬,3.6541834450920136,LG전자,3.4838724622286756,GS,3.3221322566172407,LX인터내셔널,3.269123692628878,2026-05-07 11:19:49,9월 6일 국내 ETF 1020개 데이터.xlsx / 국내 월배당 ETF 총정리.xlsx / 9월 1주 국내 월배당 ETF 분배금 지급현황.xlsx
481190,481190.KS,SOL 미국테크TOP10,K55210EB0009,해외주식,업종섹터,,,미국/테크,,,,Y,Y,2,1.059737233326,0.814188267456,4.734368533689,19.269471100313,20.509311691922,9.025057692926,43.704424724898,,0.05,0.09,0.2037,14845,205,1.400273224043716,2002.60385849,294665,43.72362392,0.072438789327,신한자산운용,Solactive US Tech TOP 10 Custom Index(PR),패시브,배당소득세(보유기간과세),20240521,,,,,,,,,,NVIDIA,19.001951307633203,MICROSOFT,17.611302259984924,APPLE INC,16.93386679978093,ALPHABET INC-CL A,13.328769388553457,Amazon.com Inc,10.210103098517822,2026-05-07 11:19:49,9월 6일 국내 ETF 1020개 데이터.xlsx / 국내 월배당 ETF 총정리.xlsx / 9월 1주 국내 월배당 ETF 분배금 지급현황.xlsx
448570,448570.KS,FOCUS AI코리아액티브,K55104DY6843,국내주식,시장대표,국내주식테마/섹터,AI&로봇,미국/테크,,,,Y,Y,2,-0.191922520515,0.812535632431,-1.655801329498,14.15806796113,25.680997543899,37.49589534555,25.331256396152,,0.455,0.49,0.5699,15505,20,0.12915724895059735,325.66169969,207,0.03206845,-0.180453416318,브이아이운용,코스피,액티브,배당소득세(보유기간과세),20221115,,,,,,,,,,삼성전자,13.05300501624019,현대로템,5.55319088229548,현대모비스,5.346231236070916,한화에어로스페이스,5.176641997693212,NAVER,5.107461484897121,2026-05-07 11:19:49,9월 6일 국내 ETF 1020개 데이터.xlsx / 국내 월배당 ETF 총정리.xlsx / 9월 1주 국내 월배당 ETF 분배금 지급현황.xlsx
453640,453640.KS,KODEX 미국S&P500헬스케어,K55105DZ2626,해외주식,업종섹터,해외주식테마/섹터,바이오 & 헬스케어,미국/테크,,,,Y,Y,2,0.261789794236,0.81218016494,3.423643567587,5.684529747416,-10.767079145653,-4.705281278259,-8.060940332472,,0.25,0.37,0.4544,11640,40,0.3448275862068966,423.46994679,38964,4.5267488,0.343391819118,삼성운용,S&P Health Care Select Sector Index,패시브,배당소득세(보유기간과세),20230321,,,,,,,,,,ELI LILLY & CO,10.667587736868564,JOHNSON & JOHNSON,7.890026363673333,ABBVIE INC,6.88836494176544,UNITEDHEALTH GROUP INC,5.132402399466324,Health Care Select Sector SPDR,5.050243087431008,2026-05-07 11:19:49,9월 6일 국내 ETF 1020개 데이터.xlsx / 국내 월배당 ETF 총정리.xlsx / 9월 1주 국내 월배당 ETF 분배금 지급현황.xlsx
447620,447620.KS,SOL 미국TOP5채권혼합40 Solactive,K55210DY4419,자산배분,주식+채권,,,채권,,,,Y,Y,4,0.455731235081,0.808602802589,2.874999276958,8.469206351696,8.145235938655,4.482895063355,15.888738290904,,0.25,0.33,0.3475,14285,35,0.24561403508771928,739.88738584,52478,7.50230377,0.245319892122,신한자산운용,Solactive US TOP5 Balanced40 Index,패시브,배당소득세(보유기간과세),20221129,,,,,,,,,,국고01125-2509(20-6),38.14472490619348,SOL KIS단기통안채,14.652220113718167,ALPHABET INC-CL A,11.086943946249812,APPLE INC,9.50371210347142,NVIDIA,9.500822906435241,2026-05-07 11:19:49,9월 6일 국내 ETF 1020개 데이터.xlsx / 국내 월배당 ETF 총정리.xlsx / 9월 1주 국내 월배당 ETF 분배금 지급현황.xlsx
381170,381170.KS,TIGER 미국테크TOP10 INDXX,K55301DG0369,해외주식,업종섹터,,,미국/테크,,,,Y,Y,1,1.058061674799,0.807992726115,4.705045130833,19.21166249266,20.310736426912,8.694390885194,43.372408993268,149.342501693539,0.49,0.56,0.6132,27455,370,1.366069780321211,34271.93207457,2452544,673.1869057,0.078436430712,미래에셋운용,Indxx US Tech Top 10 Index,패시브,배당소득세(보유기간과세),20210409,,,,,,,,,,NVIDIA CORP,19.00184695515318,MICROSOFT CORP,17.611405822065553,APPLE INC,16.93397175388389,ALPHABET INC-CL A,13.33390405321128,AMAZON.COM INC,10.209799716815244,2026-05-07 11:19:49,9월 6일 국내 ETF 1020개 데이터.xlsx / 국내 월배당 ETF 총정리.xlsx / 9월 1주 국내 월배당 ETF 분배금 지급현황.xlsx
483280,483280.KS,KODEX 미국AI테크TOP10타겟커버드콜,K55105EA9041,해외주식,전략,해외주식테마/섹터,AI&로봇,"월배당, 커버드콜, 미국/테크",Y,Y,Y,Y,Y,1,0.957202538052,0.805943323433,3.619489525118,19.907453790574,23.863049333568,10.400276419307,44.93661207906,,0.39,0.48,0.5767,11740,150,1.2942191544434858,4565.14037012,536893,63.00126169,0.080469606985,삼성운용,KEDI 미국AI테크TOP10+15%프리미엄 지수(Total Return),패시브,배당소득세(보유기간과세),20240528,해외주식,1.2231,20250827,20250829,142,13.722,1591,12,Y,NVIDIA Corp,19.207807623358544,MICROSOFT,17.780458504566287,ALPHABET INC-CL A,15.089635576207824,APPLE Inc,12.129792656164518,Amazon.com Inc,9.837270514572584,2026-05-07 11:19:49,9월 6일 국내 ETF 1020개 데이터.xlsx / 국내 월배당 ETF 총정리.xlsx / 9월 1주 국내 월배당 ETF 분배금 지급현황.xlsx
376410,376410.KS,TIGER 탄소효율그린뉴딜,K55301DE5626,국내주식,전략,,,,,,,Y,Y,2,0.120928892077,0.805923953578,0.524149852332,14.309533315399,27.289403671456,36.060546488725,25.657373497667,45.687698097688,0.09,0.15,0.1813,10610,35,0.3309692671394799,106.30653916,9172,0.97384605,-0.252769312868,미래에셋운용,KRX/S&P 탄소효율 그린뉴딜지수,패시브,비과세,20210205,,,,,,,,,,삼성전자,21.926459174637095,SK하이닉스,6.8994571801062365,현대차,2.2898132490397534,NAVER,2.195967277663406,기아,1.9585782262687657,2026-05-07 11:19:49,9월 6일 국내 ETF 1020개 데이터.xlsx / 국내 월배당 ETF 총정리.xlsx / 9월 1주 국내 월배당 ETF 분배금 지급현황.xlsx
278540,278540.KS,KODEX MSCI Korea TR,K55105BW1235,국내주식,시장대표,국내시장지수,MSCI Korea,,,,,Y,Y,2,0.055297248599,0.805912575839,0.669306105439,16.264048323827,27.770225595726,35.750741117132,22.958984996373,41.915761335207,0.09,0.12,0.1314,14505,90,0.6243496357960457,7174.21182133,5426,0.78615835,-0.19351547472,삼성운용,MSCI KOREA Gross TR(Total Return) Index,패시브,배당소득세(보유기간과세),20171109,,,,,,,,,,삼성전자,24.57770181783932,SK하이닉스,10.740776636622966,삼성전자우,3.4571860752288996,KB금융,2.9112316052508804,NAVER,2.4017764473839214,2026-05-07 11:19:49,9월 6일 국내 ETF 1020개 데이터.xlsx / 국내 월배당 ETF 총정리.xlsx / 9월 1주 국내 월배당 ETF 분배금 지급현황.xlsx
332940,332940.KS,HANARO MSCI Korea TR,K55232CU2974,국내주식,시장대표,국내시장지수,MSCI Korea,,,,,Y,Y,2,0.051310257874,0.803761213692,0.664355479188,16.253110635487,27.712832678637,35.68047151625,22.834974397216,41.64951365777,0.12,0.18,0.1916,18115,-95,-0.5216913783635365,435.69180686,162,0.02938615,-0.066496067783,NH-Amundi운용,MSCI Korea TR Index,패시브,배당소득세(보유기간과세),20190828,,,,,,,,,,삼성전자,24.53386882776921,SK하이닉스,10.706974024290336,삼성전자우,3.449062287087173,KB금융,2.903062082966698,NAVER,2.3919057956423035,2026-05-07 11:19:49,9월 6일 국내 ETF 1020개 데이터.xlsx / 국내 월배당 ETF 총정리.xlsx / 9월 1주 국내 월배당 ETF 분배금 지급현황.xlsx
156080,156080.KS,KODEX MSCI Korea,KR5105AA2075,국내주식,시장대표,국내시장지수,MSCI Korea,,,,,Y,Y,2,0.050405676897,0.803486446945,0.662944499777,16.239954919038,27.763845824032,35.6882983714,22.996182759673,41.573859991766,0.09,0.13,0.1399,19630,-15,-0.07635530669381523,137.31883323,11,0.0021605,-0.151277248437,삼성운용,MSCI KOREA Index,패시브,비과세,20120430,,,,,,,,,,삼성전자,24.55245639811832,SK하이닉스,10.725038718362802,삼성전자우,3.452766218746585,KB금융,2.9052851691590647,NAVER,2.3941448234699876,2026-05-07 11:19:49,9월 6일 국내 ETF 1020개 데이터.xlsx / 국내 월배당 ETF 총정리.xlsx / 9월 1주 국내 월배당 ETF 분배금 지급현황.xlsx
395290,395290.KS,HANARO Fn K-POP&미디어,K55232DL2883,국내주식,업종섹터,,,,,,,Y,Y,1,1.45241307507,0.802087390323,6.326230458899,2.079641193127,16.217900196177,42.075548328648,69.302581193767,24.079746238208,0.45,0.51,0.5205,9550,160,1.703940362087327,706.70172042,199823,19.17851445,-0.011068761007,NH-Amundi운용,FnGuide K-POP & 미디어 지수,패시브,비과세,20210730,,,,,,,,,,하이브,24.21547406723363,JYP Ent.,19.0530992307497,에스엠,16.98850688978193,와이지엔터테인먼트,13.005339605048738,CJ ENM,7.869294727797944,2026-05-07 11:19:49,9월 6일 국내 ETF 1020개 데이터.xlsx / 국내 월배당 ETF 총정리.xlsx / 9월 1주 국내 월배당 ETF 분배금 지급현황.xlsx
474220,474220.KS,TIGER 미국테크TOP10타겟커버드콜,K55301E79429,해외주식,전략,,,"월배당, 커버드콜, 미국/테크",Y,Y,Y,Y,Y,2,0.953126279192,0.801577245717,4.309064931745,18.287963828921,17.103552338343,5.78586005274,41.073769672257,,0.5,0.61,0.7186,14595,195,1.3541666666666667,5020.09575368,568548,82.96609543,0.057498100868,미래에셋운용,Bloomberg U.S. Tech Top10+10% Premium Covered Call Index,패시브,배당소득세(보유기간과세),20240116,해외주식,0.8345,20250812,20250814,120,9.1996,1326,12,Y,NVIDIA CORP,19.334303944047516,MICROSOFT CORP,18.156521472885665,APPLE INC,16.956839255511895,ALPHABET INC-CL A,11.733883045602203,AMAZON.COM INC,10.434544380897474,2026-05-07 11:19:49,9월 6일 국내 ETF 1020개 데이터.xlsx / 국내 월배당 ETF 총정리.xlsx / 9월 1주 국내 월배당 ETF 분배금 지급현황.xlsx
310970,310970.KS,TIGER MSCI Korea TR,K55301CG5815,국내주식,시장대표,국내시장지수,MSCI Korea,,,,,Y,Y,2,0.055837334915,0.799424312733,0.682476384265,16.301550215773,27.848025783565,35.831785481718,23.020587149619,42.095385276552,0.12,0.17,0.1933,18225,80,0.44089280793607055,15891.14573651,2545,0.4634658,-0.116369959853,미래에셋운용,MSCI Korea TR Index,패시브,배당소득세(보유기간과세),20181120,,,,,,,,,,삼성전자,24.55342962867759,SK하이닉스,10.720071973972962,삼성전자우,3.4533417399360338,KB금융,2.908676330773257,NAVER,2.394268890239889,2026-05-07 11:19:49,9월 6일 국내 ETF 1020개 데이터.xlsx / 국내 월배당 ETF 총정리.xlsx / 9월 1주 국내 월배당 ETF 분배금 지급현황.xlsx
375770,375770.KS,KODEX 탄소효율그린뉴딜,K55105DD7480,국내주식,전략,,,,,,,Y,Y,2,0.145136485967,0.798843993675,0.518334208918,14.568855212124,27.667696681155,36.339638981611,25.847529279482,46.057061733618,0.09,0.14,0.1815,10690,60,0.5644402634054563,256.69672672,2992,0.31964985,-0.207921825765,삼성운용,KRX/S&P 탄소효율그린뉴딜 지수,패시브,비과세,20210205,,,,,,,,,,삼성전자,22.205457679064363,SK하이닉스,6.9834682377549635,현대차,2.317923736610607,NAVER,2.2256743974906232,기아,1.9872496875933943,2026-05-07 11:19:49,9월 6일 국내 ETF 1020개 데이터.xlsx / 국내 월배당 ETF 총정리.xlsx / 9월 1주 국내 월배당 ETF 분배금 지급현황.xlsx
0065G0,0065G0.KS,KODEX 차이나테크TOP10,K55105EK8991,해외주식,업종섹터,,,미국/테크,,,,Y,Y,2,-1.544588427454,0.795432695297,2.387849400195,,,,,,0.45,0.47,0.5636,10580,135,1.292484442316898,737.5606416,63727,6.71057489,-0.766609530701,삼성운용,Hang Seng China Tech Top 10 Select Index (HKD) (Price Return),패시브,배당소득세(보유기간과세),20250617,,,,,,,,,,TENCENT HOLD,16.84414183384226,Alibaba group holding ltd,16.728112369164368,XIAOMI CORP-CLASS B,14.60909613126948,MEITUAN DIANPING,10.4541221709063,BYD CO LTD -A,9.362656048303444,2026-05-07 11:19:49,9월 6일 국내 ETF 1020개 데이터.xlsx / 국내 월배당 ETF 총정리.xlsx / 9월 1주 국내 월배당 ETF 분배금 지급현황.xlsx
474590,474590.KS,WON 반도체밸류체인액티브,K55107E85195,국내주식,업종섹터,,,,,,,Y,Y,2,0.805426727569,0.795182522753,2.420574085289,16.893426662868,31.993039007546,44.422596105498,31.057346334437,,0.31,0.37,0.4549,11615,80,0.693541395752059,168.26715342,9428,1.09706635,-0.175475494552,우리운용,FnGuide 반도체 밸류체인 (Price Return) 지수,액티브,배당소득세(보유기간과세),20240116,,,,,,,,,,SK하이닉스,22.364255335380392,삼성전자,22.07195991215597,이수페타시스,5.3965166127354065,삼성전기,4.788615594787281,이오테크닉스,4.74450286114696,2026-05-07 11:19:49,9월 6일 국내 ETF 1020개 데이터.xlsx / 국내 월배당 ETF 총정리.xlsx / 9월 1주 국내 월배당 ETF 분배금 지급현황.xlsx
0097L0,0097L0.KS,KIWOOM 한국고배당&미국AI테크,K55206EN5646,해외주식,전략,,,"배당, 미국/테크",,,,Y,Y,2,0.246127347781,0.791794691306,,,,,,,0.45,,,10090,45,0.44798407167745147,100.80518351,288914,29.10229588,-0.034870308859,키움투자운용,Akros 미국AI테크TOP10&한국고배당3070 지수,패시브,배당소득세(보유기간과세),20250902,,,,,,,,,,DB손해보험,6.036004391283162,NVIDIA CORP,5.862042350105329,삼성증권,5.6994471884459,현대엘리베이터,5.684543028134296,MICROSOFT CORP,5.505170556109566,2026-05-07 11:19:49,9월 6일 국내 ETF 1020개 데이터.xlsx / 국내 월배당 ETF 총정리.xlsx / 9월 1주 국내 월배당 ETF 분배금 지급현황.xlsx
375760,375760.KS,HANARO 탄소효율그린뉴딜,K55232DE0613,국내주식,전략,,,,,,,Y,Y,2,0.113837061499,0.789675335341,0.490720580741,14.308831457331,27.22383827182,35.885180995737,25.342422820997,44.869007058219,0.2,0.35,0.3627,10515,-5,-0.04752851711026616,94.58466434,3054,0.320708,0.010176011065,NH-Amundi운용,KRX/S&P 탄소효율 그린뉴딜지수,패시브,비과세,20210205,,,,,,,,,,삼성전자,22.25781471812865,SK하이닉스,7.016518675790759,현대차,2.3201961122952124,NAVER,2.225104926132638,기아,1.9845660287451459,2026-05-07 11:19:49,9월 6일 국내 ETF 1020개 데이터.xlsx / 국내 월배당 ETF 총정리.xlsx / 9월 1주 국내 월배당 ETF 분배금 지급현황.xlsx
368680,368680.KS,KODEX K-뉴딜디지털플러스,K55105DB2905,국내주식,업종섹터,,,,,,,Y,Y,2,-0.291395031677,0.785231687262,-1.709355025715,14.19693348775,1.885362448449,11.386413000664,1.550191737954,-10.086620593172,0.09,0.15,0.1937,7805,-5,-0.06402048655569782,78.09624204,176,0.01369615,-0.172925933588,삼성운용,FnGuide K-뉴딜 디지털 플러스 지수,패시브,비과세,20201110,,,,,,,,,,NAVER,10.455727992234127,카카오,10.45540723683206,알테오젠,10.436739272431804,POSCO홀딩스,9.801771878501446,셀트리온,9.499107081111728,2026-05-07 11:19:49,9월 6일 국내 ETF 1020개 데이터.xlsx / 국내 월배당 ETF 총정리.xlsx / 9월 1주 국내 월배당 ETF 분배금 지급현황.xlsx
495230,495230.KS,KoAct 코리아밸류업액티브,K553N9EF9468,국내주식,시장대표,,,월배당,Y,Y,Y,Y,Y,2,0.542202238786,0.783148481859,0.61433367255,13.721682904945,27.086360094913,33.502369996803,,,0.5,0.51,0.9246,12675,70,0.5553351844506148,430.91938523,20564,2.6004344,0.098584941101,삼성액티브자산운용,코리아 밸류업 지수(TR),액티브,배당소득세(보유기간과세),20241104,국내주식,0.1997,20250827,20250829,25,1.5628,197,9,Y,SK하이닉스,16.277273300542312,삼성전자,15.761919867103371,한화에어로스페이스,6.2266631506132075,KB금융,5.079646254447616,현대차,4.409000459889601,2026-05-07 11:19:49,9월 6일 국내 ETF 1020개 데이터.xlsx / 국내 월배당 ETF 총정리.xlsx / 9월 1주 국내 월배당 ETF 분배금 지급현황.xlsx
487240,487240.KS,KODEX AI전력핵심설비,K55105EC1749,국내주식,업종섹터,국내주식테마/섹터,AI&로봇,미국/테크,,,,Y,Y,2,2.028845687631,0.780288684709,-4.982340521975,28.607259298611,51.278553626993,69.356381447458,126.739256265135,,0.39,0.46,0.5168,16175,300,1.889763779527559,4312.21325488,1668278,269.45810097,-0.048137207716,삼성운용,iSelect AI전력핵심설비 지수(Price Return),패시브,비과세,20240709,,,,,,,,,,효성중공업,25.924467513463913,HD현대일렉트릭,18.83509016793707,LS ELECTRIC,18.38833143354922,LS,13.209737969076034,대한전선,7.24369286000539,2026-05-07 11:19:49,9월 6일 국내 ETF 1020개 데이터.xlsx / 국내 월배당 ETF 총정리.xlsx / 9월 1주 국내 월배당 ETF 분배금 지급현황.xlsx
368190,368190.KS,HANARO Fn K-뉴딜디지털플러스,K55232DB8908,국내주식,업종섹터,,,,,,,Y,Y,2,-0.294130553256,0.778655270611,-1.747578495348,14.096272195713,1.682897648242,11.125063830616,1.162678022501,-11.051243781831,0.45,0.51,0.5249,7735,25,0.324254215304799,363.09694456,5161,0.39684195,0.016440788535,NH-Amundi운용,FnGuide K-뉴딜 디지털 플러스 지수,패시브,비과세,20201110,,,,,,,,,,NAVER,10.469914026007913,카카오,10.459290196005776,알테오젠,10.417831347216952,POSCO홀딩스,9.78739772782188,셀트리온,9.525999686208339,2026-05-07 11:19:49,9월 6일 국내 ETF 1020개 데이터.xlsx / 국내 월배당 ETF 총정리.xlsx / 9월 1주 국내 월배당 ETF 분배금 지급현황.xlsx
480460,480460.KS,WON 한국부동산TOP3플러스,K55107EA8553,부동산,,,,"월배당, 리츠/부동산",Y,Y,Y,Y,Y,2,0.250144116011,0.76890522845,0.238697255969,1.012757365899,-0.115571810568,8.030173775172,-1.615671926734,,0.25,0.3,0.3239,9720,-5,-0.05141388174807198,97.38703416,493,0.0478023,0.039880440961,우리운용,DeepSearch 한국부동산TOP3플러스 지수,패시브,비과세(분리과세부동산ETF),20240430,부동산,0.5165,20250827,20250829,50,6.1764,600,12,Y,맥쿼리인프라,20.560898633848808,신한알파리츠,19.81645230400256,ESR켄달스퀘어리츠,12.19475659311803,이지스밸류리츠,8.755091472791904,롯데리츠,6.38961789776603,2026-05-07 11:19:49,9월 6일 국내 ETF 1020개 데이터.xlsx / 국내 월배당 ETF 총정리.xlsx / 9월 1주 국내 월배당 ETF 분배금 지급현황.xlsx
395750,395750.KS,PLUS ESG가치주액티브,K55213DK8967,국내주식,전략,,,,,,,Y,Y,2,0.344573249894,0.766621493514,2.045822888173,13.38031474347,23.857766856474,30.793047958514,21.266931645965,32.893670839087,0.105,0.16,0.2046,9910,50,0.5070993914807302,54.47302076,678,0.0671026,0.062488708733,한화운용,FnGuide 한화 ESG 가치 지수,액티브,배당소득세(보유기간과세),20210730,,,,,,,,,,삼성전자,14.73046198387058,SK하이닉스,7.450152513011275,현대글로비스,2.6407176486940385,현대모비스,2.540148461797392,현대차,2.182533429797498,2026-05-07 11:19:49,9월 6일 국내 ETF 1020개 데이터.xlsx / 국내 월배당 ETF 총정리.xlsx / 9월 1주 국내 월배당 ETF 분배금 지급현황.xlsx
337120,337120.KS,KODEX 멀티팩터,K55105CX0524,국내주식,전략,,,,,,,Y,Y,2,0.331643432989,0.762360278772,0.705217534621,12.663079862458,26.247965294101,34.771396429337,27.013346188033,41.720515922005,0.3,0.36,0.4056,15295,105,0.6912442396313364,92.04567194,3,0.00045915,-0.117053593777,삼성운용,FnGuide 멀티팩터 지수,패시브,비과세,20191114,,,,,,,,,,삼성전자,16.38036168231399,SK하이닉스,8.586091097965122,삼성바이오로직스,2.473366878916369,KB금융,2.039678110490681,한화에어로스페이스,1.897043277589235,2026-05-07 11:19:49,9월 6일 국내 ETF 1020개 데이터.xlsx / 국내 월배당 ETF 총정리.xlsx / 9월 1주 국내 월배당 ETF 분배금 지급현황.xlsx
277540,277540.KS,ACE 아시아TOP50S&P,K55101BU2759,해외주식,시장대표,,,,,,,Y,Y,2,-0.372604495824,0.751315453833,1.97654431734,12.748352137403,11.100613490595,17.437390770195,39.205408685039,58.090559723096,0.7,1.03,1.1249,19855,290,1.482238691541017,157.6692989,1580,0.31030575,-0.23964261369,한국투자신탁운용,S&P ASIA50 Price Return Index,패시브,배당소득세(보유기간과세),20170823,,,,,,,,,,TAIWAN SEMICONDUCTOR MANUFAC,24.379554641298743,TENCENT HOLDINGS LTD,12.629041528139476,ALIBABA GROUP HOLDING LTD,7.333731052436198,삼성전자,6.451691440834042,XIAOMI CORP-CLASS B,3.1743898099356427,2026-05-07 11:19:49,9월 6일 국내 ETF 1020개 데이터.xlsx / 국내 월배당 ETF 총정리.xlsx / 9월 1주 국내 월배당 ETF 분배금 지급현황.xlsx
476070,476070.KS,KODEX 글로벌비만치료제TOP2 Plus,K55105E79341,해외주식,업종섹터,,,,,,,Y,Y,2,0.148498002398,0.742999810379,4.50468860474,3.511977373367,-13.164131453353,-9.795578411601,-24.369012199809,,0.45,0.55,0.6293,9360,5,0.05344735435595938,648.87711259,46437,4.35524671,-0.26638208256,삼성운용,iSelect 글로벌 비만치료제 TOP2 Plus 지수(PR),패시브,배당소득세(보유기간과세),20240214,,,,,,,,,,ELI LILLY & CO,23.93312790115538,Novo Nordisk A/S,18.903397741249247,Rhythm Pharmaceuticals Inc,10.28392566459935,ASTRAZENECA SPON ADR EACH REP 0.50 ORD S,7.301729103987995,REGENERON PHARM,7.128624060255521,2026-05-07 11:19:49,9월 6일 국내 ETF 1020개 데이터.xlsx / 국내 월배당 ETF 총정리.xlsx / 9월 1주 국내 월배당 ETF 분배금 지급현황.xlsx
400970,400970.KS,TIGER Fn메타버스,K55301DM9925,국내주식,업종섹터,,,,,,,Y,Y,1,0.490744425321,0.741723506709,3.342753169365,6.521252259064,14.254024415339,23.85893749586,23.509349696694,-4.272608453337,0.45,0.51,0.5541,7750,70,0.9114583333333334,856.67012297,31381,2.43057302,-0.136252106502,미래에셋운용,FnGuide 메타버스테마 지수,패시브,비과세,20211013,,,,,,,,,,LG디스플레이,11.532046743326672,NAVER,11.08003351011728,엔씨소프트,10.755182588572179,하이브,9.11098828233751,크래프톤,8.460092134388686,2026-05-07 11:19:49,9월 6일 국내 ETF 1020개 데이터.xlsx / 국내 월배당 ETF 총정리.xlsx / 9월 1주 국내 월배당 ETF 분배금 지급현황.xlsx
453820,453820.KS,KODEX 인도Nifty50레버리지(합성),K55105E00685,레버리지/인버스,2X 레버리지,,,레버리지,,,,,,1,-0.422186864947,0.738000558425,-1.021183417795,-1.419929795756,7.355128066646,-10.966359591621,-11.06852272254,,0.39,0.45,0.4575,15680,-335,-2.09178894786138,237.04117571,11402,1.8030308,-0.205469943335,삼성운용,Nifty 50 Index,패시브,배당소득세(보유기간과세),20230421,,,,,,,,,,설정현금액,0,원화현금,0,스왑(하나금융투자),100,,,,,2026-05-07 11:19:49,9월 6일 국내 ETF 1020개 데이터.xlsx / 국내 월배당 ETF 총정리.xlsx / 9월 1주 국내 월배당 ETF 분배금 지급현황.xlsx
140570,140570.KS,RISE 수출주,KR5223A20043,국내주식,업종섹터,,,,,,,Y,Y,2,0.4658203028,0.731529284041,1.713662961099,16.692788944672,26.871524600613,39.075656804979,37.015419140341,45.398422910677,0.4,0.58,0.6069,15170,135,0.8979048885932823,60.66506885,20,0.0030295,-0.15454894984,KB운용,MKF 수출주 지수,패시브,비과세,20110415,,,,,,,,,,효성중공업,3.237362949375817,현대글로비스,2.759122235762483,한화오션,2.562965889313744,삼성전기,2.460181623960733,LG디스플레이,2.4147313509903188,2026-05-07 11:19:49,9월 6일 국내 ETF 1020개 데이터.xlsx / 국내 월배당 ETF 총정리.xlsx / 9월 1주 국내 월배당 ETF 분배금 지급현황.xlsx
461490,461490.KS,RISE 글로벌자산배분액티브,K55223E34636,자산배분,,,,,,,,Y,Y,4,0.453107160972,0.723680557639,1.762616238858,5.315252486572,4.397241095144,6.110785304918,16.42971024769,,0.01,0.09,0.1349,13780,70,0.5105762217359592,2605.82225084,295314,40.65408831,-0.076355400255,KB운용,Bloomberg Multi-Asset Weighted (KRW ETFs) 지수(시장가격),액티브,배당소득세(보유기간과세),20230627,,,,,,,,,,RISE 미국S&P500,26.750259683507522,KODEX 종합채권(AA-이상)액티브,17.75525882680506,RISE 종합채권(A-이상)액티브,16.699413113707358,TIGER 종합채권(AA-이상)액티브,16.238964802225343,TIGER KRX금현물,14.134327695677932,2026-05-07 11:19:49,9월 6일 국내 ETF 1020개 데이터.xlsx / 국내 월배당 ETF 총정리.xlsx / 9월 1주 국내 월배당 ETF 분배금 지급현황.xlsx
102960,102960.KS,KODEX 기계장비,KR5105837854,국내주식,업종섹터,,,,,,,Y,Y,1,-0.026703720667,0.721390350075,0.167689447854,25.94995511099,46.171674248409,68.605923815708,76.384481481126,109.611900944817,0.45,0.47,0.5062,11580,-5,-0.04315925766076824,153.09729514,7384,0.85543845,-0.065210267221,삼성운용,KRX 기계장비,패시브,비과세,20080529,,,,,,,,,,두산에너빌리티,14.862610114480466,HD한국조선해양,10.772402642972516,현대로템,8.228570152838492,삼성중공업,7.62303894073422,한화오션,7.40785481130686,2026-05-07 11:19:49,9월 6일 국내 ETF 1020개 데이터.xlsx / 국내 월배당 ETF 총정리.xlsx / 9월 1주 국내 월배당 ETF 분배금 지급현황.xlsx
326230,326230.KS,RISE 내수주플러스,K55223CR0586,국내주식,전략,,,,,,,Y,Y,2,0.004688330671,0.721147567014,0.188677736816,8.915126178368,18.179770893714,24.282858464427,19.238935701776,29.589996472564,0.4,0.47,0.4801,10010,15,0.1500750375187594,290.73530805,906,0.090557,0.002405262672,KB운용,FnGuide 내수주플러스 지수,패시브,비과세,20190620,,,,,,,,,,KT&G,8.387100600511738,한국전력,7.571225356134668,KT,5.553847122574732,LG전자,5.54910248801822,SK텔레콤,4.969752323766795,2026-05-07 11:19:49,9월 6일 국내 ETF 1020개 데이터.xlsx / 국내 월배당 ETF 총정리.xlsx / 9월 1주 국내 월배당 ETF 분배금 지급현황.xlsx
404260,404260.KS,KODEX 기후변화솔루션,K55105DN4469,국내주식,전략,,,,,,,Y,Y,1,0.756713441453,0.716588954654,0.95520649507,11.214265970902,32.182514320529,42.377090578043,21.438854184768,41.991271624438,0.09,0.15,0.2192,12525,130,1.0488100040338846,112.91753525,2528,0.3165296,-0.202468958549,삼성운용,KRX 기후변화 솔루션 지수,패시브,비과세,20211029,,,,,,,,,,삼성전자,8.425829481766879,삼성SDI,8.29288693443934,SK하이닉스,8.069058796270088,엔켐,7.303133660038844,한화,6.330293457270947,2026-05-07 11:19:49,9월 6일 국내 ETF 1020개 데이터.xlsx / 국내 월배당 ETF 총정리.xlsx / 9월 1주 국내 월배당 ETF 분배금 지급현황.xlsx
404650,404650.KS,SOL KRX기후변화솔루션,K55210DO1706,국내주식,전략,,,,,,,Y,Y,1,0.760805167374,0.715931276305,0.942406103256,11.028768348243,31.818699061743,41.995904426687,20.855732178649,40.422413781465,0.15,0.35,0.382,12505,80,0.6438631790744467,75.30785511,76,0.00950715,-0.159422701448,신한자산운용,KRX 기후변화 솔루션지수,패시브,비과세,20211029,,,,,,,,,,삼성전자,8.421781307095932,삼성SDI,8.288542221913287,SK하이닉스,8.070336984636985,엔켐,7.296305471313582,한화,6.328185083588085,2026-05-07 11:19:49,9월 6일 국내 ETF 1020개 데이터.xlsx / 국내 월배당 ETF 총정리.xlsx / 9월 1주 국내 월배당 ETF 분배금 지급현황.xlsx
160580,160580.KS,TIGER 구리실물,KR5301AB9295,원자재,금속,,,원자재,,,,Y,Y,2,-0.724871648666,0.712936148725,2.585371744698,1.017712213404,-3.122069214235,3.453493842715,11.619268926004,25.339092717587,0.83,1.09,1.1205,11755,-55,-0.4657070279424217,398.4837544,23089,2.71183673,0.585371757744,미래에셋운용,S&P GSCI Cash Copper Index,패시브,배당소득세(보유기간과세),20121217,,,,,,,,,,창고증권(구리),97.79585617985242,COPPER FUT COMEX DEC 2025,2.1552975081781893,UNITED STATES COPPER INDEX,0.04884631196939366,설정현금액,0,원화현금,0,2026-05-07 11:19:49,9월 6일 국내 ETF 1020개 데이터.xlsx / 국내 월배당 ETF 총정리.xlsx / 9월 1주 국내 월배당 ETF 분배금 지급현황.xlsx
292050,292050.KS,RISE KRX300,K55223C53515,국내주식,시장대표,,,,,,,Y,Y,2,0.238641203282,0.710299315929,0.617139036892,14.980074182575,27.408033252778,36.589197142967,26.320043459666,48.256243345827,0.05,0.11,0.1262,20835,160,0.7738814993954051,72.90407626,26,0.0054168,-0.131759653929,KB운용,KRX 300,패시브,비과세,20180326,,,,,,,,,,삼성전자,21.01463435058788,SK하이닉스,9.540729909730072,KB금융,2.259494895652593,한화에어로스페이스,2.074056979985381,현대차,1.9094439020661191,2026-05-07 11:19:49,9월 6일 국내 ETF 1020개 데이터.xlsx / 국내 월배당 ETF 총정리.xlsx / 9월 1주 국내 월배당 ETF 분배금 지급현황.xlsx
404540,404540.KS,TIGER KRX기후변화솔루션,K55301DN6458,국내주식,전략,,,,,,,Y,Y,1,0.752657277817,0.708215522244,0.918941694895,11.074859610968,31.78724238406,42.031608276492,20.812205414768,41.783656194778,0.09,0.15,0.208,12645,100,0.7971303308090872,69.81803018,2106,0.2663656,-0.207558710748,미래에셋운용,KRX 기후변화 솔루션지수,패시브,비과세,20211029,,,,,,,,,,삼성전자,8.4386229949212,삼성SDI,8.297834450561385,SK하이닉스,7.8737946615184295,엔켐,7.2727726706188545,한화,6.354777150628324,2026-05-07 11:19:49,9월 6일 국내 ETF 1020개 데이터.xlsx / 국내 월배당 ETF 총정리.xlsx / 9월 1주 국내 월배당 ETF 분배금 지급현황.xlsx
292190,292190.KS,KODEX KRX300,K55105C52102,국내주식,시장대표,,,,,,,Y,Y,2,0.205352554275,0.707557304025,0.603852480838,15.232340950481,27.88406528782,36.989216966628,26.977416666256,49.091457016494,0.05,0.08,0.098,20315,110,0.5444196980945311,243.64567578,6306,1.27974135,-0.040672185112,삼성운용,KRX 300,패시브,비과세,20180326,,,,,,,,,,삼성전자,20.912733343528235,SK하이닉스,9.501018451921437,KB금융,2.2425091910833554,한화에어로스페이스,2.076493774059547,현대차,1.9102553179622628,2026-05-07 11:19:49,9월 6일 국내 ETF 1020개 데이터.xlsx / 국내 월배당 ETF 총정리.xlsx / 9월 1주 국내 월배당 ETF 분배금 지급현황.xlsx
292500,292500.KS,SOL KRX300,K55210C43489,국내주식,시장대표,,,,,,,Y,Y,2,0.202161950478,0.70664873172,0.593726877983,15.167394309504,27.726874835848,36.918008240038,26.703779306997,48.781970990788,0.05,0.13,0.1349,20685,80,0.3882552778451832,103.39319803,19,0.00392585,-0.105372827154,신한자산운용,KRX 300,패시브,비과세,20180326,,,,,,,,,,삼성전자,20.693143630154317,SK하이닉스,9.399212285642138,KB금융,2.219072803159864,한화에어로스페이스,2.0401153190340686,현대차,1.887575368279224,2026-05-07 11:19:49,9월 6일 국내 ETF 1020개 데이터.xlsx / 국내 월배당 ETF 총정리.xlsx / 9월 1주 국내 월배당 ETF 분배금 지급현황.xlsx
304760,304760.KS,HANARO KRX300,K55232CC8866,국내주식,시장대표,,,,,,,Y,Y,2,0.198685495612,0.704175648678,0.587442054047,15.13266479647,27.632118900865,36.802093972396,26.562757092645,48.314819393747,0.05,0.25,0.2566,19925,-60,-0.3002251688766575,79.90255436,106,0.02114825,-0.068045254868,NH-Amundi운용,KRX 300,패시브,비과세,20180814,,,,,,,,,,삼성전자,20.838248864374588,SK하이닉스,9.471917598106568,KB금융,2.2352630134573124,한화에어로스페이스,2.0583413304094718,현대차,1.9143318036798176,2026-05-07 11:19:49,9월 6일 국내 ETF 1020개 데이터.xlsx / 국내 월배당 ETF 총정리.xlsx / 9월 1주 국내 월배당 ETF 분배금 지급현황.xlsx
292160,292160.KS,TIGER KRX300,K55301C47735,국내주식,시장대표,,,,,,,Y,Y,2,0.1980735035,0.703978218827,0.590393114735,15.126318286899,27.680161681934,36.895838494901,26.709245653911,48.608752918788,0.09,0.13,0.146,20440,140,0.6896551724137931,102.15904282,1427,0.29157415,-0.160212080682,미래에셋운용,KRX 300,패시브,비과세,20180326,,,,,,,,,,삼성전자,20.918174452892856,SK하이닉스,9.500361953980994,KB금융,2.2437857261947243,한화에어로스페이스,2.0677584989260795,현대차,1.9131516604516567,2026-05-07 11:19:49,9월 6일 국내 ETF 1020개 데이터.xlsx / 국내 월배당 ETF 총정리.xlsx / 9월 1주 국내 월배당 ETF 분배금 지급현황.xlsx
292730,292730.KS,FOCUS KRX300,K55104C48079,국내주식,시장대표,,,,,,,Y,Y,2,0.196265192992,0.703365277132,0.599686013394,15.007526581288,27.485017814838,36.595011822981,26.299216348991,47.803202277252,0.095,0.23,0.2389,21085,240,1.1513552410650036,42.03578873,3,0.00063097,-0.060417729219,브이아이운용,KRX300,패시브,비과세,20180326,,,,,,,,,,삼성전자,20.908355707521796,SK하이닉스,9.497620891833186,KB금융,2.242427886961427,한화에어로스페이스,2.0982586215696255,현대차,1.9118671582142506,2026-05-07 11:19:49,9월 6일 국내 ETF 1020개 데이터.xlsx / 국내 월배당 ETF 총정리.xlsx / 9월 1주 국내 월배당 ETF 분배금 지급현황.xlsx
472160,472160.KS,TIGER 미국테크TOP10 INDXX(H),K55301E73182,해외주식,업종섹터,,,미국/테크,,,,Y,Y,2,1.155625601913,0.700736838222,4.236169040546,15.413401862181,23.572983128322,12.217237456215,34.392313432552,,0.49,0.58,0.7571,17000,245,1.4622500746045957,2692.11603058,862663,146.5169056,0.096270022287,미래에셋운용,Indxx US Tech Top 10 지수,패시브,배당소득세(보유기간과세),20231205,,,,,,,,,,NVIDIA CORP,9.377097762211562,MICROSOFT CORP,8.691186521153439,APPLE INC,8.356682379833208,ALPHABET INC-CL A,6.580082527182122,AMAZON.COM INC,5.038346667762652,2026-05-07 11:19:49,9월 6일 국내 ETF 1020개 데이터.xlsx / 국내 월배당 ETF 총정리.xlsx / 9월 1주 국내 월배당 ETF 분배금 지급현황.xlsx
466920,466920.KS,SOL 조선TOP3플러스,K55210E57725,국내주식,업종섹터,,,,,,,Y,Y,2,-0.449699884803,0.682433717089,8.843228087879,32.020408090569,59.903214760332,113.585215422601,184.576657482497,,0.45,0.51,0.5375,33165,-120,-0.3605227579990987,15266.70338163,3352963,1109.24487146,-0.053137977736,신한자산운용,FnGuide 조선TOP3플러스지수(PR),패시브,비과세,20231005,,,,,,,,,,한화오션,22.78683332338502,HD한국조선해양,19.092316295798675,삼성중공업,18.40937539502319,HD현대중공업,9.290990697879659,HD현대미포,8.305610013229195,2026-05-07 11:19:49,9월 6일 국내 ETF 1020개 데이터.xlsx / 국내 월배당 ETF 총정리.xlsx / 9월 1주 국내 월배당 ETF 분배금 지급현황.xlsx
407830,407830.KS,에셋플러스 글로벌플랫폼액티브,K55364DO6345,해외주식,시장대표,,,,,,,Y,Y,1,0.825443132629,0.675872412995,2.865025096198,13.582780950717,22.090482798348,13.428352866875,70.290891909169,137.926251318383,0.99,1.12,1.3082,15355,170,1.1195258478761936,536.1034919,5668,0.8688657,-0.091501777032,에셋플러스운용,S&P 500,액티브,배당소득세(보유기간과세),20211116,,,,,,,,,,TESLA INC,28.068530639727744,Alphabet Inc. Class C,8.532122191285701,XIAOMI CORP-CLASS B,5.461824979475107,Tencent Music Entertainment - ADR,5.258592141924169,TAIWAN SEMICONDUCTOR-SP ADR,5.047411925569219,2026-05-07 11:19:49,9월 6일 국내 ETF 1020개 데이터.xlsx / 국내 월배당 ETF 총정리.xlsx / 9월 1주 국내 월배당 ETF 분배금 지급현황.xlsx
166400,166400.KS,TIGER 200커버드콜OTM,KR5301AC6688,국내주식,전략,,,"월배당, 커버드콜",Y,Y,Y,Y,Y,2,0.170332621814,0.671030181033,1.049099940322,8.361003563163,17.586273635981,26.230003352678,19.312409253228,37.730990012507,0.38,0.4,0.4495,14380,90,0.6298110566829951,71.98181368,1891,0.2717313,-0.262918789076,미래에셋운용,코스피 200 커버드콜지수,패시브,배당소득세(보유기간과세),20121025,국내주식,0.3994,20250827,20250829,57,4.0844,587,12,Y,삼성전자,20.257920378525377,SK하이닉스,9.204113678877718,선물2025년09월물,7.564128511341614,TIGER 200,2.8917430839847564,KB금융,2.170026801734534,2026-05-07 11:19:49,9월 6일 국내 ETF 1020개 데이터.xlsx / 국내 월배당 ETF 총정리.xlsx / 9월 1주 국내 월배당 ETF 분배금 지급현황.xlsx
211560,211560.KS,TIGER 배당성장,KR5301AX7368,국내주식,전략,배당,국내,배당,,,,Y,Y,2,0.233213886613,0.668248866983,1.536109700266,9.691117251839,28.242374331426,35.835011470303,30.055158015787,74.327419883878,0.15,0.18,0.2661,24655,150,0.612119975515201,532.4078076,18265,4.49734083,0.044861255886,미래에셋운용,코스피 배당성장 50,패시브,비과세,20141217,,,,,,,,,,DB손해보험,5.084002423965147,기아,4.689629526094278,현대차,4.143277514312572,삼성증권,4.08455303592514,삼성카드,4.071472810327567,2026-05-07 11:19:49,9월 6일 국내 ETF 1020개 데이터.xlsx / 국내 월배당 ETF 총정리.xlsx / 9월 1주 국내 월배당 ETF 분배금 지급현황.xlsx
266370,266370.KS,KODEX IT,K55105BM5634,국내주식,업종섹터,,,,,,,Y,Y,2,0.66512708624,0.667215973909,2.469830979298,18.290636210522,21.149965494579,28.359340716074,10.358222221729,22.288705138633,0.45,0.46,0.5076,18685,205,1.1093073593073592,224.16731285,3283,0.61444037,-0.030520519,삼성운용,KRX 정보기술,패시브,비과세,20170328,,,,,,,,,,SK하이닉스,27.442740167721816,삼성전자,18.513869297849443,삼성SDI,9.026657293333503,삼성전기,7.267987540546475,삼성에스디에스,4.192945462207727,2026-05-07 11:19:49,9월 6일 국내 ETF 1020개 데이터.xlsx / 국내 월배당 ETF 총정리.xlsx / 9월 1주 국내 월배당 ETF 분배금 지급현황.xlsx
434960,434960.KS,DAISHIN343 K200,K55203DT1106,국내주식,시장대표,국내시장지수,코스피 200,미국/테크,,,,Y,Y,2,0.143171294311,0.661391413634,0.530023616973,15.291157093058,29.931074628664,38.673775646538,28.820508075795,49.780544676078,0.1,0.15,0.1849,44007,202,0.4611345736788038,395.58888467,21,0.00923057,-0.105684379989,대신운용,코스피 200,패시브,비과세,20220628,,,,,,,,,,삼성전자,22.940797622759764,SK하이닉스,10.409300523095084,KB금융,2.462254483322751,한화에어로스페이스,2.275954871878058,현대차,2.0944292168048744,2026-05-07 11:19:49,9월 6일 국내 ETF 1020개 데이터.xlsx / 국내 월배당 ETF 총정리.xlsx / 9월 1주 국내 월배당 ETF 분배금 지급현황.xlsx
211900,211900.KS,KODEX 코리아배당성장,KR5105AX7259,국내주식,전략,배당,국내,"월배당, 배당",Y,Y,,Y,Y,2,0.23084082675,0.65816358455,1.531388854799,9.689345781333,28.274060904611,35.810062212661,30.064691420626,73.283924873963,0.15,0.18,0.2199,19745,75,0.3812913065582105,592.80442271,18021,3.55736523,-0.03522372239,삼성운용,코스피 배당성장 50,패시브,비과세,20141217,,,,,,,,,,DB손해보험,4.973409485762286,기아,4.680370166778322,현대차,4.155570801847751,삼성증권,4.10877015904551,삼성카드,4.086766719575524,2026-05-07 11:19:49,9월 6일 국내 ETF 1020개 데이터.xlsx / 국내 월배당 ETF 총정리.xlsx / 9월 1주 국내 월배당 ETF 분배금 지급현황.xlsx
315930,315930.KS,KODEX Top5PlusTR,K55105CG9781,국내주식,전략,,,,,,,Y,Y,2,0.365761229608,0.656884991473,0.15949402409,15.899837913584,28.069998506257,32.11333778592,24.117159178977,77.818185901293,0.15,0.19,0.2125,26925,165,0.6165919282511211,8480.30960531,8812,2.3764195,-0.097574204784,삼성운용,FnGuide TOP 5 Plus 지수,패시브,배당소득세(보유기간과세),20190122,,,,,,,,,,삼성전자,26.42347457006963,SK하이닉스,25.285352545562144,KB금융,7.537577313838777,NAVER,6.886031478979646,현대차,6.885095215385942,2026-05-07 11:19:49,9월 6일 국내 ETF 1020개 데이터.xlsx / 국내 월배당 ETF 총정리.xlsx / 9월 1주 국내 월배당 ETF 분배금 지급현황.xlsx
485540,485540.KS,KODEX 미국AI테크TOP10,K55105EB3902,해외주식,업종섹터,해외주식테마/섹터,AI&로봇,미국/테크,,,,Y,Y,2,1.035151620315,0.655895340743,3.775438920335,20.545682745771,25.213363413815,11.644817653831,46.612628187763,,0.3,0.38,0.5291,13065,195,1.5151515151515151,1754.15711949,334266,43.63885665,0.087166179647,삼성운용,KEDI 미국AI테크TOP10 지수(Price Return),패시브,배당소득세(보유기간과세),20240625,,,,,,,,,,NVIDIA Corp,19.213140847530223,MICROSOFT,17.785976964015536,ALPHABET INC-CL A,15.09412148527998,APPLE Inc,12.133003206703732,Amazon.com Inc,9.840036146870773,2026-05-07 11:19:49,9월 6일 국내 ETF 1020개 데이터.xlsx / 국내 월배당 ETF 총정리.xlsx / 9월 1주 국내 월배당 ETF 분배금 지급현황.xlsx
153270,153270.KS,KIWOOM 코스피100,KR5391A83228,국내주식,시장대표,,,,,,,Y,Y,2,0.109766700918,0.655381254958,0.60336877262,15.43508972803,29.079035866987,37.12901025821,26.862740637282,46.801932625281,0.195,0.25,0.2937,32295,40,0.12401178111920633,103.60582922,3108,1.0057606,-0.074711153945,키움투자운용,코스피 100,패시브,비과세,20120228,,,,,,,,,,삼성전자,24.843635844760357,SK하이닉스,11.273170109280962,KB금융,2.673362394878971,한화에어로스페이스,2.452616098527634,현대차,2.2654195200843796,2026-05-07 11:19:49,9월 6일 국내 ETF 1020개 데이터.xlsx / 국내 월배당 ETF 총정리.xlsx / 9월 1주 국내 월배당 ETF 분배금 지급현황.xlsx
152100,152100.KS,PLUS 200,KR5213A73001,국내주식,시장대표,국내시장지수,코스피 200,,,,,Y,Y,2,0.143472835184,0.649710795943,0.531446715598,15.330172088306,29.862808078035,38.430040643375,28.202591111828,48.744202865397,0.017,0.04,0.0525,44230,235,0.5341516081372883,7960.5051962,235622,104.21777865,-0.117483008993,한화운용,코스피 200,패시브,비과세,20120110,,,,,,,,,,삼성전자,22.936438132647353,SK하이닉스,10.416246900183344,KB금융,2.459226643061101,한화에어로스페이스,2.288141695875739,현대차,2.0968943034647536,2026-05-07 11:19:49,9월 6일 국내 ETF 1020개 데이터.xlsx / 국내 월배당 ETF 총정리.xlsx / 9월 1주 국내 월배당 ETF 분배금 지급현황.xlsx
295040,295040.KS,SOL 200TR,K55210C54247,국내주식,시장대표,국내시장지수,코스피200TR,,,,,Y,Y,2,0.149900676079,0.649402050229,0.523465692707,15.330797436071,29.822818107907,38.404034482386,28.141547695048,48.36527144661,0.05,0.08,0.0922,16160,100,0.6226650062266501,2034.67026998,40082,6.4714969,-0.11657273465,신한자산운용,코스피 200 TR,패시브,배당소득세(보유기간과세),20180423,,,,,,,,,,삼성전자,21.746170354883446,SK하이닉스,9.875567951624353,2025-09 코스피200지수선물,5.184793947934519,KB금융,2.3350823931115636,한화에어로스페이스,2.161935939324374,2026-05-07 11:19:49,9월 6일 국내 ETF 1020개 데이터.xlsx / 국내 월배당 ETF 총정리.xlsx / 9월 1주 국내 월배당 ETF 분배금 지급현황.xlsx
491220,491220.KS,PLUS 200TR,K55213EE1753,국내주식,시장대표,,,,,,,Y,Y,2,0.163429266631,0.648742243278,0.522668992367,15.322137770324,29.856499467625,38.349396978141,,,0.01,0.05,0.0624,51190,185,0.36270953828056074,230.29173185,90,0.0459879,-0.096103891379,한화운용,KOSPI200 TR (총수익지수),패시브,배당소득세(보유기간과세),20240910,,,,,,,,,,삼성전자,22.94498189656661,SK하이닉스,10.419585765696656,KB금융,2.463644367999391,한화에어로스페이스,2.267575785079024,현대차,2.0970617229339927,2026-05-07 11:19:49,9월 6일 국내 ETF 1020개 데이터.xlsx / 국내 월배당 ETF 총정리.xlsx / 9월 1주 국내 월배당 ETF 분배금 지급현황.xlsx
361580,361580.KS,RISE 200TR,K55223D93485,국내주식,시장대표,국내시장지수,코스피200TR,,,,,Y,Y,2,0.15195365468,0.64868717378,0.532027050063,15.329588823886,29.858981145357,38.495133509375,28.23223852794,48.506106538154,0.012,0.05,0.0642,24460,100,0.41050903119868637,2372.5256238,25296,6.1893418,-0.106581888223,KB운용,코스피 200 TR,패시브,배당소득세(보유기간과세),20200821,,,,,,,,,,삼성전자,22.935960263200414,SK하이닉스,10.414659988194519,KB금융,2.4574884996846014,한화에어로스페이스,2.2920474786679663,현대차,2.090375202304682,2026-05-07 11:19:49,9월 6일 국내 ETF 1020개 데이터.xlsx / 국내 월배당 ETF 총정리.xlsx / 9월 1주 국내 월배당 ETF 분배금 지급현황.xlsx
472150,472150.KS,TIGER 배당커버드콜액티브,K55301DY9046,국내주식,전략,,,"월배당, 커버드콜, 배당",Y,Y,Y,Y,Y,2,0.227138138381,0.646470840031,0.39904666637,9.84726076139,20.708361469451,30.412367778869,23.892717475527,,0.5,0.51,0.5558,11430,50,0.43936731107205623,1162.98748001,101143,11.55448639,-0.000168892158,미래에셋운용,코스피200 커버드콜 5% OTM 지수(시장가격 지수),액티브,배당소득세(보유기간과세),20231212,국내주식,2.0327,20250827,20250829,230,11.6684,1330,12,Y,삼성전자,16.441769688156402,SK하이닉스,9.352253658584363,TIGER 200,8.673861943793604,삼성전자우,4.27546324069443,한화에어로스페이스,3.999333129457554,2026-05-07 11:19:49,9월 6일 국내 ETF 1020개 데이터.xlsx / 국내 월배당 ETF 총정리.xlsx / 9월 1주 국내 월배당 ETF 분배금 지급현황.xlsx
069660,069660.KS,KIWOOM 200,KR5206352894,국내주식,시장대표,국내시장지수,코스피 200,,,,,Y,Y,2,0.133450177895,0.645755945946,0.538522190489,15.312228397395,29.908445800338,38.463542787793,28.244547560195,48.307345654208,0.05,0.08,0.1073,43560,145,0.3339859495566049,4421.07888861,106439,46.409227,-0.109362609728,키움투자운용,코스피 200,패시브,비과세,20021014,,,,,,,,,,삼성전자,23.010476159027185,SK하이닉스,10.444873720035629,KB금융,2.4698793034736735,한화에어로스페이스,2.2783719440143853,현대차,2.0966535080524733,2026-05-07 11:19:49,9월 6일 국내 ETF 1020개 데이터.xlsx / 국내 월배당 ETF 총정리.xlsx / 9월 1주 국내 월배당 ETF 분배금 지급현황.xlsx
140950,140950.KS,파워 코스피100,KR5207A24857,국내주식,시장대표,,,,,,,Y,Y,2,0.087692740693,0.645665653504,0.619835342977,15.51636152831,29.244631516013,37.445056919786,27.507280469149,48.236683491811,0.155,0.18,0.1927,32900,75,0.2284843869002285,184.20401379,587,0.1931138,-0.144013770086,교보악사운용,코스피 100,패시브,비과세,20110503,,,,,,,,,,삼성전자,24.877376322447873,SK하이닉스,11.283918453506141,KB금융,2.6657893477645853,한화에어로스페이스,2.486325268251682,현대차,2.2647420680367705,2026-05-07 11:19:49,9월 6일 국내 ETF 1020개 데이터.xlsx / 국내 월배당 ETF 총정리.xlsx / 9월 1주 국내 월배당 ETF 분배금 지급현황.xlsx
237350,237350.KS,KODEX 코스피100,K55105B98537,국내주식,시장대표,,,,,,,Y,Y,2,0.073673643466,0.645248704122,0.6209944529,15.525831209319,29.254040818004,37.410598952663,27.284124126424,47.845152935209,0.15,0.17,0.1871,33475,175,0.5255255255255256,1221.6610069,62046,20.76588887,-0.10124998763,삼성운용,KOSPI 100 지수,패시브,비과세,20160127,,,,,,,,,,삼성전자,24.886468913329868,SK하이닉스,11.292265008879694,KB금융,2.6686025457994376,한화에어로스페이스,2.457381919436398,현대차,2.272166445452903,2026-05-07 11:19:49,9월 6일 국내 ETF 1020개 데이터.xlsx / 국내 월배당 ETF 총정리.xlsx / 9월 1주 국내 월배당 ETF 분배금 지급현황.xlsx
102110,102110.KS,TIGER 200,KR5225812712,국내주식,시장대표,국내시장지수,코스피 200,,,,,Y,Y,2,0.12857631661,0.644970459497,0.52840332609,15.293205157718,29.890888793112,38.484088167141,28.21194513758,48.64731827547,0.05,0.07,0.087,43500,170,0.39233787214401106,28700.29899857,1021819,444.27658765,-0.112244905452,미래에셋운용,코스피 200,패시브,비과세,20080403,,,,,,,,,,삼성전자,22.923318969485837,SK하이닉스,10.406273029726377,KB금융,2.458645824333634,한화에어로스페이스,2.272619251996825,현대차,2.091359639362135,2026-05-07 11:19:49,9월 6일 국내 ETF 1020개 데이터.xlsx / 국내 월배당 ETF 총정리.xlsx / 9월 1주 국내 월배당 ETF 분배금 지급현황.xlsx
461600,461600.KS,SOL 미국30년국채액티브(H),K55210E40440,채권,해외채권,장기채권,미국,채권,,,,Y,Y,3,0.866267288124,0.644358686198,-0.636382873195,1.585090443329,-3.631534541601,0.427288044874,-10.812206870007,,0.05,0.09,0.0979,8875,65,0.7377979568671964,554.68048265,20288,1.7995199,0.067032793897,신한자산운용,KAP 미국채 20Y+ 지수(시장가격),액티브,배당소득세(보유기간과세),20230711,,,,,,,,,,T 4 11/15/52,33.322326532190374,T 4 1/4 08/15/54,7.44147786367213,T 3 02/15/49,5.184731377384506,T 4 1/2 11/15/54,5.020292289881535,T 1.375 08/15/50,4.66933634353099,2026-05-07 11:19:49,9월 6일 국내 ETF 1020개 데이터.xlsx / 국내 월배당 ETF 총정리.xlsx / 9월 1주 국내 월배당 ETF 분배금 지급현황.xlsx
385710,385710.KS,TIMEFOLIO K이노베이션액티브,K553J1DJ0288,국내주식,업종섹터,,,,,,,Y,Y,1,0.625274255553,0.644316234664,1.999410782675,9.798749365635,10.751484968296,21.165263599649,15.894331834799,12.836934542403,0.8,0.95,1.2521,8820,85,0.9730967372638809,105.94333881,2474,0.2176899,-0.204167767456,타임폴리오자산운용,KRX BBIG K-뉴딜지수,액티브,배당소득세(보유기간과세),20210525,,,,,,,,,,더존비즈온,7.164805514286021,넷마블,6.8988067466897744,카카오,6.0235849952440566,삼성SDI,5.560232303302206,알테오젠,5.348577369946052,2026-05-07 11:19:49,9월 6일 국내 ETF 1020개 데이터.xlsx / 국내 월배당 ETF 총정리.xlsx / 9월 1주 국내 월배당 ETF 분배금 지급현황.xlsx
148020,148020.KS,RISE 200,KR5223A66905,국내주식,시장대표,국내시장지수,코스피 200,,,,,Y,Y,2,0.132477002212,0.644198036456,0.524732866596,15.314967405629,29.844417382554,38.491177657718,28.252512973956,48.679344530821,0.017,0.04,0.054,43825,165,0.37792029317453046,15924.55231748,756472,331.27329789,-0.100130666748,KB운용,코스피 200,패시브,비과세,20111020,,,,,,,,,,삼성전자,22.946518377364768,SK하이닉스,10.41201630098946,KB금융,2.4605459874922624,한화에어로스페이스,2.3032442205499417,현대차,2.0904390050418367,2026-05-07 11:19:49,9월 6일 국내 ETF 1020개 데이터.xlsx / 국내 월배당 ETF 총정리.xlsx / 9월 1주 국내 월배당 ETF 분배금 지급현황.xlsx
451060,451060.KS,1Q K200액티브,K55102DZ8758,국내주식,시장대표,,,,,,,Y,Y,2,0.190730659785,0.643907309768,0.521802997865,15.512364982042,30.134165854513,38.953945069065,28.486057404976,,0.18,0.19,0.2161,14155,60,0.42568286626463286,1337.32350957,32913,4.6546196,-0.132220065555,하나운용,코스피 200,액티브,배당소득세(보유기간과세),20230131,,,,,,,,,,삼성전자,23.24977254908767,SK하이닉스,10.318228239782135,KB금융,2.4425873313479944,한화에어로스페이스,2.2944562286726966,현대차,2.0785748744298616,2026-05-07 11:19:49,9월 6일 국내 ETF 1020개 데이터.xlsx / 국내 월배당 ETF 총정리.xlsx / 9월 1주 국내 월배당 ETF 분배금 지급현황.xlsx
332930,332930.KS,HANARO 200TR,K55232CU2966,국내주식,시장대표,국내시장지수,코스피200TR,,,,,Y,Y,2,0.137269137912,0.643465443508,0.517692971052,15.27787182378,29.70550526269,38.295221489706,28.076592155373,48.451863943795,0.03,0.07,0.0804,56550,210,0.37273695420660274,1130.42680473,9946,5.6175311,-0.118371197495,NH-Amundi운용,코스피 200 TR,패시브,배당소득세(보유기간과세),20190828,,,,,,,,,,삼성전자,22.912304149526683,SK하이닉스,10.399541099361324,KB금융,2.4582415481185156,한화에어로스페이스,2.28125014532143,현대차,2.092326737841394,2026-05-07 11:19:49,9월 6일 국내 ETF 1020개 데이터.xlsx / 국내 월배당 ETF 총정리.xlsx / 9월 1주 국내 월배당 ETF 분배금 지급현황.xlsx
278530,278530.KS,KODEX 200TR,K55105BW3843,국내주식,시장대표,국내시장지수,코스피200TR,,,,,Y,Y,2,0.136123949384,0.642988642259,0.514314693921,15.334737353992,29.879065279038,38.533236576038,28.377440629871,48.709606195955,0.05,0.08,0.1166,15560,65,0.41949015811552115,28261.9363334,221816,34.51618836,-0.114172799989,삼성운용,코스피 200 TR,패시브,배당소득세(보유기간과세),20171121,,,,,,,,,,삼성전자,22.94793816529693,SK하이닉스,10.42055975409901,KB금융,2.4627447734144554,한화에어로스페이스,2.281288871854226,현대차,2.094846264636336,2026-05-07 11:19:49,9월 6일 국내 ETF 1020개 데이터.xlsx / 국내 월배당 ETF 총정리.xlsx / 9월 1주 국내 월배당 ETF 분배금 지급현황.xlsx
310960,310960.KS,TIGER 200TR,K55301CG5203,국내주식,시장대표,국내시장지수,코스피200TR,,,,,Y,Y,2,0.146833908688,0.642699241166,0.522495077439,15.292059110223,29.903796040601,38.46714904104,28.241400308629,48.176895507723,0.09,0.12,0.1404,25270,120,0.47713717693836977,1161.46247925,34450,8.6967135,-0.01584825036,미래에셋운용,코스피 200 TR,패시브,배당소득세(보유기간과세),20181120,,,,,,,,,,삼성전자,22.939516224615236,SK하이닉스,10.416134091148852,KB금융,2.458939315029438,한화에어로스페이스,2.2619620911427893,현대차,2.099696352569499,2026-05-07 11:19:49,9월 6일 국내 ETF 1020개 데이터.xlsx / 국내 월배당 ETF 총정리.xlsx / 9월 1주 국내 월배당 ETF 분배금 지급현황.xlsx
293180,293180.KS,HANARO 200,K55232C57764,국내주식,시장대표,국내시장지수,코스피 200,,,,,Y,Y,2,0.1289517146,0.642457926545,0.518528181143,15.28668344445,29.782817925919,38.376946517434,28.170453304756,48.470426676148,0.036,0.06,0.0708,43630,170,0.39116428900138056,3838.12928706,28175,12.29362215,-0.108816485113,NH-Amundi운용,코스피 200,패시브,비과세,20180330,,,,,,,,,,삼성전자,22.924632735051773,SK하이닉스,10.407371799561847,KB금융,2.4610112960949886,한화에어로스페이스,2.270191536501155,현대차,2.0891255536484645,2026-05-07 11:19:49,9월 6일 국내 ETF 1020개 데이터.xlsx / 국내 월배당 ETF 총정리.xlsx / 9월 1주 국내 월배당 ETF 분배금 지급현황.xlsx
069500,069500.KS,KODEX 200,KR5105352888,국내주식,시장대표,국내시장지수,코스피 200,,,,,Y,Y,2,0.138968694547,0.642370660908,0.517373798566,15.276549433888,29.815435051472,38.402574936611,28.223530054107,48.278848488862,0.15,0.16,0.1908,43475,175,0.40415704387990764,71743.0758283,4331419,1882.68680516,-0.114104387447,삼성운용,KOSPI 200,패시브,비과세,20021014,,,,,,,,,,삼성전자,22.921189922507306,SK하이닉스,10.401361950645505,KB금융,2.4582679784024775,한화에어로스페이스,2.276897835852975,현대차,2.0952969718398546,2026-05-07 11:19:49,9월 6일 국내 ETF 1020개 데이터.xlsx / 국내 월배당 ETF 총정리.xlsx / 9월 1주 국내 월배당 ETF 분배금 지급현황.xlsx
491700,491700.KS,HK 200,K55224ED5836,국내주식,시장대표,,,,,,,Y,Y,2,0.130292151184,0.642369186194,0.522547560551,15.32420066778,29.851669205743,38.453585508167,,,0.05,0.1,0.1081,43755,0,0,219.94640804,0,0,-0.223850161132,흥국운용,코스피 200,패시브,비과세,20240910,,,,,,,,,,삼성전자,22.93319030735652,SK하이닉스,10.419559485159517,KB금융,2.456781330627513,한화에어로스페이스,2.275520872425378,현대차,2.1042446119590936,2026-05-07 11:19:49,9월 6일 국내 ETF 1020개 데이터.xlsx / 국내 월배당 ETF 총정리.xlsx / 9월 1주 국내 월배당 ETF 분배금 지급현황.xlsx
105190,105190.KS,ACE 200,KR5101877748,국내주식,시장대표,국내시장지수,코스피 200,,,,,Y,Y,2,0.129502622788,0.642119658282,0.529746338262,15.310163817834,29.795245032326,38.341811934422,28.031361559541,48.141682539507,0.017,0.04,0.0609,43705,185,0.4250919117647059,5111.14030809,56318,24.61723159,-0.102087037236,한국투자신탁운용,코스피 200,패시브,비과세,20080925,,,,,,,,,,삼성전자,22.86668812765121,SK하이닉스,10.375227368028538,KB금융,2.4534101638750987,한화에어로스페이스,2.263179774279339,현대차,2.092832416362847,2026-05-07 11:19:49,9월 6일 국내 ETF 1020개 데이터.xlsx / 국내 월배당 ETF 총정리.xlsx / 9월 1주 국내 월배당 ETF 분배금 지급현황.xlsx
337140,337140.KS,KODEX 코스피대형주,K55105CX1886,국내주식,규모,,,,,,,Y,Y,2,0.060699274155,0.64153675494,0.457485508602,15.458692380521,27.899413623346,36.655034036507,27.686639075232,44.81433436981,0.15,0.17,0.1847,15540,55,0.35518243461414273,171.32237474,1688,0.2627961,-0.090643392585,삼성운용,KOSPI 대형주,패시브,비과세,20191114,,,,,,,,,,삼성전자,19.379820535123812,SK하이닉스,9.025155782199421,LG에너지솔루션,3.826250394653227,삼성바이오로직스,3.4111739218604704,한화에어로스페이스,2.221933062671652,2026-05-07 11:19:49,9월 6일 국내 ETF 1020개 데이터.xlsx / 국내 월배당 ETF 총정리.xlsx / 9월 1주 국내 월배당 ETF 분배금 지급현황.xlsx
294400,294400.KS,KIWOOM 200TR,K55206C46472,국내주식,시장대표,국내시장지수,코스피200TR,,,,,Y,Y,2,0.150462626515,0.640636489511,0.530110157323,15.315780901021,29.816479822164,38.395783963773,28.236313644025,48.561715858452,0.012,0.04,0.0561,56530,240,0.4263634748623201,9887.07254202,106626,60.22055428,-0.11901036841,키움투자운용,코스피 200 TR,패시브,배당소득세(보유기간과세),20180423,,,,,,,,,,삼성전자,22.95823874366519,SK하이닉스,10.412471013224046,KB금융,2.461297918699415,한화에어로스페이스,2.2840864596930457,현대차,2.094928160753663,2026-05-07 11:19:49,9월 6일 국내 ETF 1020개 데이터.xlsx / 국내 월배당 ETF 총정리.xlsx / 9월 1주 국내 월배당 ETF 분배금 지급현황.xlsx
472840,472840.KS,ITF 200,K55234E63129,국내주식,시장대표,,,,,,,Y,Y,2,0.134459635581,0.640362522044,0.513571081416,15.254382860252,29.775949422793,38.352071930775,28.092692752233,,0.08,0.11,0.1126,43380,30,0.06920415224913495,130.22878404,222,0.0961587,0.140319011516,아이비케이운용,코스피 200,패시브,비과세,20231221,,,,,,,,,,삼성전자,22.91529666779371,SK하이닉스,10.400103313443662,KB금융,2.4616629164795993,한화에어로스페이스,2.2415879829325753,현대차,2.0922166941417695,2026-05-07 11:19:49,9월 6일 국내 ETF 1020개 데이터.xlsx / 국내 월배당 ETF 총정리.xlsx / 9월 1주 국내 월배당 ETF 분배금 지급현황.xlsx
152870,152870.KS,파워 200,KR5207A82418,국내주식,시장대표,국내시장지수,코스피 200,,,,,Y,Y,2,0.132714243312,0.639238492878,0.513018519564,15.263653919065,29.794976500273,38.396502956765,28.386565246252,48.618828691806,0.145,0.17,0.1823,43960,240,0.5489478499542544,834.8980133,2472,1.08535415,-0.154310981513,교보악사운용,코스피 200,패시브,비과세,20120213,,,,,,,,,,삼성전자,22.941939332047838,SK하이닉스,10.419677665033113,KB금융,2.4615796084329693,한화에어로스페이스,2.299566174267116,현대차,2.097232344218371,2026-05-07 11:19:49,9월 6일 국내 ETF 1020개 데이터.xlsx / 국내 월배당 ETF 총정리.xlsx / 9월 1주 국내 월배당 ETF 분배금 지급현황.xlsx
332500,332500.KS,ACE 200TR,K55101CT6711,국내주식,시장대표,국내시장지수,코스피200TR,,,,,Y,Y,2,0.1276810869,0.639200894729,0.52688055271,15.332128384254,29.844493506493,38.427634466124,28.113738024019,48.301021559955,0.01,0.05,0.0639,28995,130,0.45037242335007793,579.52476125,26277,7.61468695,-0.097627847787,한국투자신탁운용,코스피 200 TR,패시브,배당소득세(보유기간과세),20190828,,,,,,,,,,삼성전자,22.756513079384842,SK하이닉스,10.329845608867643,KB금융,2.4406282921193387,한화에어로스페이스,2.2518457360518354,현대차,2.074120271215521,2026-05-07 11:19:49,9월 6일 국내 ETF 1020개 데이터.xlsx / 국내 월배당 ETF 총정리.xlsx / 9월 1주 국내 월배당 ETF 분배금 지급현황.xlsx
494890,494890.KS,KODEX 200액티브,K55105EE6431,국내주식,시장대표,,,,,,,Y,Y,2,0.168880608786,0.63887561676,0.477423722409,15.298003913046,29.793964759859,38.425575478635,,,0.15,0.16,0.1687,12565,50,0.3995205753096284,3592.65957013,12036,1.5094571,-0.1767263389,삼성운용,코스피 200 지수(Price Return),액티브,배당소득세(보유기간과세),20241029,,,,,,,,,,삼성전자,22.973143962704853,SK하이닉스,10.427554532787417,KB금융,2.490852937613263,한화에어로스페이스,2.30859540559278,현대차,2.090702266587384,2026-05-07 11:19:49,9월 6일 국내 ETF 1020개 데이터.xlsx / 국내 월배당 ETF 총정리.xlsx / 9월 1주 국내 월배당 ETF 분배금 지급현황.xlsx
0007N0,0007N0.KS,아이엠에셋 200,K55368EH4351,국내주식,시장대표,,,,,,,Y,Y,2,0.123840265922,0.63741259678,0.520675110136,15.210658875163,29.605729794591,,,,0.05,0.07,0.0742,43965,190,0.4340376927470017,504.95572402,2001,0.87898065,-0.038806293617,iM에셋운용,KOSPI 200,패시브,비과세,20250211,,,,,,,,,,삼성전자,22.956880090819862,SK하이닉스,10.418176050851304,KB금융,2.4620016467390764,한화에어로스페이스,2.3046068200560508,현대차,2.091675708961641,2026-05-07 11:19:49,9월 6일 국내 ETF 1020개 데이터.xlsx / 국내 월배당 ETF 총정리.xlsx / 9월 1주 국내 월배당 ETF 분배금 지급현황.xlsx
277640,277640.KS,TIGER 코스피대형주,K55301BV2962,국내주식,규모,,,,,,,Y,Y,2,0.059293259012,0.636692089476,0.481943586509,15.438987704962,27.787043179612,36.491411508579,27.268394331754,44.124362805679,0.29,0.32,0.3286,16160,85,0.5287713841368584,113.16591811,4499,0.72711505,-0.110794232464,미래에셋운용,코스피 대형주,패시브,비과세,20170831,,,,,,,,,,삼성전자,19.278105070011023,SK하이닉스,8.98694234715577,LG에너지솔루션,3.8297865692479793,삼성바이오로직스,3.4046266966129326,현대차,2.169629638758928,2026-05-07 11:19:49,9월 6일 국내 ETF 1020개 데이터.xlsx / 국내 월배당 ETF 총정리.xlsx / 9월 1주 국내 월배당 ETF 분배금 지급현황.xlsx
495330,495330.KS,1Q 코리아밸류업,K55102EF9791,국내주식,시장대표,,,월배당,Y,Y,Y,Y,Y,2,0.468332474173,0.628634481847,0.701342566603,13.428087313581,29.330222693182,36.008846132675,,,0.02,0.02,0.02,12460,90,0.7275666936135813,324.84022417,962,0.12014565,-0.153800336443,하나운용,코리아 밸류업 지수(TR),패시브,비과세,20241104,국내주식,0.1299,20250827,20250829,16,1.9862,247,6,Y,SK하이닉스,16.201301429218002,삼성전자,14.771108850785799,KB금융,5.186494585906807,한화에어로스페이스,4.803072612222025,현대차,4.410219256024656,2026-05-07 11:19:49,9월 6일 국내 ETF 1020개 데이터.xlsx / 국내 월배당 ETF 총정리.xlsx / 9월 1주 국내 월배당 ETF 분배금 지급현황.xlsx
227830,227830.KS,PLUS 코스피,K55213B72955,국내주식,시장대표,국내시장지수,코스피,,,,,Y,Y,2,0.13966682981,0.627051464612,0.394138652645,14.242662744148,26.462747392825,35.48541516823,26.994578138036,41.822693406986,0.2,0.25,0.2555,33160,-15,-0.0452147701582517,66.2928556,1732,0.5740275,0.019611125837,한화운용,코스피지수,패시브,비과세,20150923,,,,,,,,,,삼성전자,16.216015843763934,SK하이닉스,7.545876246413586,LG에너지솔루션,3.2256135604202525,삼성바이오로직스,2.8471284236821996,한화에어로스페이스,1.8697859552987948,2026-05-07 11:19:49,9월 6일 국내 ETF 1020개 데이터.xlsx / 국내 월배당 ETF 총정리.xlsx / 9월 1주 국내 월배당 ETF 분배금 지급현황.xlsx
122090,122090.KS,PLUS 코스피50,KR5213185071,국내주식,시장대표,,,,,,,Y,Y,2,0.0037574858,0.626331397091,0.755543626357,16.075190519792,28.586723663873,35.618699165522,25.771994580175,46.7668770146,0.33,0.37,0.3932,29560,180,0.6126616746085772,230.42869373,1615,0.4771186,-0.033144347462,한화운용,코스피 50,패시브,비과세,20100107,,,,,,,,,,삼성전자,29.030372588582743,SK하이닉스,13.188109733464167,KB금융,3.118293297509225,한화에어로스페이스,2.8442446612536516,현대차,2.6566424156253525,2026-05-07 11:19:49,9월 6일 국내 ETF 1020개 데이터.xlsx / 국내 월배당 ETF 총정리.xlsx / 9월 1주 국내 월배당 ETF 분배금 지급현황.xlsx
495040,495040.KS,PLUS 코리아밸류업,K55213EF9375,국내주식,시장대표,,,월배당,Y,Y,Y,Y,Y,2,0.458925116498,0.626182549857,0.693991993287,13.378159919796,29.144699272113,36.407523595942,,,0.009,0.05,0.067,12500,110,0.8878127522195319,312.3163613,2648,0.33098525,-0.08852321185,한화운용,코리아 밸류업 지수(TR),패시브,비과세,20241104,국내주식,0.161,20250812,20250814,20,1.9219,239,8,Y,SK하이닉스,16.24383072386566,삼성전자,14.699815664496565,KB금융,5.184491525698707,한화에어로스페이스,4.809327797160789,현대차,4.398084424333617,2026-05-07 11:19:49,9월 6일 국내 ETF 1020개 데이터.xlsx / 국내 월배당 ETF 총정리.xlsx / 9월 1주 국내 월배당 ETF 분배금 지급현황.xlsx
442090,442090.KS,에셋플러스 코리아대장장이액티브,K55364DP6658,국내주식,전략,,,,,,,Y,Y,2,0.349554316617,0.626128838021,-1.282864553027,13.248571306838,25.837388243018,46.701484359292,46.904512170151,,0.975,1.07,1.648,15120,85,0.5653475224476222,136.13555949,388,0.0586374,-0.024811350783,에셋플러스운용,FnGuide 대장장이 지수(Price Return),액티브,배당소득세(보유기간과세),20220920,,,,,,,,,,SK하이닉스,10.219153924948632,현대모비스,9.682416731216112,셀트리온,9.432983682488132,삼성바이오로직스,8.268908086558422,LG화학,6.1796200510842825,2026-05-07 11:19:49,9월 6일 국내 ETF 1020개 데이터.xlsx / 국내 월배당 ETF 총정리.xlsx / 9월 1주 국내 월배당 ETF 분배금 지급현황.xlsx
496120,496120.KS,ACE 코리아밸류업,K55101EF9826,국내주식,시장대표,,,,,,,Y,Y,2,0.488989856506,0.624912308838,0.672048098474,13.369513106848,29.11209778946,36.329682690331,,,0.09,0.15,0.1739,12720,60,0.47393364928909953,114.89276941,1387,0.1768995,-0.141331675346,한국투자신탁운용,코리아 밸류업 지수(TR),패시브,비과세,20241104,,,,,,,,,,SK하이닉스,16.195735101810477,삼성전자,14.673755127187476,KB금융,5.1648992645247755,한화에어로스페이스,4.842713709036368,현대차,4.399156882644794,2026-05-07 11:19:49,9월 6일 국내 ETF 1020개 데이터.xlsx / 국내 월배당 ETF 총정리.xlsx / 9월 1주 국내 월배당 ETF 분배금 지급현황.xlsx
226490,226490.KS,KODEX 코스피,K55105B62905,국내주식,시장대표,국내시장지수,코스피,,,,,Y,Y,2,0.13540062317,0.624494130243,0.356242497767,14.306999300939,26.821222682792,35.738268218407,27.44504646227,43.091181061157,0.15,0.16,0.1692,32795,120,0.36725325172149964,5410.89343654,147225,48.22515119,-0.063249567497,삼성운용,KOSPI,패시브,비과세,20150824,,,,,,,,,,삼성전자,16.172440569243918,SK하이닉스,7.546512340521533,LG에너지솔루션,3.210658799338919,삼성바이오로직스,2.809533642168027,한화에어로스페이스,1.8860985925560645,2026-05-07 11:19:49,9월 6일 국내 ETF 1020개 데이터.xlsx / 국내 월배당 ETF 총정리.xlsx / 9월 1주 국내 월배당 ETF 분배금 지급현황.xlsx
483570,483570.KS,KCGI 미국S&P500 TOP10,K55365EB1596,해외주식,시장대표,,,미국/테크,,,,Y,Y,2,1.034416878193,0.624242838327,4.600009775245,18.945520956207,17.784053481598,9.819715440954,38.247741823074,,0.36,0.46,0.5275,13755,185,1.363301400147384,219.14660976,1331,0.18290525,0.017237781359,KCGI운용,S&P500 Top10 25% Capped Index(PR),패시브,배당소득세(보유기간과세),20240528,,,,,,,,,,NVIDIA Corp,19.132681357366657,MICROSOFT CORP,17.267813267276022,APPLE INC,16.377012558055522,AMAZON.COM INC,9.817070143715544,META PLATFORMS INC-CLASS A,7.354281983847038,2026-05-07 11:19:49,9월 6일 국내 ETF 1020개 데이터.xlsx / 국내 월배당 ETF 총정리.xlsx / 9월 1주 국내 월배당 ETF 분배금 지급현황.xlsx
495050,495050.KS,RISE 코리아밸류업,K55223EF9191,국내주식,시장대표,,,월배당,Y,Y,Y,Y,Y,2,0.461469562571,0.624084107258,0.723022710856,13.40801461557,29.169800849188,36.446504610528,,,0.008,0.03,0.0487,12610,105,0.8396641343462615,1941.47076118,34705,4.3701286,-0.001626981856,KB운용,코리아 밸류업 지수(TR),패시브,비과세,20241104,국내주식,0.1596,20250812,20250814,20,1.0837,136,7,Y,SK하이닉스,16.21707405207868,삼성전자,14.701206273514092,KB금융,5.173805843061866,한화에어로스페이스,4.75126069005746,현대차,4.415632732141714,2026-05-07 11:19:49,9월 6일 국내 ETF 1020개 데이터.xlsx / 국내 월배당 ETF 총정리.xlsx / 9월 1주 국내 월배당 ETF 분배금 지급현황.xlsx
495550,495550.KS,SOL 코리아밸류업TR,K55210EF9550,국내주식,시장대표,,,,,,,Y,Y,2,0.459228763679,0.623439919547,0.691025206389,13.439224281193,28.97445422049,36.209039940021,,,0.05,0.08,0.0975,12745,130,1.0305192231470472,439.61846331,26406,3.35947312,-0.025283155512,신한자산운용,코리아 밸류업 지수(TR),패시브,배당소득세(보유기간과세),20241104,,,,,,,,,,SK하이닉스,16.208598685089036,삼성전자,14.656933335912377,KB금융,5.165232479113417,한화에어로스페이스,4.859115925587566,현대차,4.379024580597784,2026-05-07 11:19:49,9월 6일 국내 ETF 1020개 데이터.xlsx / 국내 월배당 ETF 총정리.xlsx / 9월 1주 국내 월배당 ETF 분배금 지급현황.xlsx
495750,495750.KS,HANARO 코리아밸류업,K55232EF9588,국내주식,시장대표,,,,,,,Y,Y,2,0.457726155812,0.622020456799,0.696590192104,13.391852761569,29.112806414351,36.351713561315,,,0.03,0.08,0.093,12490,5,0.040048057669203045,275.31356322,64,0.007996,-0.076771952498,NH-Amundi운용,코리아 밸류업 지수(TR),패시브,비과세,20241104,,,,,,,,,,SK하이닉스,16.247429502598035,삼성전자,14.714391133091434,KB금융,5.185640136402551,한화에어로스페이스,4.8103932913097776,현대차,4.3990588085757665,2026-05-07 11:19:49,9월 6일 국내 ETF 1020개 데이터.xlsx / 국내 월배당 ETF 총정리.xlsx / 9월 1주 국내 월배당 ETF 분배금 지급현황.xlsx
496080,496080.KS,TIGER 코리아밸류업,K55301EF9618,국내주식,시장대표,,,월배당,Y,Y,Y,Y,Y,2,0.457479745992,0.620951294484,0.723472699296,13.318828827067,29.002055682795,36.240985751085,,,0.008,0.02,0.0769,12595,85,0.6794564348521183,1272.15788287,60230,7.5847117,-0.07058295215,미래에셋운용,코리아 밸류업 지수(TR),패시브,비과세,20241104,국내주식,0.1612,20250827,20250829,20,1.2761,160,8,Y,SK하이닉스,16.223451840795757,삼성전자,14.69424810385986,KB금융,5.185608972012884,한화에어로스페이스,4.778080057347225,현대차,4.405033124835489,2026-05-07 11:19:49,9월 6일 국내 ETF 1020개 데이터.xlsx / 국내 월배당 ETF 총정리.xlsx / 9월 1주 국내 월배당 ETF 분배금 지급현황.xlsx
328370,328370.KS,PLUS 코스피TR,K55213CQ4342,국내주식,시장대표,국내시장지수,코스피,,,,,Y,Y,2,0.142651658592,0.620767622552,0.386772866659,14.220423987573,26.670628773111,35.524916328183,27.198802102295,42.338209022343,0.15,0.19,0.2012,17720,70,0.39660056657223797,814.73682623,398,0.07048695,0.07040295101,한화운용,코스피 TR,패시브,배당소득세(보유기간과세),20190625,,,,,,,,,,삼성전자,16.470276888083877,SK하이닉스,7.629683541589785,LG에너지솔루션,3.227744088103068,삼성바이오로직스,2.8056544765818976,현대차,1.8331931167046913,2026-05-07 11:19:49,9월 6일 국내 ETF 1020개 데이터.xlsx / 국내 월배당 ETF 총정리.xlsx / 9월 1주 국내 월배당 ETF 분배금 지급현황.xlsx
380340,380340.KS,ACE Fn5G플러스,K55101DH2341,국내주식,업종섹터,,,,,,,Y,Y,1,0.288121335789,0.620350460826,1.151363010655,18.543090637459,21.272780800703,31.434088312261,25.77119425981,58.543461746768,0.35,0.5,0.5414,10990,40,0.365296803652968,65.95346414,126,0.01388495,-0.168835208996,한국투자신탁운용,FnGuide 5G플러스 지수,패시브,비과세,20210402,,,,,,,,,,삼성전기,9.519905554772397,삼성전자,8.267961898266467,카카오,8.127139103093251,LG에너지솔루션,8.100457753444225,NAVER,8.01343550535817,2026-05-07 11:19:49,9월 6일 국내 ETF 1020개 데이터.xlsx / 국내 월배당 ETF 총정리.xlsx / 9월 1주 국내 월배당 ETF 분배금 지급현황.xlsx
495850,495850.KS,KODEX 코리아밸류업,K55105EF9186,국내주식,시장대표,,,월배당,Y,Y,Y,Y,Y,2,0.460147218759,0.620053904699,0.731130492461,13.377861323308,29.014882201534,36.232803419132,,,0.008,0.02,0.0913,12575,85,0.6805444355484388,2165.3306969,51249,6.45169585,-0.060287378756,삼성운용,코리아 밸류업 지수,패시브,비과세,20241104,국내주식,0.1612,20250827,20250829,20,1.1571,145,9,Y,SK하이닉스,16.246501237842395,삼성전자,14.710291312177015,KB금융,5.179382223830944,한화에어로스페이스,4.772342659585299,현대차,4.399743672400975,2026-05-07 11:19:49,9월 6일 국내 ETF 1020개 데이터.xlsx / 국내 월배당 ETF 총정리.xlsx / 9월 1주 국내 월배당 ETF 분배금 지급현황.xlsx
472720,472720.KS,TRUSTON 주주가치액티브,K55363E76664,국내주식,시장대표,,,,,,,Y,Y,2,0.642019641417,0.618687816924,-0.264969016454,8.477541625206,32.134325806838,38.084226766008,36.945577487446,,0.785,0.82,0.8316,15520,130,0.8447043534762833,142.94865215,890,0.13799645,-0.090580962972,트러스톤운용,코스피200,액티브,배당소득세(보유기간과세),20231214,,,,,,,,,,현대엘리베이터,5.269727122788737,NH투자증권,5.179772545151324,KB금융,5.098544904150376,삼성카드,4.7743056429647766,LG화학,4.758865678146415,2026-05-07 11:19:49,9월 6일 국내 ETF 1020개 데이터.xlsx / 국내 월배당 ETF 총정리.xlsx / 9월 1주 국내 월배당 ETF 분배금 지급현황.xlsx
305050,305050.KS,ACE 코스피,K55101CC3048,국내주식,시장대표,국내시장지수,코스피,,,,,Y,Y,2,0.137347818979,0.617668965693,0.351744772508,14.402073815851,27.009398179965,36.045807230866,27.733120660576,43.101740614626,0.02,0.06,0.0736,33210,160,0.48411497730711045,132.92559709,1505,0.49980735,-0.01743957153,한국투자신탁운용,코스피,패시브,비과세,20181005,,,,,,,,,,삼성전자,16.201995470177653,SK하이닉스,7.558662082954838,LG에너지솔루션,3.211219323306431,삼성바이오로직스,2.815775648202906,현대차,1.8131423544624927,2026-05-07 11:19:49,9월 6일 국내 ETF 1020개 데이터.xlsx / 국내 월배당 ETF 총정리.xlsx / 9월 1주 국내 월배당 ETF 분배금 지급현황.xlsx
108590,108590.KS,TREX 200,KR5307905228,국내주식,시장대표,국내시장지수,코스피 200,,,,,Y,Y,2,0.135024798198,0.617607745226,0.390945657787,15.31739150768,29.789316741937,38.192881003726,27.947605692678,47.723534037855,0.325,0.36,0.3758,43590,150,0.3453038674033149,87.12372461,31,0.0135134,-0.063737153848,유리운용,코스피 200,패시브,비과세,20090123,,,,,,,,,,삼성전자,22.973652371906432,SK하이닉스,10.446293428737768,KB금융,2.465982554451585,한화에어로스페이스,2.284043233207966,현대차,2.1018724664469266,2026-05-07 11:19:49,9월 6일 국내 ETF 1020개 데이터.xlsx / 국내 월배당 ETF 총정리.xlsx / 9월 1주 국내 월배당 ETF 분배금 지급현황.xlsx
365040,365040.KS,TIGER AI코리아그로스액티브,K55301D98900,국내주식,시장대표,국내주식테마/섹터,AI&로봇,미국/테크,,,,Y,Y,2,0.132100559515,0.616410175642,0.427076461896,14.330521657322,28.097750252955,37.431164224289,30.493431807287,48.824353814886,0.4,0.42,0.5404,16195,55,0.34076827757125155,243.2039511,9635,1.56076484,-0.012901664765,미래에셋운용,코스피,액티브,배당소득세(보유기간과세),20200929,,,,,,,,,,삼성전자,16.32135143120253,SK하이닉스,7.700293548980141,LG에너지솔루션,3.371597457886785,삼성바이오로직스,2.710106211393199,한화에어로스페이스,1.9616679704429425,2026-05-07 11:19:49,9월 6일 국내 ETF 1020개 데이터.xlsx / 국내 월배당 ETF 총정리.xlsx / 9월 1주 국내 월배당 ETF 분배금 지급현황.xlsx
385510,385510.KS,KODEX 신재생에너지액티브,K55105DH2776,국내주식,전략,국내주식테마/섹터,에너지&화학,,,,,Y,Y,1,1.680205432273,0.616316680193,-1.438511623169,21.220474217935,47.763464825976,62.53703728863,56.921424964362,129.199304386597,0.5,0.56,0.6539,25745,440,1.738786801027465,1622.40272878,77048,19.73635708,0.037122749132,삼성운용,FnGuide K-신재생에너지 플러스 지수,액티브,배당소득세(보유기간과세),20210525,,,,,,,,,,SNT에너지,8.234702341440702,SK오션플랜트,7.268422525446282,비에이치아이,7.118914833739764,산일전기,6.6154601067926615,효성중공업,6.147959053747294,2026-05-07 11:19:49,9월 6일 국내 ETF 1020개 데이터.xlsx / 국내 월배당 ETF 총정리.xlsx / 9월 1주 국내 월배당 ETF 분배금 지급현황.xlsx
277630,277630.KS,TIGER 코스피,K55301BV2921,국내주식,시장대표,국내시장지수,코스피,,,,,Y,Y,2,0.134749531572,0.615736605753,0.35299290557,14.266920215455,26.604881775909,35.561372776203,27.226576380323,42.556711334941,0.15,0.17,0.1816,33270,100,0.3014772384684956,2197.74089915,25236,8.39405203,-0.094055083985,미래에셋운용,코스피,패시브,비과세,20170831,,,,,,,,,,삼성전자,16.244481109427788,SK하이닉스,7.564430505852922,LG에너지솔루션,3.220478600883088,삼성바이오로직스,2.8238946976029506,한화에어로스페이스,1.8545277413204964,2026-05-07 11:19:49,9월 6일 국내 ETF 1020개 데이터.xlsx / 국내 월배당 ETF 총정리.xlsx / 9월 1주 국내 월배당 ETF 분배금 지급현황.xlsx
0015K0,0015K0.KS,TIGER 미국소비트렌드액티브,K55301EH0516,해외주식,업종섹터,,,,,,,Y,Y,2,0.8008,0.615322839155,3.643230399893,8.928886797603,1.55415775772,,,,0.79,0.9,1.2566,8765,95,1.0957324106113033,82.02666437,645,0.05639667,-0.621945464703,미래에셋운용,Mirae Asset US Consumer Trend 지수 (Net Total Return),액티브,배당소득세(보유기간과세),20250218,,,,,,,,,,META PLATFORMS INC-CLASS A,6.334322125039459,ALPHABET INC-CL A,5.461946279768852,AMER SPORTS INC,5.0553527431358605,NETFLIX INC,4.7533027931954175,CELSIUS HOLDINGS INC,4.7292777718067,2026-05-07 11:19:49,9월 6일 국내 ETF 1020개 데이터.xlsx / 국내 월배당 ETF 총정리.xlsx / 9월 1주 국내 월배당 ETF 분배금 지급현황.xlsx
496090,496090.KS,KIWOOM 코리아밸류업,K55206EF9358,국내주식,시장대표,,,,,,,Y,Y,2,0.46131823748,0.609850016298,0.743686138382,13.402697865191,29.287788190405,36.579027097415,,,0.009,0.04,0.0686,12550,100,0.8032128514056225,570.63299503,583,0.0730367,-0.049436531012,키움투자운용,코리아 밸류업 지수(PR),패시브,비과세,20241104,,,,,,,,,,SK하이닉스,16.24711983607624,삼성전자,14.709255624572847,KB금융,5.189367758525511,한화에어로스페이스,4.797642919579575,현대차,4.423068623428189,2026-05-07 11:19:49,9월 6일 국내 ETF 1020개 데이터.xlsx / 국내 월배당 ETF 총정리.xlsx / 9월 1주 국내 월배당 ETF 분배금 지급현황.xlsx
280320,280320.KS,ACE 미국IT인터넷S&P(합성 H),K55101BW5925,해외주식,업종섹터,,,,,,,Y,Y,1,0.890266250303,0.607319640218,3.712954903913,8.51813771494,15.067810508994,13.185198360603,39.144551791803,92.58992058883,0.5,0.61,0.6248,21845,335,1.5574151557415157,175.12034068,295,0.06439689,-0.422315904385,한국투자신탁운용,다우존스 인터넷 종합지수,패시브,배당소득세(보유기간과세),20171017,,,,,,,,,,스왑(삼성증권),100,설정현금액,0,원화현금,0,,,,,2026-05-07 11:19:49,9월 6일 국내 ETF 1020개 데이터.xlsx / 국내 월배당 ETF 총정리.xlsx / 9월 1주 국내 월배당 ETF 분배금 지급현황.xlsx
481340,481340.KS,RISE 미국30년국채액티브,K55223EB1457,채권,해외채권,,,"월배당, 채권",Y,Y,Y,Y,Y,2,0.766304365241,0.607069953097,-0.673020906251,3.89569740648,-7.703607353222,-3.015430567932,-8.472388595069,,0.05,0.19,0.217,9470,75,0.7982969664715274,311.78478994,60920,5.77152071,0.040160724468,KB운용,Bloomberg U.S Treasury 20+ Year Total Return Index,액티브,배당소득세(보유기간과세),20240528,채권,0.3745,20250827,20250829,35,5.13,481,12,Y,DRX DLY 20+ YR TREAS BULL 3X,23.326814243396704,T 4 5/8 02/15/55,19.377640914642875,PROSHARES ULTRA 20+ YEAR TSY,17.376984930832823,ISHARES 20+ YEAR TREASURY BD,15.980381253839472,T 4 5/8 05/15/54,13.814890747252376,2026-05-07 11:19:49,9월 6일 국내 ETF 1020개 데이터.xlsx / 국내 월배당 ETF 총정리.xlsx / 9월 1주 국내 월배당 ETF 분배금 지급현황.xlsx
489290,489290.KS,WON 미국빌리어네어,K55107ED8337,해외주식,전략,,,,,,,Y,Y,2,1.08405912937,0.602882376547,3.119703565223,14.498194120056,17.014945814818,7.991506842381,43.904570686912,,0.49,0.73,0.8518,14100,210,1.511879049676026,273.23507882,82174,11.5649507,0.086590316625,우리운용,Bloomberg US Billionaires Investment Select Index(PR),패시브,배당소득세(보유기간과세),20240903,,,,,,,,,,Alphabet Inc,9.632437005286446,BROADCOM LTD,9.26818739010585,NVIDIA CORP,9.1137200788784,AMAZON.COM INC,7.910842423799439,MICROSOFT CORP,7.856523990635039,2026-05-07 11:19:49,9월 6일 국내 ETF 1020개 데이터.xlsx / 국내 월배당 ETF 총정리.xlsx / 9월 1주 국내 월배당 ETF 분배금 지급현황.xlsx
359210,359210.KS,KODEX 코스피TR,K55105D41822,국내주식,시장대표,국내시장지수,코스피,,,,,Y,Y,2,0.137361544277,0.602796775326,0.331865870009,14.3771163125,26.856664730601,35.907978406113,27.627741725089,43.701099001491,0.07,0.1,0.1109,16340,5,0.030609121518212427,605.27878056,10365,1.6946079,-0.09023848303,삼성운용,KOSPI TR,패시브,배당소득세(보유기간과세),20200721,,,,,,,,,,삼성전자,16.28756379083502,SK하이닉스,7.615434826557887,LG에너지솔루션,3.2268791637957146,삼성바이오로직스,2.8672338279333545,한화에어로스페이스,1.825929421610673,2026-05-07 11:19:49,9월 6일 국내 ETF 1020개 데이터.xlsx / 국내 월배당 ETF 총정리.xlsx / 9월 1주 국내 월배당 ETF 분배금 지급현황.xlsx
290080,290080.KS,RISE 200고배당커버드콜ATM,K55223C37096,국내주식,전략,배당,국내,"월배당, 커버드콜, 배당",Y,Y,Y,Y,,3,0.122480840764,0.602448142869,1.40957929336,2.734292750582,14.748311704207,24.46168574372,28.932035508256,50.525421658275,0.4,0.45,0.5245,9280,40,0.4329004329004329,181.08242063,8822,0.81712463,-0.182481145198,KB운용,코스피 200 고배당커버드콜 ATM 지수(시장가격지수),패시브,배당소득세(보유기간과세),20180227,국내주식,0.7314,20250827,20250829,67,7.8815,731,12,Y,현대차,3.139832074126006,기아,3.103521461843181,한전KPS,2.9257848311494703,강원랜드,2.920186672487007,SK텔레콤,2.8868354296256706,2026-05-07 11:19:49,9월 6일 국내 ETF 1020개 데이터.xlsx / 국내 월배당 ETF 총정리.xlsx / 9월 1주 국내 월배당 ETF 분배금 지급현황.xlsx
337160,337160.KS,KODEX 200ESG,K55105CX1894,국내주식,전략,,,,,,,Y,Y,2,0.357898255765,0.593241993736,1.189059759846,15.781344656141,28.040132056758,34.440583445115,30.765985454351,58.476034432528,0.09,0.13,0.2164,16950,80,0.4742145820983995,389.46681476,441,0.0746453,-0.045690696444,삼성운용,KOSPI200 ESG 지수,패시브,비과세,20191114,,,,,,,,,,삼성전자,26.754355576983745,SK하이닉스,12.81646756307923,KB금융,3.0289042457575164,현대차,2.5709362332815484,NAVER,2.540192734653548,2026-05-07 11:19:49,9월 6일 국내 ETF 1020개 데이터.xlsx / 국내 월배당 ETF 총정리.xlsx / 9월 1주 국내 월배당 ETF 분배금 지급현황.xlsx
302450,302450.KS,RISE 코스피,K55223CC1474,국내주식,시장대표,국내시장지수,코스피,,,,,Y,Y,2,0.144998267299,0.592412976705,0.282435201492,14.218974743402,26.635535006808,35.699681085686,27.292643467291,42.180169860712,0.14,0.16,0.172,33260,95,0.2864465551032715,1679.74892472,1245,0.41353815,-0.068795176191,KB운용,코스피,패시브,비과세,20180724,,,,,,,,,,삼성전자,16.246459499167386,SK하이닉스,7.581380053556093,LG에너지솔루션,3.1996808783023494,삼성바이오로직스,2.8242386152853816,한화에어로스페이스,1.9109582559155973,2026-05-07 11:19:49,9월 6일 국내 ETF 1020개 데이터.xlsx / 국내 월배당 ETF 총정리.xlsx / 9월 1주 국내 월배당 ETF 분배금 지급현황.xlsx
473590,473590.KS,ACE 미국주식베스트셀러,K55101E54012,해외주식,전략,,,,,,,Y,Y,2,0.473117353906,0.587359099558,4.191055784861,2.163873232851,15.850538178514,5.19832916628,45.764721613006,,0.3,0.41,0.9246,18210,50,0.2753303964757709,755.54779001,44692,8.13955667,-0.047595642113,한국투자신탁운용,FnGuide 미국 주식 베스트셀러 지수(시장가격지수),패시브,배당소득세(보유기간과세),20231227,,,,,,,,,,ALPHABET INC-CL A,22.93004147463248,UNITEDHEALTH GROUP INC,21.424567838442965,ADVANCED MICRO DEVICES,15.00161287021812,COINBASE GLOBAL INC -CLASS A,11.373832210292019,CIRCLE INTERNET GROUP INC,10.272448679113927,2026-05-07 11:19:49,9월 6일 국내 ETF 1020개 데이터.xlsx / 국내 월배당 ETF 총정리.xlsx / 9월 1주 국내 월배당 ETF 분배금 지급현황.xlsx
468630,468630.KS,KODEX iShares미국투자등급회사채액티브,K55105E57073,채권,해외채권,,,"월배당, 채권",Y,Y,Y,Y,Y,4,0.568559488108,0.582986181129,1.091957053314,5.902752005358,-1.178890467401,0.794336634444,7.228572427293,,0.1,0.15,0.1749,11385,70,0.618647812638091,239.77654247,20991,2.39110037,0.053496807074,삼성운용,Markit iBoxx USD Liquid Investment Grade Index(Total Return),액티브,배당소득세(보유기간과세),20231019,채권,0.3714,20250827,20250829,42,4.2479,480,12,Y,ISHARES IBOXX INVESTMENT GRA,100,설정현금액,0,원화현금,0,USD현금,0,,,2026-05-07 11:19:49,9월 6일 국내 ETF 1020개 데이터.xlsx / 국내 월배당 ETF 총정리.xlsx / 9월 1주 국내 월배당 ETF 분배금 지급현황.xlsx
494670,494670.KS,TIGER 조선TOP10,K55301EE9692,국내주식,업종섹터,,,,,,,Y,Y,2,-0.9080489597,0.581609607395,7.9189454668,30.767795333468,56.279252989646,103.978649687011,,,0.35,0.4,0.417,25875,-300,-1.146131805157593,5704.24604332,4308452,1117.01407716,-0.056981092182,미래에셋운용,iSelect 조선TOP10 Index(PR),패시브,비과세,20241022,,,,,,,,,,한화오션,27.452891436907457,HD현대중공업,23.386586805565006,HD한국조선해양,21.55173124427063,삼성중공업,13.799796231959084,HD현대미포,6.473525011888642,2026-05-07 11:19:49,9월 6일 국내 ETF 1020개 데이터.xlsx / 국내 월배당 ETF 총정리.xlsx / 9월 1주 국내 월배당 ETF 분배금 지급현황.xlsx
433500,433500.KS,ACE 원자력테마딥서치,K55101DU0363,국내주식,업종섹터,,,,,,,Y,Y,2,-0.366303160714,0.579840061146,-1.490496958321,20.684432008163,58.052685579378,90.138650618433,111.532380374713,180.530795491625,0.3,0.36,0.3905,32660,30,0.09193993257738278,750.9644682,19254,6.27505684,-0.078401145431,한국투자신탁운용,DeepSearch 원자력테마 지수 (시장가격지수),패시브,비과세,20220628,,,,,,,,,,한국전력,11.924537525692202,두산에너빌리티,10.405488782801509,HD현대일렉트릭,10.26923369786641,효성중공업,7.950762246353219,LS ELECTRIC,7.610323352776319,2026-05-07 11:19:49,9월 6일 국내 ETF 1020개 데이터.xlsx / 국내 월배당 ETF 총정리.xlsx / 9월 1주 국내 월배당 ETF 분배금 지급현황.xlsx
159800,159800.KS,마이티 코스피100,KR5216AB3979,국내주식,시장대표,,,,,,,Y,Y,2,0.072952387022,0.573170467966,0.315344855431,15.960293545989,29.780355458045,37.631649910143,27.254869644816,49.369574701904,0.375,0.4,0.4133,33510,95,0.28430345653149786,120.54452229,73,0.0244332,-0.084206262003,DB자산운용,코스피 100,패시브,비과세,20120705,,,,,,,,,,삼성전자,24.847752936173194,SK하이닉스,11.281142985861845,KB금융,2.6647520972934733,한화에어로스페이스,2.4548626584011712,현대차,2.269457809472975,2026-05-07 11:19:49,9월 6일 국내 ETF 1020개 데이터.xlsx / 국내 월배당 ETF 총정리.xlsx / 9월 1주 국내 월배당 ETF 분배금 지급현황.xlsx
448100,448100.KS,WON 200,K55107DY2526,국내주식,시장대표,국내시장지수,코스피 200,월배당,Y,Y,Y,Y,Y,2,0.114026871807,0.571977915845,0.174834311342,16.101136339147,30.811586257581,39.176292796993,29.147031647878,,0.05,0.06,0.1158,44765,160,0.3587041811456115,458.51737946,45807,20.4922963,-0.072771927102,우리운용,코스피 200,패시브,비과세,20221216,국내주식,0.1123,20250827,20250829,50,1.4771,660,12,Y,삼성전자,23.1693273692935,SK하이닉스,10.410101531530435,KB금융,2.466073425093915,한화에어로스페이스,2.2762291914952444,현대차,2.085977469677545,2026-05-07 11:19:49,9월 6일 국내 ETF 1020개 데이터.xlsx / 국내 월배당 ETF 총정리.xlsx / 9월 1주 국내 월배당 ETF 분배금 지급현황.xlsx
0086C0,0086C0.KS,TIGER 리츠부동산인프라10채권혼합액티브,K55301EL7275,자산배분,주식+채권,,,"월배당, 채권, 리츠/부동산",Y,Y,,Y,Y,4,0.108542245127,0.569119888237,0.480490423023,,,,,,0.15,0.16,0.16,10125,10,0.09886307464162135,152.04124806,44548,4.50684553,-0.126694206166,미래에셋운용,KEDI 리츠부동산인프라TOP10채권혼합지수 (Price Return),액티브,배당소득세(보유기간과세),20250729,,,,,,,,,,TIGER 단기통안채,50.760974051311976,맥쿼리인프라,19.696295279497328,ESR켄달스퀘어리츠,5.492576572145071,SK리츠,5.351050419748919,신한알파리츠,4.961632148913226,2026-05-07 11:19:49,9월 6일 국내 ETF 1020개 데이터.xlsx / 국내 월배당 ETF 총정리.xlsx / 9월 1주 국내 월배당 ETF 분배금 지급현황.xlsx
0087F0,0087F0.KS,ACE 차이나AI빅테크TOP2+액티브,K55101EM0842,해외주식,업종섹터,,,미국/테크,,,,Y,Y,2,-3.841912195305,0.568769795227,4.426451868276,,,,,,0.45,0.47,0.5197,10410,130,1.264591439688716,82.10017149,10769,1.10072235,0.2047924722,한국투자신탁운용,Solactive China AI Big Tech TOP2+ Index (Price Return),액티브,배당소득세(보유기간과세),20250729,,,,,,,,,,Alibaba group holding ltd,23.711929204957915,XIAOMI CORP-CLASS B,22.00583240783383,(선)CONTEMPORARY AMPEREX TECHN-A,4.721179429494617,TENCENT HOLD,4.285281407749051,BYD,4.128353649198498,2026-05-07 11:19:49,9월 6일 국내 ETF 1020개 데이터.xlsx / 국내 월배당 ETF 총정리.xlsx / 9월 1주 국내 월배당 ETF 분배금 지급현황.xlsx
0021C0,0021C0.KS,ACE 장기자산배분액티브,K55101EI1648,자산배분,주식+채권,,,채권,,,,Y,Y,2,0.530571637611,0.558686102491,3.096179857513,10.942405439798,,,,,0.4,0.44,0.5162,11095,75,0.6805807622504537,110.74865637,2862,0.31741705,0.071037043454,한국투자신탁운용,Bloomberg Multi Asset Target-date 2080 KRW Index,액티브,배당소득세(보유기간과세),20250311,,,,,,,,,,SPDR Portfolio S&P 500 Growth ETF,28.56533056747452,ACE 미국S&P500,19.62622611853442,iShares Gold Trust Micro,14.008458462868518,Vanguard Value ETF,13.518829151182791,Vanguard Growth ETF,7.12055091695938,2026-05-07 11:19:49,9월 6일 국내 ETF 1020개 데이터.xlsx / 국내 월배당 ETF 총정리.xlsx / 9월 1주 국내 월배당 ETF 분배금 지급현황.xlsx
310080,310080.KS,RISE 중국MSCI China(H),K55223CG2510,해외주식,시장대표,,,,,,,Y,Y,1,-1.448486778178,0.558010113466,4.412676809618,10.638278147026,11.711819470967,27.102134619764,47.086188669769,23.874732134457,0.6,0.81,0.8702,10835,135,1.2616822429906542,128.88495641,5861,0.63118157,-0.198162275552,KB운용,MSCI China NTR Index(USD) (Net Total Return),패시브,배당소득세(보유기간과세),20181128,,,,,,,,,,TENCENT HOLDINGS LTD,19.433285018163296,ALIBABA GROUP HOLDING LTD,10.921590473895478,XIAOMI CORP-CLASS B,4.533477300833194,CHINA CONSTRUCTION BANK-H,3.6682692366367995,MSCI China Futures Sep25,3.5331601858136032,2026-05-07 11:19:49,9월 6일 국내 ETF 1020개 데이터.xlsx / 국내 월배당 ETF 총정리.xlsx / 9월 1주 국내 월배당 ETF 분배금 지급현황.xlsx
227570,227570.KS,TIGER 우량가치,K55301B69921,국내주식,전략,,,,,,,Y,Y,2,0.102646244198,0.554768562654,-1.566134121552,3.899069063957,26.273441933397,39.680262562473,27.859465111308,55.703565268755,0.4,0.46,0.6245,14990,40,0.26755852842809363,80.99397539,714,0.10686095,0.039761021774,미래에셋운용,FnGuide 퀄리티 밸류 지수,패시브,비과세,20150923,,,,,,,,,,BNK금융지주,2.445056936961121,DB손해보험,2.3167999697838026,세아베스틸지주,2.310954574420932,현대위아,2.2781753958091437,롯데정밀화학,2.268496770025622,2026-05-07 11:19:49,9월 6일 국내 ETF 1020개 데이터.xlsx / 국내 월배당 ETF 총정리.xlsx / 9월 1주 국내 월배당 ETF 분배금 지급현황.xlsx
354240,354240.KS,RISE 미국고정배당우선증권,K55223D48455,자산배분,주식+채권,,,"배당, 채권",,,,Y,Y,3,0.38185183574,0.553662399216,1.430926481397,7.365451043043,-3.143578709313,-2.619571978954,4.229257632618,9.885907294295,0.5,0.72,0.8688,11680,110,0.9507346585998271,163.92253523,5980,0.69993705,-0.521894789686,KB운용,ICE BofAML Core Plus Fixed Rate Preferred Securities Index,패시브,배당소득세(보유기간과세),20200519,,,,,,,,,,INVESCO PREFERRED ETF,20.74321187174352,JPM 6 PERP,2.1592465965614056,JPM 5 3/4 PERP,1.9514519722792327,WFC 4 3/4 PERP,1.7935304840097914,JPM 4 5/8 PERP,1.7141461943294807,2026-05-07 11:19:49,9월 6일 국내 ETF 1020개 데이터.xlsx / 국내 월배당 ETF 총정리.xlsx / 9월 1주 국내 월배당 ETF 분배금 지급현황.xlsx
395760,395760.KS,PLUS ESG성장주액티브,K55213DK8959,국내주식,전략,,,,,,,Y,Y,2,0.290177181702,0.553407984918,0.505877003249,13.816641722152,25.615988667441,35.589515580601,30.580776197433,44.372871266874,0.105,0.15,0.1992,10640,35,0.33003300330033003,90.36505122,29,0.0030798,0.100485683562,한화운용,FnGuide 한화 ESG 성장 지수,액티브,배당소득세(보유기간과세),20210730,,,,,,,,,,삼성전자,15.180945987944757,SK하이닉스,5.79893835147464,삼양식품,2.2515367717216854,삼성중공업,2.1713514020213567,삼성바이오로직스,2.095554952723487,2026-05-07 11:19:49,9월 6일 국내 ETF 1020개 데이터.xlsx / 국내 월배당 ETF 총정리.xlsx / 9월 1주 국내 월배당 ETF 분배금 지급현황.xlsx
457930,457930.KS,BNK 미래전략기술액티브,K55240E32568,국내주식,업종섹터,,,,,,,Y,Y,2,0.154200430619,0.547559823423,-0.068645084612,17.207064364034,29.425545105174,43.725342373948,46.76198301489,,0.495,0.61,0.6425,14725,-10,-0.0678656260604004,88.30694929,1,0.00014725,0.131758862171,BNK자산운용,iSelect 미래전략기술 지수 (PR),액티브,배당소득세(보유기간과세),20230620,,,,,,,,,,삼성전자,8.545295576117557,SK하이닉스,8.191328705710827,한화에어로스페이스,3.829818970504347,NAVER,3.641824634358215,현대차,3.5535865925565844,2026-05-07 11:19:49,9월 6일 국내 ETF 1020개 데이터.xlsx / 국내 월배당 ETF 총정리.xlsx / 9월 1주 국내 월배당 ETF 분배금 지급현황.xlsx
226980,226980.KS,KODEX 200 중소형,K55105B66492,국내주식,규모,,,,,,,Y,Y,2,0.726627574333,0.542970534851,-0.805114756609,12.189712161568,34.982528206885,48.060295104005,47.211190464016,63.588695357078,0.3,0.34,0.4037,18080,155,0.8647140864714087,144.92949691,16253,2.93237055,-0.025536875564,삼성운용,코스피 200 중소형주,패시브,비과세,20150901,,,,,,,,,,효성중공업,5.25806469095647,에이피알,4.7539033695038135,HD현대미포,4.1130798716653505,두산,3.4369059781399844,BNK금융지주,3.366325623445489,2026-05-07 11:19:49,9월 6일 국내 ETF 1020개 데이터.xlsx / 국내 월배당 ETF 총정리.xlsx / 9월 1주 국내 월배당 ETF 분배금 지급현황.xlsx
490090,490090.KS,TIGER 미국AI빅테크10,K55301ED3241,해외주식,업종섹터,,,미국/테크,,,,Y,Y,2,1.06811504561,0.53721264699,4.247693889377,19.234126546675,20.736919009474,8.843517590858,39.927318269768,,0.3,0.37,0.561,13135,180,1.3894249324585102,1464.08090521,470633,61.8096206,0.083426045637,미래에셋운용,KEDI 미국AI빅테크10 지수(PR),패시브,배당소득세(보유기간과세),20240827,,,,,,,,,,NVIDIA CORP,18.763349143801282,MICROSOFT CORP,17.619139479778518,APPLE INC,16.7078369628983,ALPHABET INC-CL A,11.796085966131278,AMAZON.COM INC,10.15688505696348,2026-05-07 11:19:49,9월 6일 국내 ETF 1020개 데이터.xlsx / 국내 월배당 ETF 총정리.xlsx / 9월 1주 국내 월배당 ETF 분배금 지급현황.xlsx
227550,227550.KS,TIGER 200 산업재,K55301B69905,국내주식,업종섹터,,,,,,,Y,Y,2,-0.686397072773,0.537102164782,-4.541549993768,10.08071540553,20.7386122337,49.483754847557,47.071052915802,59.693439121757,0.4,0.45,0.5252,9665,-55,-0.565843621399177,65.74288419,918,0.0888888,-0.031988160023,미래에셋운용,코스피 200 산업재,패시브,비과세,20150923,,,,,,,,,,한화에어로스페이스,22.07000984765839,LG에너지솔루션,13.023707300939215,HMM,8.093436339080816,현대글로비스,7.206533827806821,한국항공우주,7.151134629688312,2026-05-07 11:19:49,9월 6일 국내 ETF 1020개 데이터.xlsx / 국내 월배당 ETF 총정리.xlsx / 9월 1주 국내 월배당 ETF 분배금 지급현황.xlsx
316300,316300.KS,ACE 싱가포르리츠,K55101CG5254,부동산,,,,"월배당, 리츠/부동산",Y,Y,Y,Y,Y,2,-0.319482507117,0.532570705074,3.940198582534,15.099370357178,12.095995780498,10.766554611269,9.921366401009,9.380034379364,0.4,1.02,1.0387,13745,140,1.0290334435869166,68.12653357,1910,0.261868,0.312308897352,한국투자신탁운용,Morningstar Singapore REIT Yield Focus Index(PR),패시브,배당소득세(분리과세부동산ETF),20190129,부동산,0.4199,20250827,20250829,57,4.9601,678,12,Y,MAPLETREE LOGIS TRUST,9.869329914457348,CapitaLand Integrated Commercial Trust,9.549147307973131,MAPLETREE PAN ASIA COMMER,9.534717995557866,CAPITALAND ASCENDAS REIT,9.488912332528521,MAPLETREE INDUS TRUST,9.454812920627742,2026-05-07 11:19:49,9월 6일 국내 ETF 1020개 데이터.xlsx / 국내 월배당 ETF 총정리.xlsx / 9월 1주 국내 월배당 ETF 분배금 지급현황.xlsx
464470,464470.KS,PLUS 미국채30년액티브,K55213E52282,채권,해외채권,장기채권,미국,"월배당, 채권",Y,Y,Y,Y,Y,4,0.67072473433,0.518540037541,-0.458956967581,4.30775740939,-6.849811413926,-2.932576451343,-4.858509979828,,0.15,0.24,0.2678,50920,395,0.7817911924789708,606.48386631,7885,4.0182149,0.014789803656,한화운용,ICE U.S. Treasury 20+ Year Bond Index(Total Return),액티브,배당소득세(보유기간과세),20230822,채권,0.1987,20250827,20250829,100,1.201,606,6,Y,ISHARES 20+ YEAR TREASURY BD,27.671458449985447,DRX DLY 20+ YR TREAS BULL 3X,23.193598651596407,PROSHARES ULTRA 20+ YEAR TSY,7.026493091253219,T 1 3/8 08/15/50,5.924022531299344,T 3 1/8 05/15/48,5.638846199848741,2026-05-07 11:19:49,9월 6일 국내 ETF 1020개 데이터.xlsx / 국내 월배당 ETF 총정리.xlsx / 9월 1주 국내 월배당 ETF 분배금 지급현황.xlsx
493810,493810.KS,TIGER 미국AI빅테크10타겟데일리커버드콜,K55301ED3282,해외주식,전략,,,"월배당, 커버드콜, 미국/테크",Y,Y,Y,Y,Y,2,0.980198400326,0.518414555181,4.171238187395,19.551164284276,20.392621377045,8.252545115025,,,0.25,0.32,0.4835,11090,145,1.3248058474189128,1887.2502278,572623,63.46256342,0.173411286531,미래에셋운용,KEDI 미국AI빅테크10+15%데일리프리미엄 지수(TR),패시브,배당소득세(보유기간과세),20241015,해외주식,1.2568,20250812,20250814,138,11.8305,1293,10,Y,NVIDIA CORP,18.754132175040642,MICROSOFT CORP,17.61059025522582,APPLE INC,16.699487389998843,ALPHABET INC-CL A,11.789932381334355,AMAZON.COM INC,10.151778822252506,2026-05-07 11:19:49,9월 6일 국내 ETF 1020개 데이터.xlsx / 국내 월배당 ETF 총정리.xlsx / 9월 1주 국내 월배당 ETF 분배금 지급현황.xlsx
453870,453870.KS,TIGER 인도니프티50,K55301E05564,해외주식,시장대표,해외시장지수(환노출),인도 Nifty50,,,,,Y,Y,2,-0.240596594137,0.515739667427,-0.289352513506,0.152662277256,5.940938815777,-4.021707933736,-2.605571317183,,0.19,0.32,0.3635,13020,-140,-1.0638297872340425,4890.9992248,195234,25.53774847,-0.370532983272,미래에셋운용,Nifty 50 Index,패시브,배당소득세(보유기간과세),20230414,,,,,,,,,,ICICI BANK LTD,9.65213366422659,RELIANCE INDUSTRIES LTD,9.10231947275568,HDFC BANK LIMITED,7.106983793157915,INFOSYS LTD,5.211413081077685,BHARTI AIRTEL LTD,4.948354844611574,2026-05-07 11:19:49,9월 6일 국내 ETF 1020개 데이터.xlsx / 국내 월배당 ETF 총정리.xlsx / 9월 1주 국내 월배당 ETF 분배금 지급현황.xlsx
395170,395170.KS,KODEX Top10동일가중,K55105DK2011,국내주식,규모,,,,,,,Y,Y,2,-0.108364193246,0.513767875146,-0.21158388205,12.790344925221,19.100124797288,21.476919390761,12.336527663774,17.919848185708,0.15,0.21,0.3012,8410,10,0.11904761904761904,579.63483734,1170,0.0983686,-0.086342150863,삼성운용,FnGuide TOP 10 동일가중 지수,패시브,비과세,20210730,,,,,,,,,,HD현대중공업,11.141007214855632,삼성전자,10.811444451341504,LG에너지솔루션,10.600609275697254,SK하이닉스,10.332021830787522,현대차,10.100439767176466,2026-05-07 11:19:49,9월 6일 국내 ETF 1020개 데이터.xlsx / 국내 월배당 ETF 총정리.xlsx / 9월 1주 국내 월배당 ETF 분배금 지급현황.xlsx
314700,314700.KS,HANARO 농업융복합산업,K55232CI1899,국내주식,업종섹터,,,,,,,Y,Y,2,-0.203170721395,0.512907833997,-2.859384418001,8.269066712469,13.554124110895,18.318476653932,6.791649736417,-7.533173353862,0.5,0.68,0.7027,10140,0,0,55.84174477,3378,0.34356145,-0.075901730732,NH-Amundi운용,FnGuide 농업융복합산업 지수(시장가격),패시브,비과세,20181221,,,,,,,,,,LG화학,25.243587914744303,KT&G,20.65757559926607,CJ제일제당,9.75134796266834,하림,7.754248742841605,LS,7.329213370314596,2026-05-07 11:19:49,9월 6일 국내 ETF 1020개 데이터.xlsx / 국내 월배당 ETF 총정리.xlsx / 9월 1주 국내 월배당 ETF 분배금 지급현황.xlsx
140710,140710.KS,KODEX 운송,KR5105A23632,국내주식,업종섹터,,,,,,,Y,Y,2,0.387642008576,0.511367965329,5.353451839603,3.751725201434,15.411494079364,23.183791394396,30.627095641842,32.05388897176,0.45,0.47,0.5044,6160,45,0.7358953393295176,104.61382024,142534,8.7807845,-0.093118844555,삼성운용,KRX 운송,패시브,비과세,20110426,,,,,,,,,,현대글로비스,26.698069822532464,한진칼,20.445007853706198,HMM,20.029932107617196,대한항공,16.110121260713324,CJ대한통운,3.5628398162758996,2026-05-07 11:19:49,9월 6일 국내 ETF 1020개 데이터.xlsx / 국내 월배당 ETF 총정리.xlsx / 9월 1주 국내 월배당 ETF 분배금 지급현황.xlsx
453630,453630.KS,KODEX 미국S&P500필수소비재,K55105DZ2634,해외주식,업종섹터,,,미국/테크,,,,Y,Y,2,-0.065311382557,0.511102967886,0.234741784038,0.826608129638,-5.396728812551,-2.034663599322,2.419453462453,,0.25,0.34,0.3767,11960,-5,-0.041788549937317176,131.32427375,6528,0.77995727,-0.214959745603,삼성운용,S&P Consumer Staples Select Sector Index,패시브,배당소득세(보유기간과세),20230321,,,,,,,,,,WAL-MART STORES INC,9.484016158049322,COSTCO WHOLESALE CORP,9.303420186884189,PROCTER & GAMBLE CO/THE,8.186550193617503,COCA-COLA CO/THE,5.899442955215907,PHILIP MORRIS INTERNATIONAL,5.609016969051418,2026-05-07 11:19:49,9월 6일 국내 ETF 1020개 데이터.xlsx / 국내 월배당 ETF 총정리.xlsx / 9월 1주 국내 월배당 ETF 분배금 지급현황.xlsx
277650,277650.KS,TIGER 코스피중형주,K55301BV2954,국내주식,규모,,,,,,,Y,Y,2,0.638446111205,0.506503984466,0.137809320184,9.851526028847,22.016099501959,33.515432366088,27.827431974797,32.983477426345,0.29,0.32,0.3778,17815,120,0.6781576716586606,44.59755654,77,0.0137062,-0.123824986399,미래에셋운용,코스피 중형주,패시브,비과세,20170831,,,,,,,,,,에이피알,2.672025593532472,한화,2.122150254275939,키움증권,1.6830689945468906,CJ,1.6002009381446596,이수페타시스,1.5701136342072675,2026-05-07 11:19:49,9월 6일 국내 ETF 1020개 데이터.xlsx / 국내 월배당 ETF 총정리.xlsx / 9월 1주 국내 월배당 ETF 분배금 지급현황.xlsx
453810,453810.KS,KODEX 인도Nifty50,K55105E00263,해외주식,시장대표,해외시장지수(환노출),인도 Nifty50,,,,,Y,Y,2,-0.232885666443,0.506358969175,-0.280593687114,0.145969419407,5.883614835667,-3.941940230696,-2.912587011803,,0.19,0.27,0.3244,13280,-105,-0.7844602166604407,4319.55185939,120663,16.08741773,-0.434558612111,삼성운용,Nifty 50 Index,패시브,배당소득세(보유기간과세),20230421,,,,,,,,,,HDFC Bank Ltd,12.994557896077541,ICICI Bank Ltd,8.890292558918125,Reliance Industries Ltd,8.302542159934697,Infosys Ltd,4.756597711878848,Bharti Airtel Ltd,4.58427217038646,2026-05-07 11:19:49,9월 6일 국내 ETF 1020개 데이터.xlsx / 국내 월배당 ETF 총정리.xlsx / 9월 1주 국내 월배당 ETF 분배금 지급현황.xlsx
295020,295020.KS,RISE 국채선물10년인버스,K55223C82720,레버리지/인버스,1X 인버스,,,인버스,,,,,,3,-0.092485241057,0.505276502,0.796944148078,0.225659689296,1.795636005396,1.12235730496,1.615143234478,1.916846174057,0.07,0.1,0.1274,54725,-10,-0.018269845619804513,130.2727586,17,0.00929135,-0.005715328653,KB운용,10년국채선물지수,패시브,배당소득세(보유기간과세),20180511,,,,,,,,,,설정현금액,0,원화현금,0,10년국채 F 202509,100,,,,,2026-05-07 11:19:49,9월 6일 국내 ETF 1020개 데이터.xlsx / 국내 월배당 ETF 총정리.xlsx / 9월 1주 국내 월배당 ETF 분배금 지급현황.xlsx
284430,284430.KS,KODEX 200미국채혼합,K55105BZ3766,자산배분,주식+채권,,,"월배당, 채권",Y,Y,,Y,Y,4,0.212666560712,0.503850989279,0.761170416254,8.992677898628,10.122776151834,14.238431372549,13.804545962413,17.992155134563,0.35,0.4,0.4589,14570,85,0.5868139454608216,2046.26270682,153890,22.41226642,0.044543757943,삼성운용,코스피 200 미국채 혼합지수,패시브,배당소득세(보유기간과세),20171130,,,,,,,,,,US 10YR NOTE (CBT) 2025 12,59.53069322114106,KODEX 200,16.12975176591343,삼성전자,5.569301450749343,SK하이닉스,2.533774950158581,KB금융,0.5984810513176817,2026-05-07 11:19:49,9월 6일 국내 ETF 1020개 데이터.xlsx / 국내 월배당 ETF 총정리.xlsx / 9월 1주 국내 월배당 ETF 분배금 지급현황.xlsx
176950,176950.KS,KODEX 국채선물10년인버스,KR5105AI5534,레버리지/인버스,1X 인버스,,,인버스,,,,,,3,-0.092767358225,0.499990398648,0.784876481203,0.237916164524,1.882406408934,1.188085312066,1.649175720282,2.604673871449,0.07,0.09,0.1091,54360,-120,-0.22026431718061673,65.3157982,3,0.00163105,-0.035338677115,삼성운용,10년국채선물지수,패시브,배당소득세(보유기간과세),20130531,,,,,,,,,,설정현금액,0,원화현금,0,2025-09 국채선물10(신),100,,,,,2026-05-07 11:19:49,9월 6일 국내 ETF 1020개 데이터.xlsx / 국내 월배당 ETF 총정리.xlsx / 9월 1주 국내 월배당 ETF 분배금 지급현황.xlsx
414270,414270.KS,ACE 글로벌자율주행액티브,K55101DP1319,해외주식,전략,해외주식테마/섹터,글로벌 전기차 및 2차전지,,,,,Y,Y,2,0.621258030936,0.497986861789,6.794929422433,10.786863405513,12.460423764638,2.842118103343,52.658010748478,21.073956952846,0.29,0.39,0.5938,12170,140,1.1637572734829593,412.78715239,53341,6.48680655,-0.056035313789,한국투자신탁운용,FactSet US-China Electric&Autonomous Vehicle Price Return Index,액티브,배당소득세(보유기간과세),20220215,,,,,,,,,,TESLA MOTORS,15.945725725368806,NVIDIA Corp,8.030389292835011,(선)BYD CO LTD -A,7.9916887595797945,ACE BYD밸류체인액티브,5.4299180011574855,Alibaba group holding ltd,5.185374935426712,2026-05-07 11:19:49,9월 6일 국내 ETF 1020개 데이터.xlsx / 국내 월배당 ETF 총정리.xlsx / 9월 1주 국내 월배당 ETF 분배금 지급현황.xlsx
252000,252000.KS,TIGER 200동일가중,K55301BG7119,국내주식,시장대표,,,,,,,Y,Y,2,0.237707985885,0.491241187497,-0.639570291632,9.434766947216,24.662093019641,37.430204558484,31.927519834268,42.335766494022,0.25,0.29,0.3454,14575,100,0.690846286701209,21.85379024,12,0.0017425,-0.120449762114,미래에셋운용,코스피 200 동일가중지수,패시브,비과세,20160920,,,,,,,,,,효성중공업,0.8350684372429112,에이피알,0.7811930541949815,현대글로비스,0.7117076242639336,한국카본,0.703488174798929,풍산,0.6739948561303828,2026-05-07 11:19:49,9월 6일 국내 ETF 1020개 데이터.xlsx / 국내 월배당 ETF 총정리.xlsx / 9월 1주 국내 월배당 ETF 분배금 지급현황.xlsx
138910,138910.KS,KODEX 구리선물(H),KR5105A08898,원자재,금속,,,원자재,,,,Y,,2,-1.445212640383,0.487332518132,1.37331492441,-9.086587520844,-4.003647683209,7.57464428283,4.685140127188,18.87793955883,0.68,0.73,0.8715,7380,65,0.8885850991114149,270.30810909,71006,5.21097597,-0.24515851805,삼성운용,S&P GSCI North American Copper Index (Total Return),패시브,배당소득세(보유기간과세),20110315,,,,,,,,,,Highgrade Copper 2025 12,92.35819308744566,ETFs COPPER,7.641806912554344,설정현금액,0,2025-09 달러선물,0,원화현금,0,2026-05-07 11:19:49,9월 6일 국내 ETF 1020개 데이터.xlsx / 국내 월배당 ETF 총정리.xlsx / 9월 1주 국내 월배당 ETF 분배금 지급현황.xlsx
252650,252650.KS,KODEX 200동일가중,K55105BG6549,국내주식,시장대표,,,,,,,Y,Y,2,0.24166531724,0.486548174318,-0.629218722629,9.566745944258,23.964055059535,36.385051251035,30.222840780023,41.608789098345,0.25,0.29,0.3168,13845,95,0.6909090909090909,83.03941056,77,0.0106389,0.026034711151,삼성운용,코스피200 동일가중 지수,패시브,비과세,20160920,,,,,,,,,,효성중공업,0.8791016540908412,에이피알,0.7749401057463309,한국카본,0.7257714921403567,현대글로비스,0.7224775876796193,삼양식품,0.681031107710076,2026-05-07 11:19:49,9월 6일 국내 ETF 1020개 데이터.xlsx / 국내 월배당 ETF 총정리.xlsx / 9월 1주 국내 월배당 ETF 분배금 지급현황.xlsx
453660,453660.KS,KODEX 미국S&P500경기소비재,K55105DZ6528,해외주식,업종섹터,,,미국/테크,,,,Y,Y,2,1.689499014165,0.484832083026,7.67629437367,12.172640406655,8.246548464244,-0.368538605254,32.730618247731,,0.25,0.35,0.3894,17665,375,2.1688837478311163,123.73419095,1360,0.239316,-0.344046369985,삼성운용,S&P Consumer Discretionary Select Sector Index,패시브,배당소득세(보유기간과세),20230321,,,,,,,,,,Amazon.com Inc,21.43780511028181,TESLA MOTORS,15.348910642383382,HOME DEPOT INC,6.643482179940715,Consumer Discretionary Select,5.311666437301576,MCDONALD'S CORP,4.147898926764343,2026-05-07 11:19:49,9월 6일 국내 ETF 1020개 데이터.xlsx / 국내 월배당 ETF 총정리.xlsx / 9월 1주 국내 월배당 ETF 분배금 지급현황.xlsx
458260,458260.KS,TIGER 미국투자등급회사채액티브(H),K55301E15696,채권,해외채권,,,"월배당, 채권",Y,Y,Y,Y,Y,4,0.64789695988,0.482894360413,0.714337879396,2.896569208682,2.249596142036,4.665984592762,0.977851102373,,0.14,0.21,0.2696,49165,330,0.6757448551243985,2380.22295791,45685,22.45069369,0.083007587786,미래에셋운용,iBoxx USD Liquid Investment Grade Index(Price Return),액티브,배당소득세(보유기간과세),20230531,채권,0.4104,20250827,20250829,200,4.5959,2241,12,Y,ISHARES IBOXX INVESTMENT GRA,26.89599844229662,ABIBB 3 1/2 06/01/30,0.575785790928035,WFC 3.35 03/02/33,0.5355496082955991,IBM 3 1/2 05/15/29,0.5216317771489886,ENBCN 6.2 11/15/30,0.5159333170382093,2026-05-07 11:19:49,9월 6일 국내 ETF 1020개 데이터.xlsx / 국내 월배당 ETF 총정리.xlsx / 9월 1주 국내 월배당 ETF 분배금 지급현황.xlsx
140580,140580.KS,RISE 우량업종대표주,KR5223A20027,국내주식,업종섹터,,,,,,,Y,Y,2,-0.16031695139,0.482642321245,0.338443161282,11.803152181396,30.676570294967,39.278125667644,38.165064483061,59.725218519578,0.4,0.53,0.6308,15735,50,0.318775900541919,94.34882936,1385,0.21737515,-0.136826157677,KB운용,MKF 우량업종대표주 지수,패시브,비과세,20110415,,,,,,,,,,현대글로비스,3.104734835874299,한화오션,2.892051585283911,LG화학,2.7083017126554028,한국전력,2.6934020417859488,삼양식품,2.6836599492943827,2026-05-07 11:19:49,9월 6일 국내 ETF 1020개 데이터.xlsx / 국내 월배당 ETF 총정리.xlsx / 9월 1주 국내 월배당 ETF 분배금 지급현황.xlsx
192720,192720.KS,파워 고배당저변동성,KR5207AN0410,국내주식,전략,배당,국내,배당,,,,Y,Y,2,0.127191614787,0.482250467194,0.241008897238,8.423205546026,26.71368359113,36.310145908305,36.618573393677,71.414273737237,0.23,0.25,0.3238,42290,235,0.5587920580192605,114.09585097,207,0.08736952,-0.084192600099,교보악사운용,코스피 200 고배당지수,패시브,비과세,20140220,,,,,,,,,,현대차,3.146152326763284,기아,3.1075480136878753,한전KPS,2.931674222320279,강원랜드,2.9216244047437105,SK텔레콤,2.8907766622810898,2026-05-07 11:19:49,9월 6일 국내 ETF 1020개 데이터.xlsx / 국내 월배당 ETF 총정리.xlsx / 9월 1주 국내 월배당 ETF 분배금 지급현황.xlsx
476760,476760.KS,ACE 미국30년국채액티브,K55101E91865,채권,해외채권,,,"월배당, 채권",Y,Y,Y,Y,Y,5,0.617957298412,0.475041599085,-0.595979482772,3.998123084293,-7.577912819994,-3.71297520584,-6.1878733394,,0.05,0.11,0.1243,9540,85,0.8989952406134321,2982.39804257,204338,19.48514536,-0.030372998575,한국투자신탁운용,Bloomberg U.S. Treasury 20+ Year Total Return Index,액티브,배당소득세(보유기간과세),20240312,채권,0.3173,20250827,20250829,30,3.6537,346,12,Y,ISHARES 20+ YEAR TREASURY BD,32.397585073566724,DRX DLY 20+ YR TREAS BULL 3X,18.1989659392004,T 4 5/8 02/15/55,14.955333677059356,T 4 1/2 11/15/54,7.0182966339067425,T 4 1/4 08/15/54,6.278721092201135,2026-05-07 11:19:49,9월 6일 국내 ETF 1020개 데이터.xlsx / 국내 월배당 ETF 총정리.xlsx / 9월 1주 국내 월배당 ETF 분배금 지급현황.xlsx
491090,491090.KS,KODEX 미국테크TOP3플러스,K55105EE0194,해외주식,업종섹터,,,미국/테크,,,,Y,Y,2,0.544688727396,0.474039264407,3.588273009441,21.161764397136,22.860364196227,11.573960580032,,,0.3,0.37,0.5486,14445,145,1.013986013986014,280.28318356,16716,2.40861062,-0.137155240285,삼성운용,KEDI 미국테크Top3플러스,패시브,배당소득세(보유기간과세),20240910,,,,,,,,,,NVIDIA Corp,24.53083466659827,APPLE Inc,24.504904425491425,MICROSOFT,23.077549950746732,ALPHABET INC-CL A,13.291784695474625,Meta Platforms Inc-CL A,4.758457004294162,2026-05-07 11:19:49,9월 6일 국내 ETF 1020개 데이터.xlsx / 국내 월배당 ETF 총정리.xlsx / 9월 1주 국내 월배당 ETF 분배금 지급현황.xlsx
200250,200250.KS,KIWOOM 인도Nifty50(합성),KR5206AS8419,해외주식,시장대표,해외시장지수(환노출),인도 Nifty50,,,,,Y,Y,3,-0.24199254551,0.472937769636,-0.400384159999,-0.204751392027,5.050757809681,-4.82793381875,-4.465409148544,23.711504110204,0.29,0.37,0.3744,24345,-230,-0.9359104781281791,2198.98975756,37342,9.13646351,-0.334565514073,키움투자운용,Nifty 50 Index,패시브,배당소득세(보유기간과세),20140626,,,,,,,,,,스왑(하나증권)_250624_3165_4,100,설정현금액,0,원화현금,0,,,,,2026-05-07 11:19:49,9월 6일 국내 ETF 1020개 데이터.xlsx / 국내 월배당 ETF 총정리.xlsx / 9월 1주 국내 월배당 ETF 분배금 지급현황.xlsx
145850,145850.KS,TREX 펀더멘탈 200,KR5307A60883,국내주식,전략,,,,,,,Y,Y,2,-0.005723628392,0.472143059374,0.443260694031,14.225435900765,31.224600505733,38.489163539753,26.418988590288,57.706120143075,0.34,0.44,0.4631,48270,-5,-0.010357327809425169,120.54599858,2,0.00096575,0.118590862848,유리운용,FnGuide-RAFI 코리아200 지수,패시브,비과세,20110923,,,,,,,,,,삼성전자,25.684319431006802,현대차,5.012273834977312,SK하이닉스,4.546238099328491,기아,3.223733545558304,POSCO홀딩스,3.164040395659376,2026-05-07 11:19:49,9월 6일 국내 ETF 1020개 데이터.xlsx / 국내 월배당 ETF 총정리.xlsx / 9월 1주 국내 월배당 ETF 분배금 지급현황.xlsx
471780,471780.KS,TIGER 코리아테크액티브,K55301E68232,국내주식,업종섹터,,,미국/테크,,,,Y,Y,2,1.111287079776,0.454606468568,4.1242698913,25.774429361626,33.654322880947,41.077895497055,23.067451551392,,0.77,0.79,0.9588,11320,155,1.3882669055082848,113.00432798,249,0.0281617,-0.113032660427,미래에셋운용,KRX 정보기술 지수,액티브,배당소득세(보유기간과세),20231128,,,,,,,,,,삼성전자,12.948014314941876,이수페타시스,9.891506262989799,티에프이,8.684869001198619,SK하이닉스,8.61188690875157,에스앤에스텍,7.750518015179014,2026-05-07 11:19:49,9월 6일 국내 ETF 1020개 데이터.xlsx / 국내 월배당 ETF 총정리.xlsx / 9월 1주 국내 월배당 ETF 분배금 지급현황.xlsx
484790,484790.KS,KODEX 미국30년국채액티브(H),K55105EB5592,채권,해외채권,,,"월배당, 채권",Y,Y,Y,Y,Y,5,0.758985360902,0.45296633953,-0.696214902887,1.623701001558,-3.490956257085,1.172161485908,-9.820461457857,,0.015,0.06,0.1417,8935,85,0.96045197740113,7286.28990689,1163375,103.88003617,0.023626051859,삼성운용,KEDI-KAP 미국 국채 20년+ 지수(TR),액티브,배당소득세(보유기간과세),20240618,채권,0.4197,20250827,20250829,37,5.0508,447,12,Y,SPDR Portfolio Long Term Treasury ETF,27.413977858170586,Vanguard Long-Term Treasury ETF,27.355517198797724,ISHARES 20+ YEAR TREASURY BOND ETF,13.381598198394984,Vanguard Extended Duration Treasury ETF,13.305440908150155,T 4 3/4 05/15/55,7.499996523591127,2026-05-07 11:19:49,9월 6일 국내 ETF 1020개 데이터.xlsx / 국내 월배당 ETF 총정리.xlsx / 9월 1주 국내 월배당 ETF 분배금 지급현황.xlsx
434730,434730.KS,HANARO 원자력iSelect,K55232DU8475,국내주식,업종섹터,,,,,,,Y,Y,2,0.251743583989,0.44688976453,-4.294204746238,27.981349482347,73.025311318997,106.986044207762,132.677043350884,238.736111079184,0.45,0.52,0.5462,36280,155,0.4290657439446367,3828.24466633,266298,96.22906783,0.003738748118,NH-Amundi운용,iSelect 원자력지수 (시장가격),패시브,비과세,20220628,,,,,,,,,,한국전력,18.58928775709882,HD현대일렉트릭,14.743500351379282,두산에너빌리티,14.388154413228166,효성중공업,12.855455073116106,LS ELECTRIC,9.750082466990007,2026-05-07 11:19:49,9월 6일 국내 ETF 1020개 데이터.xlsx / 국내 월배당 ETF 총정리.xlsx / 9월 1주 국내 월배당 ETF 분배금 지급현황.xlsx
183710,183710.KS,RISE 주식혼합,KR5223AL4158,자산배분,주식+채권,,,채권,,,,Y,Y,3,0.151452331577,0.441626562415,0.38056115439,10.573903941027,20.023497045662,25.301173530942,19.520530606138,35.371666918397,0.25,0.41,0.4222,46760,360,0.7758620689655172,93.38508806,15,0.00698755,-0.101218234697,KB운용,KRX 주식국채혼합(주식형)지수,패시브,배당소득세(보유기간과세),20131017,,,,,,,,,,삼성전자,15.719660245515627,국고채권03250-2706(24-4),9.702494187636631,RISE 200,9.479711925820489,SK하이닉스,7.133393881712377,국고채권02625-3003(25-3),6.0056653691146,2026-05-07 11:19:49,9월 6일 국내 ETF 1020개 데이터.xlsx / 국내 월배당 ETF 총정리.xlsx / 9월 1주 국내 월배당 ETF 분배금 지급현황.xlsx
445910,445910.KS,TIGER MKF배당귀족,K55301DX5334,국내주식,전략,배당,국내,배당,,,,Y,Y,2,0.449903721188,0.437382371191,-0.222835756654,6.358591959287,21.113733360207,31.218047979059,25.442280627038,,0.2,0.26,0.3409,15540,25,0.16113438607798905,108.85518368,5432,0.84246625,-0.086562291811,미래에셋운용,MKF 배당귀족 지수(시장가격지수),패시브,비과세,20221018,,,,,,,,,,현대글로비스,4.920379270062047,한국앤컴퍼니,4.063447397583572,삼성전자,3.8037138374710873,현대모비스,3.6612066518792203,KT&G,3.606789624916103,2026-05-07 11:19:49,9월 6일 국내 ETF 1020개 데이터.xlsx / 국내 월배당 ETF 총정리.xlsx / 9월 1주 국내 월배당 ETF 분배금 지급현황.xlsx
403790,403790.KS,마이다스 코스피액티브,K55303DM7976,국내주식,시장대표,,,,,,,Y,Y,2,0.097897679321,0.43255174256,-0.288368524593,16.034513767634,30.734942443388,39.000660946985,31.756792505587,52.454572346997,0.29,0.31,0.3708,26670,100,0.3763643206624012,559.55955054,297,0.0791188,-0.265428287217,마이다스운용,코스피,액티브,배당소득세(보유기간과세),20211013,,,,,,,,,,삼성전자,14.800941740218429,SK하이닉스,6.955412479132769,대한조선,4.208367628626001,코스피200 F 202509,4.101541223465287,현대차,2.8959602982761834,2026-05-07 11:19:49,9월 6일 국내 ETF 1020개 데이터.xlsx / 국내 월배당 ETF 총정리.xlsx / 9월 1주 국내 월배당 ETF 분배금 지급현황.xlsx
305080,305080.KS,TIGER 미국채10년선물,K55301CD2872,채권,해외채권,,,채권,,,,Y,,3,0.130031106412,0.431495274942,0.770477605632,4.500398797337,-2.134983621905,-0.391360691231,4.573811258935,1.577808799308,0.29,0.36,0.3932,12690,25,0.1973943939992104,1927.76601194,93805,11.91273191,-0.012879777583,미래에셋운용,S&P 10-Year U.S. Treasury Note Futures 지수(ER),패시브,배당소득세(보유기간과세),20180830,,,,,,,,,,US 10YR NOTE FUT (CBOT) DEC 2025,100,설정현금액,0,원화현금,0,[USD] 예금,0,,,2026-05-07 11:19:49,9월 6일 국내 ETF 1020개 데이터.xlsx / 국내 월배당 ETF 총정리.xlsx / 9월 1주 국내 월배당 ETF 분배금 지급현황.xlsx
367770,367770.KS,RISE 수소경제테마,K55223DB4890,국내주식,업종섹터,,,,,,,Y,Y,2,-0.382465529122,0.425293073645,-0.856387101572,17.079866275504,41.699992900955,78.07835349918,73.292519782663,47.765018851956,0.45,0.51,0.5327,14940,-25,-0.1670564650851988,1180.26565164,33504,4.99980812,-0.159228784434,KB운용,FnGuide 수소 경제 테마 지수,패시브,비과세,20201029,,,,,,,,,,두산에너빌리티,16.232866152716806,현대모비스,15.015291514492404,한화에어로스페이스,14.875148974228368,현대차,14.246132384086751,POSCO홀딩스,13.536009145038701,2026-05-07 11:19:49,9월 6일 국내 ETF 1020개 데이터.xlsx / 국내 월배당 ETF 총정리.xlsx / 9월 1주 국내 월배당 ETF 분배금 지급현황.xlsx
174350,174350.KS,TIGER 로우볼,KR5301AH8119,국내주식,전략,,,,,,,Y,Y,2,0.117603157894,0.423939150094,-0.258697667982,8.128074795175,30.04004198618,35.294573567709,29.664886382055,67.857631361876,0.4,0.46,0.5599,16290,90,0.5555555555555556,61.88565327,201,0.0326603,-0.117228825908,미래에셋운용,FnGuide 로우볼 지수,패시브,비과세,20130620,,,,,,,,,,KT&G,3.48962110449351,에스원,3.4197644748076406,오뚜기,3.4054721108904693,기업은행,3.256115364504207,SK텔레콤,3.0900214265069517,2026-05-07 11:19:49,9월 6일 국내 ETF 1020개 데이터.xlsx / 국내 월배당 ETF 총정리.xlsx / 9월 1주 국내 월배당 ETF 분배금 지급현황.xlsx
0085P0,0085P0.KS,ACE 미국10년국채액티브,K55101EL9166,채권,해외채권,,,"월배당, 채권",Y,Y,,Y,Y,5,0.288821999174,0.421608881473,0.56802961028,,,,,,0.15,0.16,0.1758,10220,40,0.3929273084479371,234.79959672,33513,3.4260789,0.036160062942,한국투자신탁운용,ICE U.S. Treasury 7-10 Year Bond Index (Total Return),액티브,배당소득세(보유기간과세),20250722,,,,,,,,,,iShares 10-20 Year Treasury Bond ETF,30.734917039276414,iShares 7-10 Year Treasury Bond ETF,18.610437195674624,iShares iBonds Dec 2035 Term Treasury ET,12.612991845850148,T 4 1/4 08/15/35,10.944833851784544,T 4 1/4 05/15/35,10.176546756553302,2026-05-07 11:19:49,9월 6일 국내 ETF 1020개 데이터.xlsx / 국내 월배당 ETF 총정리.xlsx / 9월 1주 국내 월배당 ETF 분배금 지급현황.xlsx
204450,204450.KS,KODEX 차이나H레버리지(H),KR5105AV0181,레버리지/인버스,2X 레버리지,,,레버리지,,,,,,1,-2.579591724725,0.421488859894,0.613246985135,7.858097741049,7.26658105454,37.419979193381,83.075157773953,18.716271292716,0.64,0.76,1.1445,2900,50,1.7543859649122806,508.35772163,156688,4.4995997,0.017129052888,삼성운용,Hang Seng China Enterprises Index,패시브,배당소득세(보유기간과세),20140912,,,,,,,,,,HSCEI Index Futures 2025 09,24.9104842090627,하나증권(ELS)16938,18.691039149115117,TENCENT HOLD,4.861999735757288,Alibaba group holding ltd,4.837091109965228,XIAOMI CORP-CLASS B,4.225155951766292,2026-05-07 11:19:49,9월 6일 국내 ETF 1020개 데이터.xlsx / 국내 월배당 ETF 총정리.xlsx / 9월 1주 국내 월배당 ETF 분배금 지급현황.xlsx
0021E0,0021E0.KS,ACE TDF2050액티브,K55101EI1630,자산배분,주식+채권,,,채권,,,,Y,Y,3,0.463596284208,0.419537290253,2.435142298161,8.807723089636,,,,,0.35,0.39,0.4663,10910,65,0.5993545412632549,152.26981008,14485,1.57979485,0.141074405384,한국투자신탁운용,Bloomberg Multi Asset Target-date 2050 KRW Index,액티브,배당소득세(보유기간과세),20250311,,,,,,,,,,SPDR Portfolio S&P 500 Growth ETF,23.071732178978266,ACE 미국S&P500,15.843174385215681,iShares Gold Trust Micro,11.312982299960249,Vanguard Value ETF,10.879338714613365,ACE 종합채권(AA-이상)KIS액티브,9.29733481596246,2026-05-07 11:19:49,9월 6일 국내 ETF 1020개 데이터.xlsx / 국내 월배당 ETF 총정리.xlsx / 9월 1주 국내 월배당 ETF 분배금 지급현황.xlsx
458250,458250.KS,TIGER 미국30년국채스트립액티브(합성 H),K55301E15670,채권,해외채권,장기채권,미국,채권,,,,Y,Y,2,1.06560734609,0.419006681854,-2.382928204487,0.055352275994,-10.337316220379,-5.241493988554,-21.689533356776,,0.15,0.21,0.2296,37875,495,1.3242375601926164,8900.04206932,205260,77.64341946,8.0695509e-05,미래에셋운용,ICE BofA Long US Treasury Principal STRIPS Index,액티브,배당소득세(보유기간과세),20230531,,,,,,,,,,STPL Index TRS 230622-03,36.14513110167916,SP 0 11/15/53,33.403052203504146,PIMCO 25+ YR ZERO CPN US TIF,17.986452790171107,ISHARES 25+ YR TREAS STRIPS,10.707054200069155,STPL Index TRS 230530-03,1.0291176345867008,2026-05-07 11:19:49,9월 6일 국내 ETF 1020개 데이터.xlsx / 국내 월배당 ETF 총정리.xlsx / 9월 1주 국내 월배당 ETF 분배금 지급현황.xlsx
453650,453650.KS,KODEX 미국S&P500금융,K55105DZ6536,해외주식,업종섹터,,,미국/테크,,,,Y,Y,2,0.889788693745,0.412867229119,4.283662022936,9.064660195622,4.053650533224,6.427891787757,24.324167146398,,0.25,0.4,0.6267,18545,195,1.0626702997275204,397.96923136,26407,4.89684759,-0.253388533659,삼성운용,S&P Financial Select Sector Index,패시브,배당소득세(보유기간과세),20230321,,,,,,,,,,BERKSHIRE HATHAWAY CL B ORD.,11.410139699016414,JPMORGAN CHASE & CO,10.327856193768087,VISA INC-CLASS A SHARES,7.448681978881477,MASTERCARD INC-CLASS A,5.971491412267519,FINANCIAL SELECT SECTOR SPDR,5.935034182088954,2026-05-07 11:19:49,9월 6일 국내 ETF 1020개 데이터.xlsx / 국내 월배당 ETF 총정리.xlsx / 9월 1주 국내 월배당 ETF 분배금 지급현황.xlsx
0013P0,0013P0.KS,RISE 미국은행TOP10,K55223EH4240,해외주식,업종섹터,,,월배당,Y,Y,Y,Y,Y,2,1.470281292486,0.412519500337,5.44974033107,18.958031216602,16.701497853326,,,,0.2,0.29,0.4281,10570,155,1.4882381180988957,89.67082061,7599,0.80400877,-0.116044615524,KB운용,KEDI 미국 은행 TOP10 지수,패시브,배당소득세(보유기간과세),20250218,해외주식,0.1713,20250827,20250829,18,0.8849,92,5,Y,JPMORGAN CHASE & CO,19.65481126134178,BANK OF AMERICA CORP,16.291406858767914,WELLS FARGO & CO,11.688010013234786,MORGAN STANLEY,10.82117814675996,GOLDMAN SACHS GROUP INC,10.566742297280179,2026-05-07 11:19:49,9월 6일 국내 ETF 1020개 데이터.xlsx / 국내 월배당 ETF 총정리.xlsx / 9월 1주 국내 월배당 ETF 분배금 지급현황.xlsx
476550,476550.KS,TIGER 미국30년국채커버드콜액티브(H),K55301E88107,채권,해외채권,,,"월배당, 커버드콜, 채권",Y,Y,Y,Y,Y,4,0.676410518327,0.402399374697,-0.385743134798,1.960715622514,-2.808686329002,1.346194004816,-9.104153331399,,0.39,0.47,0.8191,7900,65,0.8296107211231653,13656.32003027,1662425,131.26757011,0.025377774481,미래에셋운용,KEDI 미국채30년 위클리 커버드콜30 지수(Total Return),액티브,배당소득세(보유기간과세),20240227,채권,1.0115,20250827,20250829,79,13.1478,1030,12,Y,ISHARES 20+ YEAR TREASURY BD,27.947766716973735,SPDR PORT LNG TRM TRSRY,22.291758677638825,VANGUARD LONG-TERM TREASURY,16.721484688790465,PIMCO 25+ YR ZERO CPN US TIF,16.368372142378906,VANGUARD EXTENDED DUR TREAS,11.15294633961964,2026-05-07 11:19:49,9월 6일 국내 ETF 1020개 데이터.xlsx / 국내 월배당 ETF 총정리.xlsx / 9월 1주 국내 월배당 ETF 분배금 지급현황.xlsx
279530,279530.KS,KODEX 고배당주,K55105BW6366,국내주식,전략,배당,국내,"월배당, 배당",Y,Y,Y,Y,Y,3,0.047373889353,0.401522634684,1.032200568068,9.912231239398,29.10862643693,33.217793766198,32.47429923292,57.757584449999,0.3,0.36,0.5765,12995,50,0.3862495171881035,2767.7153431,543661,70.51613054,0.009914779634,삼성운용,FnGuide 고배당 Plus 지수,패시브,비과세,20171017,국내주식,0.442,20250827,20250829,57,4.3964,571,12,Y,DB손해보험,8.982459085612401,기아,8.546768540177114,현대엘리베이터,7.640016964494136,SK텔레콤,6.596273585651529,제일기획,6.409116338037949,2026-05-07 11:19:49,9월 6일 국내 ETF 1020개 데이터.xlsx / 국내 월배당 ETF 총정리.xlsx / 9월 1주 국내 월배당 ETF 분배금 지급현황.xlsx
441640,441640.KS,KODEX 미국배당커버드콜액티브,K55105DW2744,해외주식,시장대표,배당,미국,"월배당, 커버드콜, 배당",Y,Y,Y,Y,Y,2,0.536897900888,0.390688555939,2.529259111097,9.563231056916,5.5036917623,5.982992980894,20.42659075977,,0.19,0.26,0.4356,11960,75,0.6310475389145982,5872.82629796,770489,92.12891204,0.083427516948,삼성운용,S&P 500 Index PR,액티브,배당소득세(보유기간과세),20220927,해외주식,0.7863,20250812,20250814,92,9.289,1104,12,Y,VANGUARD S&P 500 ETF,24.091551576732538,AMPLIFY CWP ENHANCED DIVIDEND,17.00425217231628,GOLDMAN SACHS GP Equity,3.652879730817643,MICROSOFT,3.6486808576140386,JPMORGAN CHASE & CO,3.4724001815883634,2026-05-07 11:19:49,9월 6일 국내 ETF 1020개 데이터.xlsx / 국내 월배당 ETF 총정리.xlsx / 9월 1주 국내 월배당 ETF 분배금 지급현황.xlsx
409810,409810.KS,KODEX 미국나스닥100선물인버스(H),K55105DO3262,레버리지/인버스,1X 인버스,,,"미국/테크, 인버스",,,,,,1,-0.918011151032,0.385762865295,-1.689329642361,-7.099073004331,-15.153185860844,-11.991778459304,-19.681529039321,-46.272436590137,0.3,0.4,0.5024,6755,-90,-1.3148283418553688,247.71486963,133840,9.05361319,0.006878282156,삼성운용,NASDAQ100,패시브,배당소득세(보유기간과세),20211209,,,,,,,,,,ProShares UltraShort QQQ,7.240328176136456,설정현금액,0,2025-09 달러선물,0,원화현금,0,Nasdaq100 Emini 2025 09,92.75967182386354,2026-05-07 11:19:49,9월 6일 국내 ETF 1020개 데이터.xlsx / 국내 월배당 ETF 총정리.xlsx / 9월 1주 국내 월배당 ETF 분배금 지급현황.xlsx
453850,453850.KS,ACE 미국30년국채액티브(H),K55101E03860,채권,해외채권,장기채권,미국,"월배당, 채권",Y,Y,Y,Y,Y,5,0.726715787447,0.376599600864,-0.891911971987,1.252052653635,-3.891215608698,0.854820761736,-10.881961838314,,0.05,0.12,0.132,7695,65,0.8519003931847968,23620.64161831,2470472,189.98152291,-0.018384626535,한국투자신탁운용,Bloomberg U.S Treasury 20+ Year Total Return Index,액티브,배당소득세(보유기간과세),20230314,채권,0.3287,20250827,20250829,25,4.0125,306,12,Y,ISHARES 20+ YEAR TREASURY BD,17.25767716065202,DRX DLY 20+ YR TREAS BULL 3X,8.616722527321773,T 4 5/8 02/15/55,7.398954680083809,T 4 1/4 02/15/54,2.721640317967305,T 3 5/8 05/15/53,2.374300843055091,2026-05-07 11:19:49,9월 6일 국내 ETF 1020개 데이터.xlsx / 국내 월배당 ETF 총정리.xlsx / 9월 1주 국내 월배당 ETF 분배금 지급현황.xlsx
494180,494180.KS,TIMEFOLIO 글로벌소비트렌드액티브,K553J1EF1685,해외주식,업종섹터,,,,,,,Y,Y,2,-0.020508085815,0.374722651947,6.811899903317,17.202780457342,13.261182104728,9.626127759165,,,0.8,0.96,1.3808,12490,145,1.174564601053058,161.61045083,2056,0.25602272,-0.321631208974,타임폴리오자산운용,Solactive 뉴에이지컨수머지수,액티브,배당소득세(보유기간과세),20241029,,,,,,,,,,POP MART INTERNATIONAL GROUP,9.834369946514427,ALPHABET INC-CL A,7.3635777466567,에이피알,6.410990240537275,ALIBABA GROUP HOLDING-SP ADR,6.222889494316352,TENCENT HOLDINGS LTD,5.248867828948794,2026-05-07 11:19:49,9월 6일 국내 ETF 1020개 데이터.xlsx / 국내 월배당 ETF 총정리.xlsx / 9월 1주 국내 월배당 ETF 분배금 지급현황.xlsx
437080,437080.KS,KODEX 미국종합채권ESG액티브(H),K55105DR4788,채권,해외채권,,,"월배당, 채권",Y,Y,Y,Y,Y,4,0.401816753761,0.374517292339,0.515930408681,2.108164760518,1.965357473721,3.971711020846,1.223867095542,7.506628742078,0.18,0.23,0.2301,101960,405,0.3987986805179459,3355.56998613,60039,61.23637725,0.066084320278,삼성운용,Bloomberg Barclays MSCI US Aggregate 2BN ex Securitized SRI Capped Index(Total Return),액티브,배당소득세(보유기간과세),20220809,채권,0.3713,20250827,20250829,376,2.6987,2739,7,Y,T 4 3/4 02/15/45,2.2853361987784804,PEG 5.4 03/15/35,1.2896770967283882,JPM 4.915 01/24/29,1.284275144322941,WFC 4.9 01/24/28,1.2735130148758889,T 3 3/4 04/30/27,1.15801408036649,2026-05-07 11:19:49,9월 6일 국내 ETF 1020개 데이터.xlsx / 국내 월배당 ETF 총정리.xlsx / 9월 1주 국내 월배당 ETF 분배금 지급현황.xlsx
0052D0,0052D0.KS,TIGER 코리아배당다우존스,K55301EK1139,국내주식,전략,,,"월배당, 배당",Y,Y,,Y,Y,2,0.066531750498,0.37393552162,2.498933688302,14.211656926096,,,,,0.25,0.26,0.2872,12230,40,0.3281378178835111,5441.96946752,1306965,159.69333226,0.001472661635,미래에셋운용,Dow Jones Korea Dividend 30 지수 (Price Return),패시브,비과세,20250520,,,,,,,,,,현대글로비스,5.470136311229717,삼성생명,4.940731396493229,DB손해보험,4.645858902793042,BNK금융지주,4.485047872105051,우리금융지주,4.279767481963847,2026-05-07 11:19:49,9월 6일 국내 ETF 1020개 데이터.xlsx / 국내 월배당 ETF 총정리.xlsx / 9월 1주 국내 월배당 ETF 분배금 지급현황.xlsx
223190,223190.KS,KODEX 200가치저변동,K55105B39242,국내주식,전략,,,,,,,Y,Y,2,-0.241879615086,0.371789521606,0.312944056581,14.200645923166,30.854390432953,35.635189172562,26.854128618946,70.537930477147,0.3,0.35,0.4143,14040,-55,-0.3902092940759134,140.30990017,535,0.0750877,-0.020089988038,삼성운용,KOSPI 200 가치저변동성,패시브,비과세,20150626,,,,,,,,,,삼성전자,25.435039904092545,현대차,5.722620282879552,신한지주,3.796468478993335,기아,3.6402084085860564,KB금융,3.4904606572141983,2026-05-07 11:19:49,9월 6일 국내 ETF 1020개 데이터.xlsx / 국내 월배당 ETF 총정리.xlsx / 9월 1주 국내 월배당 ETF 분배금 지급현황.xlsx
472350,472350.KS,1Q 차이나H(H),K55102E78092,해외주식,시장대표,,,,,,,Y,Y,2,-1.25237398902,0.370229433762,0.771094572796,5.469005684464,7.171197465646,23.063509552373,46.414555898219,,0.11,0.4,0.5752,16340,120,0.7398273736128237,130.19441173,66,0.0107484,-0.070355025108,하나운용,Hang Seng China Enterprise Index,패시브,배당소득세(보유기간과세),20231208,,,,,,,,,,TENCENT HOLDINGS LTD,4.336048563111862,Alibaba Group Holding Ltd,4.309386062120775,HSCEI Futures Sep25,3.892426454534589,Xiaomi,3.7589058115235847,CHINA CONSTRUCTION BANK-H,3.6450826147597337,2026-05-07 11:19:49,9월 6일 국내 ETF 1020개 데이터.xlsx / 국내 월배당 ETF 총정리.xlsx / 9월 1주 국내 월배당 ETF 분배금 지급현황.xlsx
476850,476850.KS,KoAct 배당성장액티브,K553N9E80501,국내주식,시장대표,,,배당,,,,Y,Y,2,0.339830159245,0.365027114766,-0.403463788264,6.63330501513,23.907687287116,30.326735551329,21.821547025583,,0.5,0.52,1.0061,11125,50,0.45146726862302483,334.63873317,32453,3.61364798,-0.020405066389,삼성액티브자산운용,코스피,액티브,배당소득세(보유기간과세),20240227,,,,,,,,,,현대차,7.071857649150818,DB손해보험,5.932131935060813,한국금융지주,4.761966612066449,KB금융,4.487574762074003,삼성전자우,3.745849655470067,2026-05-07 11:19:49,9월 6일 국내 ETF 1020개 데이터.xlsx / 국내 월배당 ETF 총정리.xlsx / 9월 1주 국내 월배당 ETF 분배금 지급현황.xlsx
213630,213630.KS,PLUS 미국다우존스고배당주(합성 H),KR5213AY7810,해외주식,전략,배당,미국,배당,,,,Y,Y,2,0.662262123911,0.364061841068,4.477533413896,8.815438035545,6.082125903973,7.499218541003,6.64916102285,16.413575997858,0.4,0.5,0.5,18390,55,0.29997272975184075,188.3706336,6128,1.12834527,-0.470517159525,한화운용,Dow Jones U.S. Select Dividend,패시브,배당소득세(보유기간과세),20150126,,,,,,,,,,스왑(미래에셋증권)_20250325,100,설정현금액,0,원화현금,0,,,,,2026-05-07 11:19:49,9월 6일 국내 ETF 1020개 데이터.xlsx / 국내 월배당 ETF 총정리.xlsx / 9월 1주 국내 월배당 ETF 분배금 지급현황.xlsx
099140,099140.KS,KODEX 차이나H,KR5105745933,해외주식,시장대표,해외시장지수(환노출),홍콩 HSCEI,,,,,Y,Y,1,-1.353910124656,0.353483343187,1.477285326772,8.349143147806,3.244188934172,18.108137364318,54.858924649078,48.692229550595,0.12,0.26,0.4537,23160,130,0.5644811115935736,470.14344636,7518,1.73314347,0.083782753532,삼성운용,"Hang Seng China Enterprise Index(KRW, 환헤지안함)",패시브,배당소득세(해외주식투자전용ETF),20071010,,,,,,,,,,TENCENT HOLD,8.3077668554413,Alibaba group holding ltd,8.25069592762528,XIAOMI CORP-CLASS B,7.202986809625279,CCB(CHINA CONSTRUCTION BANK),6.984452223714973,HSCEI Index Futures 2025 09,6.607786030154321,2026-05-07 11:19:49,9월 6일 국내 ETF 1020개 데이터.xlsx / 국내 월배당 ETF 총정리.xlsx / 9월 1주 국내 월배당 ETF 분배금 지급현황.xlsx
429010,429010.KS,TIGER 미국나스닥넥스트100,K55301DT2428,해외주식,시장대표,,,미국/테크,,,,Y,Y,2,0.730169375187,0.353442887293,3.542257261493,14.145523659382,10.707270357412,6.915027836687,27.116080601134,43.317657167363,0.49,0.74,0.8554,15385,225,1.4841688654353562,76.90272929,111,0.01702627,-0.215924080192,미래에셋운용,Nasdaq Next Generation 100 지수 (Price Return),패시브,배당소득세(보유기간과세),20220517,,,,,,,,,,ALNYLAM PHARMACEUTICALS INC,3.2643557680244895,EBAY INC,2.3246957666671832,MONOLITHIC POWER SYSTEMS INC,2.2225709854920064,SEAGATE TECHNOLOGY HOLDINGS,2.0914463241361227,UNITED AIRLINES HOLDINGS INC,1.9388468249986666,2026-05-07 11:19:49,9월 6일 국내 ETF 1020개 데이터.xlsx / 국내 월배당 ETF 총정리.xlsx / 9월 1주 국내 월배당 ETF 분배금 지급현황.xlsx
472830,472830.KS,RISE 미국30년국채커버드콜(합성),K55223E76066,채권,해외채권,,,"월배당, 커버드콜, 채권",Y,Y,Y,Y,Y,3,0.410759001269,0.352979098178,1.226911257894,5.979338105632,-3.322290365486,0.101321272144,1.463822900118,,0.25,0.44,0.4792,8860,45,0.5104934770277936,503.98364114,61430,5.44877197,0.069444222646,KB운용,Bloomberg U.S. Treasury 20+ Year (TLT) 2% OTM Covered Call Index(TR),패시브,배당소득세(보유기간과세),20231214,채권,1.1023,20250827,20250829,97,13.1052,1154,12,Y,스왑(미래에셋증권)_44F8_250807,52.20420041156261,스왑(메리츠증권)_44F8_250807,41.80039507655712,스왑(키움증권)_44F8_250512,5.995404511880264,설정현금액,0,원화현금,0,2026-05-07 11:19:49,9월 6일 국내 ETF 1020개 데이터.xlsx / 국내 월배당 ETF 총정리.xlsx / 9월 1주 국내 월배당 ETF 분배금 지급현황.xlsx
245360,245360.KS,TIGER 차이나HSCEI,K55301BD8870,해외주식,시장대표,해외시장지수(환노출),홍콩 HSCEI,,,,,Y,Y,1,-1.352571436677,0.351071086868,1.447130165269,8.28186391388,3.163375471088,17.921398734182,53.682279399573,48.605741668602,0.35,0.62,0.717,13360,195,1.4812001519179643,513.47044719,10728,1.42193017,0.01656911305,미래에셋운용,HSCEI(Hang Seng China Enterprises Index),패시브,배당소득세(해외주식투자전용ETF),20160616,,,,,,,,,,TENCENT HOLDINGS LTD,8.929911005569101,ALIBABA GROUP HOLDING LTD,8.871095499404433,XIAOMI CORP-CLASS B,7.747580213407578,CHINA CONSTRUCTION BANK-H,7.512842428500086,MEITUAN-CLASS B,5.030610344093269,2026-05-07 11:19:49,9월 6일 국내 ETF 1020개 데이터.xlsx / 국내 월배당 ETF 총정리.xlsx / 9월 1주 국내 월배당 ETF 분배금 지급현황.xlsx
0091C0,0091C0.KS,KODEX 미국10년국채액티브(H),K55105EM2711,채권,해외채권,,,"월배당, 채권",Y,Y,,Y,Y,5,0.394461631449,0.347775627089,,,,,,,0.15,,,10105,40,0.39741679085941384,1060.39113858,356096,35.97785916,-0.032072410642,삼성운용,KAP 미국 국채 10년 지수(총수익),액티브,배당소득세(보유기간과세),20250819,,,,,,,,,,ISHARES 7-10 YEAR TREASURY B,28.715903700137776,T 4 1/4 05/15/35,14.027140992257165,T 4 5/8 02/15/35,9.639159873024546,T 4 1/4 11/15/34,9.382166689049095,F/m US Treasury 10 Year Note ETF,9.18389476931656,2026-05-07 11:19:49,9월 6일 국내 ETF 1020개 데이터.xlsx / 국내 월배당 ETF 총정리.xlsx / 9월 1주 국내 월배당 ETF 분배금 지급현황.xlsx
250730,250730.KS,RISE 차이나HSCEI(H),K55223BF0979,해외주식,시장대표,,,,,,,Y,Y,2,-1.222397152824,0.346734087186,0.775299061108,5.520388606217,8.037390632141,24.226859675428,47.916066580055,36.225557803232,0.021,0.23,0.3681,10930,145,1.3444598980064906,270.88337829,26531,2.86947595,-0.230135243784,KB운용,Hang Seng China H,패시브,배당소득세(해외주식투자전용ETF),20160810,,,,,,,,,,TENCENT HOLDINGS LTD,8.75666301903526,ALIBABA GROUP HOLDING LTD,8.693380712467246,XIAOMI CORP-CLASS B,7.590196129293749,CHINA CONSTRUCTION BANK-H,7.35597226706674,MEITUAN-CLASS B,4.923523803208601,2026-05-07 11:19:49,9월 6일 국내 ETF 1020개 데이터.xlsx / 국내 월배당 ETF 총정리.xlsx / 9월 1주 국내 월배당 ETF 분배금 지급현황.xlsx
437070,437070.KS,KODEX 아시아달러채권ESG플러스액티브,K55105DR4770,채권,해외채권,,,"월배당, 채권",Y,Y,,Y,Y,4,0.200192685663,0.33740187728,1.018487975182,5.136185777475,-1.103766148099,0.680417846449,9.118182635216,20.125558407772,0.18,0.23,0.2463,61400,135,0.2203541989716804,633.03080562,14,0.008598,0.053440059657,삼성운용,Bloomberg Barclays MSCI EM Asia Investment Grade Credit SRI Index(Total Return),액티브,배당소득세(보유기간과세),20220809,,,,,,,,,,Vanguard Long-Term Corporate B,9.172247121043629,CCAMCL 4 3/4 02/08/28,6.775674440688682,AIA 2.7 PERP,5.534033336331827,SHINFN 2 7/8 PERP,4.851332957102347,BABA 4 1/2 11/28/34,4.400595298635435,2026-05-07 11:19:49,9월 6일 국내 ETF 1020개 데이터.xlsx / 국내 월배당 ETF 총정리.xlsx / 9월 1주 국내 월배당 ETF 분배금 지급현황.xlsx
266550,266550.KS,PLUS 중형주저변동50,K55213BL2888,국내주식,규모,,,,,,,Y,Y,2,0.145207901401,0.335695889776,-0.584223339296,5.900240424269,21.576973153395,31.641973050942,22.401615101143,55.400484078172,0.23,0.33,0.3631,14745,30,0.2038735983690112,36.84550249,167,0.0245223,0.097995534663,한화운용,FnGuide 중형주저변동50지수,패시브,비과세,20170328,,,,,,,,,,BNK금융지주,3.563876026559497,iM금융지주,3.264014175257732,한국카본,3.230270127118644,농심,3.1476607548488555,풍산,3.070259260877162,2026-05-07 11:19:49,9월 6일 국내 ETF 1020개 데이터.xlsx / 국내 월배당 ETF 총정리.xlsx / 9월 1주 국내 월배당 ETF 분배금 지급현황.xlsx
449580,449580.KS,RISE 테슬라애플아마존채권혼합,K55223DZ2888,자산배분,주식+채권,,,채권,,,,Y,Y,4,0.758938145473,0.331386310117,5.005318146239,5.635656121534,4.623723419948,-0.746517007246,18.643109937905,,0.24,0.46,0.4822,15625,95,0.6117192530585963,109.18834072,13568,2.12052525,0.050023761363,KB운용,iSelect 미국 빅데이터Top3 채권혼합지수(Price Return),패시브,배당소득세(보유기간과세),20221220,,,,,,,,,,국고채권03000-2909(24-7),17.724172450988895,APPLE INC,15.040465959864981,AMAZON.COM INC,13.321894330712642,TESLA INC,13.161547150305923,국고채권02625-3003(25-3),11.611573141231831,2026-05-07 11:19:49,9월 6일 국내 ETF 1020개 데이터.xlsx / 국내 월배당 ETF 총정리.xlsx / 9월 1주 국내 월배당 ETF 분배금 지급현황.xlsx
473330,473330.KS,SOL 미국30년국채커버드콜(합성),K55210E76444,채권,해외채권,,,"월배당, 커버드콜, 채권",Y,Y,Y,Y,Y,3,0.446477823629,0.32912602251,1.144305847828,6.817531869064,-3.015995182668,0.167373670204,1.359674126504,,0.25,0.35,0.3668,8935,70,0.7896221094190637,3551.16098004,564412,50.40585302,0.034930484636,신한자산운용,KEDI 미국 국채 20년+ 커버드콜 지수(NTR),패시브,배당소득세(보유기간과세),20231227,채권,0.9583,20250827,20250829,85,14.9501,1328,12,Y,스왑(메리츠증권),35.16745856258509,스왑(삼성증권),29.288629073662868,스왑(미래에셋증권),22.520510072275382,스왑(키움증권),13.023402291476659,설정현금액,0,2026-05-07 11:19:49,9월 6일 국내 ETF 1020개 데이터.xlsx / 국내 월배당 ETF 총정리.xlsx / 9월 1주 국내 월배당 ETF 분배금 지급현황.xlsx
308620,308620.KS,KODEX 미국10년국채선물,K55105CF2639,채권,해외채권,,,채권,,,,Y,,3,0.13611110414,0.316880839898,0.788644064371,4.657765171552,-1.760874043543,-0.187288404129,3.919057710623,-1.981619311924,0.09,0.15,0.2079,11975,20,0.1672940192388122,909.69994073,40610,4.86491105,-0.019942793634,삼성운용,S&P 10-Year U.S. Treasury Note Futures KRW Excess Return,패시브,배당소득세(보유기간과세),20181019,,,,,,,,,,US 10YR NOTE (CBT) 2025 12,100,설정현금액,0,원화현금,0,USD현금,0,,,2026-05-07 11:19:49,9월 6일 국내 ETF 1020개 데이터.xlsx / 국내 월배당 ETF 총정리.xlsx / 9월 1주 국내 월배당 ETF 분배금 지급현황.xlsx
454180,454180.KS,KIWOOM 차이나내수소비TOP CSI,K55206E09914,해외주식,업종섹터,,,,,,,Y,Y,2,-1.050122330176,0.316665220936,3.881462850974,4.958170984836,-3.846589520138,4.590551018668,31.000079709286,,0.42,1.31,1.6775,9140,0,0,36.54500577,1018,0.09309025,-0.249727117173,키움투자운용,CSI SH-HK-SZ Consumer Top Index,패시브,배당소득세(보유기간과세),20230404,,,,,,,,,,ALIBABA GROUP HOLDING LTD,11.026103179907984,XIAOMI CORP-CLASS B,9.692006179253529,KWEICHOW MOUTAI CO LTD-A,9.36430912716757,MIDEA GROUP CO LTD-A,8.46569456848572,MEITUAN-CLASS B,6.517619721947292,2026-05-07 11:19:49,9월 6일 국내 ETF 1020개 데이터.xlsx / 국내 월배당 ETF 총정리.xlsx / 9월 1주 국내 월배당 ETF 분배금 지급현황.xlsx
0085N0,0085N0.KS,ACE 미국10년국채액티브(H),K55101EL9174,채권,해외채권,,,"월배당, 채권",Y,Y,,Y,Y,5,0.384293342601,0.314859161872,0.238667283796,,,,,,0.15,0.16,0.1758,10175,45,0.4442250740375123,193.16535811,16449,1.67223385,0.064531801931,한국투자신탁운용,ICE U.S. Treasury 7-10 Year Bond Index (Total Return),액티브,배당소득세(보유기간과세),20250722,,,,,,,,,,iShares 10-20 Year Treasury Bond ETF,31.29749685686396,iShares 7-10 Year Treasury Bond ETF,19.128698275410613,T 4 1/4 08/15/35,14.42900898770731,iShares iBonds Dec 2035 Term Treasury ET,12.521118655355956,T 4 1/4 05/15/35,5.875583409649398,2026-05-07 11:19:49,9월 6일 국내 ETF 1020개 데이터.xlsx / 국내 월배당 ETF 총정리.xlsx / 9월 1주 국내 월배당 ETF 분배금 지급현황.xlsx
325020,325020.KS,KODEX 배당가치,K55105CP4617,국내주식,전략,배당,국내,배당,,,,Y,Y,2,0.071171876121,0.314652475718,0.713798629088,12.047541120786,25.986240518626,30.472790676214,22.617734369551,63.625497395376,0.3,0.36,0.4592,16735,35,0.20958083832335328,1086.54962814,10051,1.67782328,0.034298851181,삼성운용,FnGuide SLV 배당주형 지수,패시브,비과세,20190531,,,,,,,,,,삼성전자,13.018793792338077,KB금융,6.625485332983303,현대차,6.50993782080343,기아,5.7621696164934795,신한지주,5.334238127952158,2026-05-07 11:19:49,9월 6일 국내 ETF 1020개 데이터.xlsx / 국내 월배당 ETF 총정리.xlsx / 9월 1주 국내 월배당 ETF 분배금 지급현황.xlsx
228800,228800.KS,TIGER 여행레저,K55301B73758,국내주식,업종섹터,,,,,,,Y,Y,1,-0.51580644466,0.305613904932,0.152436517173,9.753481455655,22.739281210933,27.385339632422,18.518258209333,-6.435731679997,0.5,0.55,0.5898,3645,-15,-0.4098360655737705,1292.06049036,482565,17.68480407,0.010135056702,미래에셋운용,WISE 여행레저 지수,패시브,비과세,20151007,,,,,,,,,,파라다이스,11.968245597828483,대한항공,10.155536700754812,호텔신라,9.815238701783468,롯데관광개발,9.204176124670557,아시아나항공,9.177483588138491,2026-05-07 11:19:49,9월 6일 국내 ETF 1020개 데이터.xlsx / 국내 월배당 ETF 총정리.xlsx / 9월 1주 국내 월배당 ETF 분배금 지급현황.xlsx
461910,461910.KS,PLUS 미국테크TOP10레버리지(합성),K55213E31542,레버리지/인버스,2X 레버리지,,,"미국/테크, 레버리지",,,,,,1,2.184982204199,0.30521899135,7.302545411471,37.041667916652,33.844035217846,7.020965318909,82.296417085847,,0.5,0.6,0.6131,32790,965,3.0322073841319717,162.21357146,7845,2.57025092,0.013486081381,한화운용,iSelect 미국 Tech 10 지수,패시브,배당소득세(보유기간과세),20230718,,,,,,,,,,PLUS KOFR금리,22.340893071017344,스왑(키움증권)_250205,22.28088774872579,PLUS 머니마켓액티브,19.110874990210068,PLUS 미국테크TOP10,15.405172563735563,TIGER CD금리투자KIS(합성),8.39062926839878,2026-05-07 11:19:49,9월 6일 국내 ETF 1020개 데이터.xlsx / 국내 월배당 ETF 총정리.xlsx / 9월 1주 국내 월배당 ETF 분배금 지급현황.xlsx
0094L0,0094L0.KS,RISE 차이나테크TOP10위클리타겟커버드콜,K55223EL4301,해외주식,업종섹터,,,"커버드콜, 미국/테크",,,,Y,Y,1,-1.482508637164,0.303256027876,,,,,,,0.3,,,10115,115,1.15,100.31775492,282563,28.36328108,-0.238390184548,KB운용,Bloomberg China Tech Select TOP 10 + 12% Target Premium Weekly Index,패시브,배당소득세(보유기간과세),20250902,,,,,,,,,,TENCENT HOLDINGS L,17.943963025939333,ALIBABA GROUP HOLDING LIMITED,16.972851357378666,XIAOMI CORPORATION,15.71245142261452,BYD CO LTD-H,10.954907853562139,Meituan,9.923502919890671,2026-05-07 11:19:49,9월 6일 국내 ETF 1020개 데이터.xlsx / 국내 월배당 ETF 총정리.xlsx / 9월 1주 국내 월배당 ETF 분배금 지급현황.xlsx
228810,228810.KS,TIGER 미디어컨텐츠,K55301B73741,국내주식,업종섹터,,,,,,,Y,Y,1,1.229403302471,0.299499376838,2.559975678533,-4.382935090976,19.046493332092,37.487939951847,61.636491693581,1.536462204847,0.5,0.55,0.6167,6890,105,1.5475313190862197,1403.92799858,303154,20.9624592,0.098942629508,미래에셋운용,WISE 미디어컨텐츠 지수,패시브,비과세,20151007,,,,,,,,,,와이지엔터테인먼트,12.296415382433963,CJ ENM,11.170801518325957,JYP Ent.,11.043312283640882,하이브,10.857242926073893,에스엠,10.785530231563536,2026-05-07 11:19:49,9월 6일 국내 ETF 1020개 데이터.xlsx / 국내 월배당 ETF 총정리.xlsx / 9월 1주 국내 월배당 ETF 분배금 지급현황.xlsx
261250,261250.KS,KODEX 미국달러선물레버리지,K55105BJ8591,레버리지/인버스,2X 레버리지,,,레버리지,,,,,,1,-0.219937366487,0.299241325144,0.81934674361,5.972782562378,-6.182514875606,-7.349642934227,13.703473373871,17.477204664594,0.45,0.48,0.6753,15785,-50,-0.3157562361856647,352.27213416,11933,1.88516086,-0.088009433955,삼성운용,미국달러선물지수,패시브,배당소득세(보유기간과세),20161227,,,,,,,,,,KODEX 미국달러선물,53.79225425573573,KODEX 미국달러SOFR금리액티브(합성),44.839723712134656,KIWOOM 미국달러선물,1.3680220321296186,설정현금액,0,2025-09 달러선물,0,2026-05-07 11:19:49,9월 6일 국내 ETF 1020개 데이터.xlsx / 국내 월배당 ETF 총정리.xlsx / 9월 1주 국내 월배당 ETF 분배금 지급현황.xlsx
0080X0,0080X0.KS,SOL 미국S&P500미국채혼합50,K55210EL7325,자산배분,주식+채권,,,"월배당, 채권, 미국/테크",Y,Y,,Y,Y,4,0.528654176001,0.298631648791,1.947817405066,,,,,,0.15,0.17,0.2103,10425,60,0.5788712011577424,166.64069904,106814,11.13643063,0.01342060347,신한자산운용,S&P 500 and iBoxx $ Treasuries 7-10Y 5050 Blend Index(USD) PR/TR Hybrid,패시브,배당소득세(보유기간과세),20250715,,,,,,,,,,ISHARES 7-10 YEAR TREASURYBOND ETF,17.672234443704244,T 4 3/8 05/15/34,9.276344032559031,T 4 1/2 11/15/33,8.727353771267754,T 4 02/15/34,8.413246495884044,NVIDIA,3.8716268753333254,2026-05-07 11:19:49,9월 6일 국내 ETF 1020개 데이터.xlsx / 국내 월배당 ETF 총정리.xlsx / 9월 1주 국내 월배당 ETF 분배금 지급현황.xlsx
483340,483340.KS,ACE 구글밸류체인액티브,K55101EB6099,해외주식,업종섹터,,,,,,,Y,Y,2,1.038203805985,0.292631278094,5.45985451308,23.760256259987,27.155445748432,11.199657178983,44.589375995613,,0.45,0.59,1.0728,12425,180,1.4699877501020824,228.50983636,147401,18.29259036,0.185737817368,한국투자신탁운용,KEDI 글로벌 AI 클라우드 지수,액티브,배당소득세(보유기간과세),20240611,,,,,,,,,,ALPHABET INC-CL A,25.535697139000085,Direxion Daily AMZN Bull 2X Shares,6.2579659157717265,Direxion Daily MSFT Bull 2X Shares,6.151608505495222,The GraniteShares 2x Long NVDA Daily ETF,5.620781803166419,BROADCOM LTD,4.552273063048641,2026-05-07 11:19:49,9월 6일 국내 ETF 1020개 데이터.xlsx / 국내 월배당 ETF 총정리.xlsx / 9월 1주 국내 월배당 ETF 분배금 지급현황.xlsx
399110,399110.KS,SOL 미국S&P500ESG,K55210DM8224,해외주식,시장대표,,,미국/테크,,,,Y,Y,2,0.559673566827,0.292620763371,3.047730539722,12.946048008965,7.870745117063,4.414411184377,21.368722154159,72.788551150485,0.15,0.18,0.2694,17550,145,0.8330939385234128,789.05421936,44141,7.74288337,0.127536841115,신한자산운용,S&P500 ESG(PR),패시브,배당소득세(보유기간과세),20210914,,,,,,,,,,NVIDIA,11.076809210152453,MICROSOFT,10.001565839628846,APPLE INC,9.484391395800436,META PLATFORMS Inc,4.260759543860155,ALPHABET INC-CL A,3.574725495393879,2026-05-07 11:19:49,9월 6일 국내 ETF 1020개 데이터.xlsx / 국내 월배당 ETF 총정리.xlsx / 9월 1주 국내 월배당 ETF 분배금 지급현황.xlsx
437350,437350.KS,RISE 미국단기투자등급회사채액티브,K55223DV1603,채권,해외채권,,,채권,,,,Y,Y,4,0.075324187796,0.28647600978,0.920494309885,4.700224206518,-0.87237336165,-0.131849839239,9.841350313744,18.028206429075,0.1,0.21,0.2126,12255,0,0,245.25865385,16765,2.0586438,0.005806736213,KB운용,Bloomberg US Corporate 1-5 Years Total Return Index,액티브,배당소득세(보유기간과세),20220729,,,,,,,,,,HYUCAP 5 1/4 01/22/28,5.95571000164037,RY 4.965 01/24/29,5.941295027515388,BATSLN 5.931 02/02/29,3.066562404942133,AMT 5.8 11/15/28,3.0505716024154768,HYNCRD 5 3/4 04/24/29,3.042517945793682,2026-05-07 11:19:49,9월 6일 국내 ETF 1020개 데이터.xlsx / 국내 월배당 ETF 총정리.xlsx / 9월 1주 국내 월배당 ETF 분배금 지급현황.xlsx
261110,261110.KS,TIGER 미국달러선물레버리지,K55301BK2361,레버리지/인버스,2X 레버리지,,,레버리지,,,,,,1,-0.221336068421,0.282802394983,0.848239309881,6.045697861199,-6.064775613224,-7.225721301141,13.495183711138,17.334179263515,0.05,0.08,0.2911,15890,-55,-0.3449357165255566,95.31750509,2500,0.39691085,-0.022602460847,미래에셋운용,미국달러선물지수,패시브,배당소득세(보유기간과세),20161227,,,,,,,,,,TIGER 미국달러SOFR금리액티브(합성),57.65311170475908,TIGER 미국달러단기채권액티브,42.34688829524092,설정현금액,0,미달러선물25년09월물,0,원화현금,0,2026-05-07 11:19:49,9월 6일 국내 ETF 1020개 데이터.xlsx / 국내 월배당 ETF 총정리.xlsx / 9월 1주 국내 월배당 ETF 분배금 지급현황.xlsx
438900,438900.KS,HANARO Fn K-푸드,K55232DW2039,국내주식,업종섹터,,,,,,,Y,Y,2,-0.195243208899,0.278916566977,0.420650708738,3.267839068108,14.282307179832,19.995545859997,29.385173980113,39.793331584702,0.45,0.52,0.5607,12510,5,0.03998400639744103,187.78266139,24429,3.05753437,-0.066538133499,NH-Amundi운용,FnGuide K-푸드 지수 (시장가격),패시브,비과세,20220817,,,,,,,,,,삼양식품,18.017107018044072,농심,15.8120985918821,오리온,14.203909240282181,CJ제일제당,14.16976407163278,대상,6.780941943049898,2026-05-07 11:19:49,9월 6일 국내 ETF 1020개 데이터.xlsx / 국내 월배당 ETF 총정리.xlsx / 9월 1주 국내 월배당 ETF 분배금 지급현황.xlsx
315960,315960.KS,RISE 대형고배당10TR,K55223CJ3036,국내주식,전략,배당,국내,배당,,,,Y,Y,2,0.433628937416,0.278354372877,0.987529882753,15.515217829929,32.082702125904,36.018017231788,27.444294963055,75.200066032974,0.07,0.13,0.1496,24000,75,0.31347962382445144,875.47921336,4391,1.05459614,0.01628771744,KB운용,WISE 대형고배당10 TR 지수,패시브,배당소득세(보유기간과세),20190122,,,,,,,,,,SK하이닉스,27.426148377843663,삼성전자,25.132712147638365,현대차,8.79893391046956,KB금융,8.100777122494687,기아,8.069661148725327,2026-05-07 11:19:49,9월 6일 국내 ETF 1020개 데이터.xlsx / 국내 월배당 ETF 총정리.xlsx / 9월 1주 국내 월배당 ETF 분배금 지급현황.xlsx
373790,373790.KS,KIWOOM 미국방어배당성장나스닥,K55206DC2985,해외주식,전략,배당,미국,"월배당, 배당, 미국/테크",Y,Y,Y,Y,Y,3,0.124905028376,0.276947981315,0.812588211439,3.443879613791,-4.646602572393,0.345542782268,1.972861455942,11.422611370108,0.4,1.22,1.9219,15020,-90,-0.5956320317670417,51.3478085,5648,0.8495116,-0.127554142317,키움투자운용,Nasdaq US Low Volatility Dividend Achievers Index,패시브,배당소득세(보유기간과세),20201224,해외주식,0.1652,20250827,20250829,25,1.7237,260,12,Y,JOHNSON & JOHNSON,2.401695611046579,PEPSICO INC,2.3037114064312747,COCA-COLA CO/THE,2.2442461497623123,DUKE ENERGY CORP,2.241761253617806,REALTY INCOME CORP,2.2206848224965876,2026-05-07 11:19:49,9월 6일 국내 ETF 1020개 데이터.xlsx / 국내 월배당 ETF 총정리.xlsx / 9월 1주 국내 월배당 ETF 분배금 지급현황.xlsx
441800,441800.KS,TIMEFOLIO Korea플러스배당액티브,K553J1DW4846,국내주식,시장대표,배당,국내,"월배당, 배당",Y,Y,Y,Y,Y,2,-0.04457255848,0.275420933243,0.068865815098,12.532216461089,30.407614539398,30.654927377723,26.888403659269,,0.8,0.85,1.1718,16030,60,0.37570444583594237,1590.583224,44999,7.20240731,-0.037619516531,타임폴리오자산운용,코스피 200,액티브,배당소득세(보유기간과세),20220927,국내주식,0.5019,20250827,20250829,80,7.0817,1136,12,Y,삼성전자,10.90547901430023,삼양식품,6.352089301492107,두산에너빌리티,4.914394226256644,SK하이닉스,4.155323780481335,메리츠금융지주,3.8626512580896173,2026-05-07 11:19:49,9월 6일 국내 ETF 1020개 데이터.xlsx / 국내 월배당 ETF 총정리.xlsx / 9월 1주 국내 월배당 ETF 분배금 지급현황.xlsx
442580,442580.KS,PLUS 글로벌HBM반도체,K55213DW6843,해외주식,업종섹터,해외주식테마/섹터,글로벌 및 미국 반도체,,,,,Y,Y,1,2.249130657381,0.272248402677,4.630232280466,17.535221030017,27.614226893329,35.264034609945,30.742676434792,,0.5,0.71,0.9507,21150,630,3.0701754385964914,73.59419234,13995,2.93848248,-0.113807793945,한화운용,iSelect 글로벌DRAM반도체지수,패시브,배당소득세(보유기간과세),20220922,,,,,,,,,,MICRON TECHNOLOGY INC,26.706680688589906,SK하이닉스,25.095091103258675,삼성전자,24.649290665952794,ASML HOLDING NV-NY REG SHS,10.077109229566302,LAM RESEARCH CORP,4.180289876920834,2026-05-07 11:19:49,9월 6일 국내 ETF 1020개 데이터.xlsx / 국내 월배당 ETF 총정리.xlsx / 9월 1주 국내 월배당 ETF 분배금 지급현황.xlsx
438080,438080.KS,ACE 미국S&P500채권혼합액티브,K55101DU8887,자산배분,주식+채권,,,"채권, 미국/테크",,,,Y,Y,4,0.263083988005,0.270314379949,1.408835643431,6.261458424883,1.182245331679,0.530769242627,13.830952440544,31.130283889705,0.15,0.23,0.2424,13220,25,0.189465706707086,4108.04949745,236686,31.28002567,0.032153702374,한국투자신탁운용,S&P500 and Short-Term Treasury 30/70 Blend Index,액티브,배당소득세(보유기간과세),20220826,,,,,,,,,,ACE 미국S&P500,32.07350861472619,T 2.375 04/30/26,11.258583457711183,SKONKR 5 3/8 05/11/26,1.8696420469512551,T 4 1/8 02/28/27,1.4949968805772154,T 2 1/4 02/15/27,1.4559243523299406,2026-05-07 11:19:49,9월 6일 국내 ETF 1020개 데이터.xlsx / 국내 월배당 ETF 총정리.xlsx / 9월 1주 국내 월배당 ETF 분배금 지급현황.xlsx
0046Y0,0046Y0.KS,ACE 미국배당퀄리티,K55101EK7278,해외주식,전략,,,"월배당, 배당",Y,Y,,Y,Y,2,0.635598992314,0.269910295262,3.047059659047,10.645082454603,,,,,0.15,0.19,0.2637,11105,85,0.7713248638838476,371.23524397,27677,3.07210686,-0.040893281409,한국투자신탁운용,WisdomTree U.S. Quality Dividend Growth Index (Price Return),패시브,배당소득세(보유기간과세),20250513,,,,,,,,,,MICROSOFT,8.92883484585897,APPLE Inc,4.69497015325372,EXXON MOBIL CORP,4.4347895245902205,NVIDIA Corp,4.177400709390702,CHEVRON CORP,2.832597105972666,2026-05-07 11:19:49,9월 6일 국내 ETF 1020개 데이터.xlsx / 국내 월배당 ETF 총정리.xlsx / 9월 1주 국내 월배당 ETF 분배금 지급현황.xlsx
205720,205720.KS,ACE 일본TOPIX인버스(합성 H),KR5101AV1027,레버리지/인버스,1X 인버스,,,인버스,,,,,,1,-1.030595048776,0.263542628501,-5.524413730599,-10.250714605503,-16.029015510651,-14.071863691443,-20.396482667247,-49.353816853234,0.5,0.59,0.59,2065,-15,-0.7211538461538461,70.88454041,51342,1.06110235,-0.600195874353,한국투자신탁운용,TOPIX,패시브,배당소득세(보유기간과세),20140929,,,,,,,,,,스왑(미래에셋증권),100,설정현금액,0,원화현금,0,,,,,2026-05-07 11:19:49,9월 6일 국내 ETF 1020개 데이터.xlsx / 국내 월배당 ETF 총정리.xlsx / 9월 1주 국내 월배당 ETF 분배금 지급현황.xlsx
495060,495060.KS,TIMEFOLIO 코리아밸류업액티브,K553J1EF9274,국내주식,시장대표,,,,,,,Y,Y,2,0.114559901124,0.258765687604,-0.069540007463,13.864633796292,30.335947131536,32.691519869542,,,0.8,0.9,1.1851,12250,55,0.45100451004510045,263.23348357,15996,1.9556669,-0.112607864874,타임폴리오자산운용,코리아 밸류업 지수(TR),액티브,배당소득세(보유기간과세),20241104,,,,,,,,,,삼성전자,13.219390056703254,SK하이닉스,6.965945414733663,한화에어로스페이스,6.717349057654185,현대모비스,4.730054036911311,KB금융,4.625925615575251,2026-05-07 11:19:49,9월 6일 국내 ETF 1020개 데이터.xlsx / 국내 월배당 ETF 총정리.xlsx / 9월 1주 국내 월배당 ETF 분배금 지급현황.xlsx
490600,490600.KS,RISE 미국배당100데일리고정커버드콜,K55223ED1166,해외주식,전략,,,"월배당, 커버드콜, 배당",Y,Y,Y,Y,Y,2,0.531129760278,0.254077516023,5.659600663928,9.424620648914,-1.92699984215,-1.236862924199,,,0.25,0.52,0.9625,8915,55,0.6207674943566591,783.35319697,43227,3.85169441,0.109410130049,KB운용,KEDI 미국 배당100 90%참여+데일리옵션 프리미엄 지수,패시브,배당소득세(보유기간과세),20240924,해외주식,1.3012,20250827,20250829,116,16.4432,1456,11,Y,JOHNSON & JOHNSON,4.37084640669418,ABBVIE INC,4.229078922128754,PEPSICO INC,4.153191279675929,HOME DEPOT INC,4.137601315384591,EXXON MOBIL CORP,3.8288527285862366,2026-05-07 11:19:49,9월 6일 국내 ETF 1020개 데이터.xlsx / 국내 월배당 ETF 총정리.xlsx / 9월 1주 국내 월배당 ETF 분배금 지급현황.xlsx
438100,438100.KS,ACE 미국나스닥100채권혼합액티브,K55101DU8879,자산배분,주식+채권,,,"채권, 미국/테크",,,,Y,Y,4,0.351257180526,0.250169698567,1.165656581813,6.268880437082,2.218629612166,1.12695920384,15.973830273833,38.035386713691,0.15,0.26,0.2751,13855,40,0.2895403546869345,2548.98758319,115313,15.97286089,0.013837801701,한국투자신탁운용,NASDAQ-100 US T-Bills 30/70 Index,액티브,배당소득세(보유기간과세),20220826,,,,,,,,,,ACE 미국나스닥100,32.43500001620485,T 2 1/2 02/28/26,12.191562068282316,SKONKR 5 3/8 05/11/26,2.2512951609101783,KORELE 4 7/8 01/31/27,1.9365615982189615,T 4 7/8 05/31/26,1.9304102701488637,2026-05-07 11:19:49,9월 6일 국내 ETF 1020개 데이터.xlsx / 국내 월배당 ETF 총정리.xlsx / 9월 1주 국내 월배당 ETF 분배금 지급현황.xlsx
237440,237440.KS,TIGER 경기방어채권혼합,K55301BA0110,자산배분,주식+채권,,,채권,,,,Y,Y,4,0.022675509406,0.248485305433,-0.380432555983,2.97108245543,4.92639094199,7.18744983585,7.620149624971,17.703625372414,0.2,0.24,0.249,9950,10,0.1006036217303823,79.75166931,4179,0.41516435,-0.166242254121,미래에셋운용,경기방어소비재 채권혼합 지수,패시브,배당소득세(보유기간과세),20160127,,,,,,,,,,국고채권03250-2706(24-4),17.465309322784112,국고채권02875-2712(24-12),17.368597887558387,국고채권02625-3003(25-3),17.29712815401642,TIGER 경기방어,9.202628426267712,3년국채 F 202509,8.08249159812935,2026-05-07 11:19:49,9월 6일 국내 ETF 1020개 데이터.xlsx / 국내 월배당 ETF 총정리.xlsx / 9월 1주 국내 월배당 ETF 분배금 지급현황.xlsx
407160,407160.KS,KCGI 테크미디어텔레콤액티브,K55365DO2533,국내주식,업종섹터,,,미국/테크,,,,Y,Y,2,0.586664152815,0.241124579981,1.541648294873,8.591585608223,14.857194115756,22.880507941958,15.849556904232,22.498829635325,0.445,0.7,0.7402,9580,50,0.5246589716684156,28.80964023,364,0.03486555,-0.25327833539,KCGI운용,FnGuide TMT 지수,액티브,배당소득세(보유기간과세),20211116,,,,,,,,,,삼성전자우,20.97929277963996,SK하이닉스,10.274086373684009,하이브,8.885005655499464,리노공업,6.903420862252234,SK텔레콤,6.296946882113106,2026-05-07 11:19:49,9월 6일 국내 ETF 1020개 데이터.xlsx / 국내 월배당 ETF 총정리.xlsx / 9월 1주 국내 월배당 ETF 분배금 지급현황.xlsx
091180,091180.KS,KODEX 자동차,KR5105578177,국내주식,업종섹터,,,,,,,Y,Y,2,-0.292362004054,0.238556818539,4.904808500445,14.931885563298,14.413069595071,14.378931906931,14.133024706355,14.685226531255,0.45,0.46,0.4978,20065,-85,-0.4218362282878412,5096.37280778,238267,47.82824255,-0.107936324095,삼성운용,KRX 자동차,패시브,비과세,20060627,,,,,,,,,,현대모비스,28.38583554060659,기아,18.49400088758064,현대차,16.7867079599536,한국타이어앤테크놀로지,10.035449555959305,HL만도,4.089395169725472,2026-05-07 11:19:49,9월 6일 국내 ETF 1020개 데이터.xlsx / 국내 월배당 ETF 총정리.xlsx / 9월 1주 국내 월배당 ETF 분배금 지급현황.xlsx
147970,147970.KS,TIGER 모멘텀,KR5225A65191,국내주식,전략,,,,,,,Y,Y,2,0.415582786614,0.238004165907,0.649401455226,16.428927454231,38.854093240142,57.699908168998,59.776252810088,111.55494562432,0.29,0.35,0.8675,45135,240,0.5345806882726362,243.82426658,4502,2.0275324,-0.027691945572,미래에셋운용,FnGuide 모멘텀 지수,패시브,비과세,20111026,,,,,,,,,,SNT에너지,5.718992885970322,에이피알,4.56671715234373,HD한국조선해양,4.359167170018883,효성중공업,4.208150277280489,현대로템,3.5590021989406946,2026-05-07 11:19:49,9월 6일 국내 ETF 1020개 데이터.xlsx / 국내 월배당 ETF 총정리.xlsx / 9월 1주 국내 월배당 ETF 분배금 지급현황.xlsx
332610,332610.KS,PLUS 미국단기회사채(AAA~A),K55213CS6311,채권,해외채권,,,"월배당, 채권",Y,Y,Y,Y,Y,3,-0.009411781698,0.236567583432,0.715807215225,3.887585597866,-1.853981647265,-1.585256410885,8.62153127828,14.968161735923,0.315,0.4,0.4,127110,-110,-0.08646439239113347,325.28078173,337,0.42840095,0.028461593058,한화운용,ICE BofaAML 1-3 Year AAA-A US Corporate Index(총수익지수),패시브,배당소득세(보유기간과세),20190820,채권,0.2995,20250827,20250829,381,1.8044,2293,6,Y,UNH 4.6 04/15/27,6.592097097439187,ACAFP 4.631 09/11/28,6.569317874961222,MS 4.754 04/21/26,6.556461052680623,MS 3 5/8 01/20/27,6.070826614924706,AAPL 0.7 02/08/26,5.581902868658344,2026-05-07 11:19:49,9월 6일 국내 ETF 1020개 데이터.xlsx / 국내 월배당 ETF 총정리.xlsx / 9월 1주 국내 월배당 ETF 분배금 지급현황.xlsx
266160,266160.KS,RISE 고배당,K55223BM7066,국내주식,전략,배당,국내,배당,,,,Y,Y,2,-0.097533838608,0.235655848577,0.912046989018,13.847374375411,32.470190345038,34.737946914075,25.613222813345,73.565313517255,0.2,0.26,0.2793,16670,25,0.15019525382997898,916.58165845,23397,3.89843679,-0.048208406313,KB운용,FnGuide 고배당포커스 지수,패시브,비과세,20170414,,,,,,,,,,삼성전자,21.894725493056516,기아,7.610216746681033,현대차,7.405660637146871,삼성생명,4.89110982856423,KB금융,4.867584356234446,2026-05-07 11:19:49,9월 6일 국내 ETF 1020개 데이터.xlsx / 국내 월배당 ETF 총정리.xlsx / 9월 1주 국내 월배당 ETF 분배금 지급현황.xlsx
440340,440340.KS,TIGER 글로벌멀티에셋TIF액티브,K55301DW0591,자산배분,주식+채권,,,"월배당, 채권",Y,Y,Y,Y,Y,3,0.413071798092,0.229260956623,1.241138440068,6.92044082776,-0.017468452278,0.213739245801,9.862096283796,24.360109563561,0.55,0.68,0.8241,11295,45,0.4,158.52294935,2651,0.29942831,0.033063806276,미래에셋운용,INDXX 멀티에셋인컴 지수(시장가격 지수),액티브,배당소득세(보유기간과세),20220830,자산배분,0.2561,20250827,20250829,29,3.7512,423,12,Y,T 4 11/15/52,7.409689268321712,SPDR BLOOMBERG CONVERTIBLE S,6.447351635602884,ISHARES JP MORGAN USD EMERGI,6.111590935366925,INVESCO SENIOR LOAN ETF,4.842508635947207,ISHARES IBOXX HIGH YLD CORP,4.509473013950203,2026-05-07 11:19:49,9월 6일 국내 ETF 1020개 데이터.xlsx / 국내 월배당 ETF 총정리.xlsx / 9월 1주 국내 월배당 ETF 분배금 지급현황.xlsx
472170,472170.KS,TIGER 미국테크TOP10채권혼합,K55301E70402,자산배분,주식+채권,,,"채권, 미국/테크",,,,Y,Y,4,0.513991620403,0.228985613181,1.93840821431,8.049811002899,8.65311735891,4.629028028477,18.111188671808,,0.25,0.33,0.3748,13460,90,0.6731488406881077,2447.24667089,167031,22.4724814,0.005006440511,미래에셋운용,FnGuide 미국테크TOP10채권혼합 지수,패시브,배당소득세(보유기간과세),20231205,,,,,,,,,,국고채권03500-3406(24-5),14.363151570456099,국고채권03000-3412(24-13),13.823248100035249,국고채권02875-2712(24-12),9.242721652871614,국고채권03250-2706(24-4),9.233040921188751,국고채권02625-3003(25-3),9.219828337891304,2026-05-07 11:19:49,9월 6일 국내 ETF 1020개 데이터.xlsx / 국내 월배당 ETF 총정리.xlsx / 9월 1주 국내 월배당 ETF 분배금 지급현황.xlsx
139290,139290.KS,TIGER 200 경기소비재,KR5225A18026,국내주식,업종섹터,,,,,,,Y,Y,2,-0.156309537819,0.227026437956,4.353870291489,10.224771874483,20.244043305676,21.63456540092,21.864609163346,27.187676489844,0.4,0.45,0.4795,18205,30,0.16506189821182943,61.91719653,250,0.04543815,-0.141984773461,미래에셋운용,코스피 200 경기소비재,패시브,비과세,20110406,,,,,,,,,,현대모비스,21.719053733280532,기아,20.125166030545277,현대차,19.42136607226157,코웨이,6.824190438504853,한진칼,6.282614365280448,2026-05-07 11:19:49,9월 6일 국내 ETF 1020개 데이터.xlsx / 국내 월배당 ETF 총정리.xlsx / 9월 1주 국내 월배당 ETF 분배금 지급현황.xlsx
468380,468380.KS,KODEX iShares미국하이일드액티브,K55105E57081,채권,해외채권,,,"월배당, 채권",Y,Y,Y,Y,Y,2,0.14197092196,0.226382958591,1.3652791645,5.606444682066,-0.268106611806,0.794971813194,12.195475023656,,0.15,0.17,0.2543,11285,10,0.08869179600886919,798.10909235,93663,10.576698,0.02674608458,삼성운용,ICE BofAML US HY Constrained Index(Total Return),액티브,배당소득세(보유기간과세),20231019,채권,0.531,20250827,20250829,60,6.5291,736,12,Y,iShares Broad USD High Yield C,100,설정현금액,0,원화현금,0,USD현금,0,,,2026-05-07 11:19:49,9월 6일 국내 ETF 1020개 데이터.xlsx / 국내 월배당 ETF 총정리.xlsx / 9월 1주 국내 월배당 ETF 분배금 지급현황.xlsx
0021D0,0021D0.KS,ACE TDF2030액티브,K55101EI1622,자산배분,주식+채권,,,채권,,,,Y,Y,3,0.338676281763,0.225371470111,1.456511615874,5.718441987891,,,,,0.3,0.34,0.3929,10625,45,0.42533081285444235,105.88591536,4344,0.4617041,0.060434096497,한국투자신탁운용,Bloomberg Multi Asset Target-date 2030 KRW Index,액티브,배당소득세(보유기간과세),20250311,,,,,,,,,,ACE 종합채권(AA-이상)KIS액티브,35.92331551595807,SPDR Portfolio S&P 500 Growth ETF,14.762538330280782,ACE 미국S&P500,10.154049175456974,KODEX 종합채권(AA-이상)액티브,8.958449784990963,iShares Gold Trust Micro,7.252462026313564,2026-05-07 11:19:49,9월 6일 국내 ETF 1020개 데이터.xlsx / 국내 월배당 ETF 총정리.xlsx / 9월 1주 국내 월배당 ETF 분배금 지급현황.xlsx
367740,367740.KS,HANARO Fn5G산업,K55232DB8353,국내주식,업종섹터,,,,,,,Y,Y,2,0.126440357509,0.222850661321,0.936702723347,17.113438453014,20.613904653949,27.543525270385,18.25554192023,41.537432188006,0.45,0.6,0.6166,14990,45,0.3011040481766477,82.66503773,29,0.00435585,-0.082394130004,NH-Amundi운용,FnGuide 5G 산업 지수,패시브,비과세,20201029,,,,,,,,,,삼성전기,10.01123112122826,KT,8.87030627781078,SK텔레콤,8.820484232246697,삼성전자,8.73131348510539,삼성SDI,8.543074546824968,2026-05-07 11:19:49,9월 6일 국내 ETF 1020개 데이터.xlsx / 국내 월배당 ETF 총정리.xlsx / 9월 1주 국내 월배당 ETF 분배금 지급현황.xlsx
433220,433220.KS,에셋플러스 글로벌대장장이액티브,K55364DP8696,해외주식,시장대표,,,,,,,Y,Y,2,0.622538450105,0.211410846588,1.561277767203,14.509590484076,20.633824375584,12.51072685996,46.902151188411,98.989379507941,0.99,1.47,1.8484,21530,355,1.6765053128689493,132.66096176,155,0.03331572,-0.002776018006,에셋플러스운용,S&P 500,액티브,배당소득세(보유기간과세),20220628,,,,,,,,,,CONTEMPORARY AMPEREX TECHNOLOGY,9.528383832228606,Alphabet Inc. Class C,9.389790149063677,BROADCOM INC,9.03795739386969,TAIWAN SEMICONDUCTOR-SP ADR,8.583538830987345,GE VERNOVA INC,6.967968197935199,2026-05-07 11:19:49,9월 6일 국내 ETF 1020개 데이터.xlsx / 국내 월배당 ETF 총정리.xlsx / 9월 1주 국내 월배당 ETF 분배금 지급현황.xlsx
227560,227560.KS,TIGER 200 생활소비재,K55301B69913,국내주식,업종섹터,,,,,,,Y,Y,2,-0.391059826092,0.205185101757,-0.364185460451,11.22789873642,37.699322730651,46.558827993931,38.3227816273,47.043894894594,0.4,0.44,0.4624,11615,-85,-0.7264957264957265,90.73620856,4210,0.4889967,-0.07884917111,미래에셋운용,코스피 200 생활소비재,패시브,비과세,20150923,,,,,,,,,,KT&G,19.703054061210388,한국전력,18.873956200796936,삼양식품,10.08117900066519,에이피알,8.521534715808917,아모레퍼시픽,5.877135765474276,2026-05-07 11:19:49,9월 6일 국내 ETF 1020개 데이터.xlsx / 국내 월배당 ETF 총정리.xlsx / 9월 1주 국내 월배당 ETF 분배금 지급현황.xlsx
225800,225800.KS,KIWOOM 미국달러선물레버리지,K55206B56275,레버리지/인버스,2X 레버리지,,,레버리지,,,,,,1,-0.31614852328,0.201695553337,0.731448732173,5.960522016757,-6.347315345007,-7.616179665179,13.256903479515,16.869191497947,0.64,0.71,0.9,14985,-55,-0.36569148936170215,131.85383908,15005,2.2557504,-0.095556673441,키움투자운용,미국달러 선물지수,패시브,배당소득세(보유기간과세),20150810,,,,,,,,,,KIWOOM 미국달러선물,100,설정현금액,0,미달러선물25년09월물,0,원화현금,0,,,2026-05-07 11:19:49,9월 6일 국내 ETF 1020개 데이터.xlsx / 국내 월배당 ETF 총정리.xlsx / 9월 1주 국내 월배당 ETF 분배금 지급현황.xlsx
460960,460960.KS,ACE 글로벌인컴TOP10 SOLACTIVE,K55101E30004,자산배분,주식+채권,,,"월배당, 채권",Y,Y,Y,Y,Y,2,0.330693000938,0.185166359457,2.309480312132,7.85639653785,0.633685148507,0.273423074943,12.326820697827,,0.24,0.33,0.4682,11050,25,0.22675736961451248,629.13880933,64736,7.15993664,0.041359696639,한국투자신탁운용,Solactive Global Superior Income TOP 10 Price Return Index,패시브,배당소득세(보유기간과세),20230711,자산배분,0.5603,20250827,20250829,62,7.0811,779,12,Y,FLEXSHARES HIGH YIELD VALUE,15.881262211933029,GLOBAL X NASD 100 COV CALL,15.76642040198454,GLOBAL X RUSSELL 2000 COV CL,13.180727466256942,INVESCO SENIOR LOAN ETF,12.906849937662177,PACER MET US LRG CAP DVD 400,9.996360436293184,2026-05-07 11:19:49,9월 6일 국내 ETF 1020개 데이터.xlsx / 국내 월배당 ETF 총정리.xlsx / 9월 1주 국내 월배당 ETF 분배금 지급현황.xlsx
138230,138230.KS,KIWOOM 미국달러선물,KR5206994091,통화,미국달러,,,,,,,Y,,4,-0.109970995689,0.181098921952,0.53019804469,3.291879035118,-2.338999853082,-2.681961730932,8.371337230302,15.282885286186,0.37,0.4,0.4883,15915,-70,-0.43791054113231154,365.46953732,741,0.11819113,-0.042894574146,키움투자운용,미국달러 선물지수,패시브,배당소득세(보유기간과세),20110224,,,,,,,,,,설정현금액,,미달러선물25년09월물,,원화현금,,,,,,2026-05-07 11:19:49,9월 6일 국내 ETF 1020개 데이터.xlsx / 국내 월배당 ETF 총정리.xlsx / 9월 1주 국내 월배당 ETF 분배금 지급현황.xlsx
401470,401470.KS,KODEX 메타버스액티브,K55105DM5970,국내주식,업종섹터,,,,,,,Y,Y,1,0.604036375535,0.178156905947,2.089843603167,3.327419442792,13.760239478486,28.09952047795,26.686361551439,-1.864482925167,0.5,0.56,0.634,8020,40,0.5012531328320802,1040.2219431,29265,2.35027817,-0.171661527821,삼성운용,FnGuide K-메타버스 지수,액티브,배당소득세(보유기간과세),20211013,,,,,,,,,,와이지엔터테인먼트,8.36925073562174,넷마블,7.348910118747784,에스엠,7.197505063143848,하이브,7.012471296124875,삼성전기,5.728714201414944,2026-05-07 11:19:49,9월 6일 국내 ETF 1020개 데이터.xlsx / 국내 월배당 ETF 총정리.xlsx / 9월 1주 국내 월배당 ETF 분배금 지급현황.xlsx
440650,440650.KS,ACE 미국달러단기채권액티브,K55101DW3258,채권,해외채권,,,채권,,,,Y,Y,5,-0.049719227564,0.17591107528,0.594100507804,3.565440146812,-2.34860443234,-2.280057529196,8.50233683211,14.470682091221,0.3,0.59,0.59,11680,-15,-0.12825994014536127,210.23649602,40861,4.7755447,0.019239547557,한국투자신탁운용,Bloomberg Short-Term Treasury Total Return Index,액티브,배당소득세(보유기간과세),20220823,,,,,,,,,,WOORIB 0 3/4 02/01/26,5.787020050559217,KOBCOP 5 3/8 05/02/27,4.488863907466759,KORELE 5 3/8 07/31/26,4.4479092118049035,HYNMTR 5.65 06/26/26,4.44551047565069,T 4 5/8 09/15/26,4.4373811145417426,2026-05-07 11:19:49,9월 6일 국내 ETF 1020개 데이터.xlsx / 국내 월배당 ETF 총정리.xlsx / 9월 1주 국내 월배당 ETF 분배금 지급현황.xlsx
429000,429000.KS,TIGER 미국S&P500배당귀족,K55301DS7063,해외주식,전략,배당,미국,"월배당, 배당, 미국/테크",Y,Y,Y,Y,Y,2,0.660322107076,0.174119020292,2.574545071488,7.325037872387,-1.178083381541,0.469764508302,6.244262173612,26.709897212815,0.25,0.34,0.4181,12345,135,1.1056511056511056,1139.91004801,33861,4.1744213,-0.063451678122,미래에셋운용,S&P 500 Dividend Aristocrats 지수 (Price Return),패시브,배당소득세(보유기간과세),20220517,해외주식,0.1775,20250827,20250829,22,2.1809,267,12,Y,C.H. ROBINSON WORLDWIDE INC,1.8259892596963927,LOWES COS INC,1.6920187375073563,ARCHER-DANIELS-MIDLAND CO,1.6282917323422135,ABBVIE INC,1.6222832321703777,MCDONALDS CORP,1.5709725481632724,2026-05-07 11:19:49,9월 6일 국내 ETF 1020개 데이터.xlsx / 국내 월배당 ETF 총정리.xlsx / 9월 1주 국내 월배당 ETF 분배금 지급현황.xlsx
276970,276970.KS,KODEX 미국S&P500배당귀족커버드콜(합성 H),K55105BT6551,해외주식,전략,배당,미국,"커버드콜, 배당, 미국/테크",,,,Y,Y,3,0.591812391833,0.171871652362,1.714552622297,1.856384495369,-4.862597943944,-2.290056394732,-5.608768938789,4.102257657864,0.3,0.37,0.37,7820,15,0.19218449711723254,367.53647776,9320,0.72842984,0.299730175675,삼성운용,S&P 500 Dividend Aristocrats Covered Call(7.2% Premium) Index Price Return,패시브,배당소득세(보유기간과세),20170810,,,,,,,,,,스왑(메리츠증권),50.13047256894046,스왑(키움증권),49.86952743105954,설정현금액,0,원화현금,0,,,2026-05-07 11:19:49,9월 6일 국내 ETF 1020개 데이터.xlsx / 국내 월배당 ETF 총정리.xlsx / 9월 1주 국내 월배당 ETF 분배금 지급현황.xlsx
314250,314250.KS,KODEX 미국빅테크10(H),K55105CG9971,해외주식,업종섹터,,,미국/테크,,,,Y,Y,1,1.007527452503,0.17019162419,2.990443907211,9.700354070105,22.61359643244,16.295840076416,40.98894235513,171.067921899026,0.45,0.56,0.6523,54490,850,1.5846383296047726,7148.4070391,257794,140.28578341,0.136836611047,삼성운용,NYSE U.S. BIG TECH 10 Index(정식 명칭: NYSE FANG+ Index),패시브,배당소득세(보유기간과세),20190110,,,,,,,,,,ALPHABET INC-CL A,12.080562356027741,APPLE Inc,11.232697300802888,BROADCOM LTD,11.174762975005228,NVIDIA Corp,10.909581943129702,Meta Platforms Inc-CL A,9.741669023127756,2026-05-07 11:19:49,9월 6일 국내 ETF 1020개 데이터.xlsx / 국내 월배당 ETF 총정리.xlsx / 9월 1주 국내 월배당 ETF 분배금 지급현황.xlsx
456610,456610.KS,TIGER 미국달러SOFR금리액티브(합성),K55301E17064,금리,,,,금리형,,,,Y,Y,2,-0.097164522039,0.168869284534,0.55267223943,3.499735411226,-2.261814836936,-2.334768584866,8.860368056618,,0.05,0.08,0.08,58185,-85,-0.14587266174703964,5383.57233617,12608,7.34045062,-0.033540583309,미래에셋운용,Solactive SOFR Daily Total Return Index,액티브,배당소득세(보유기간과세),20230509,,,,,,,,,,Solactive SOFR TRS 2,93.4644570643547,Solactive SOFR Index TRS 250310-01,4.080466661048849,Solactive SOFR TRS 1,1.2275381372982235,Solactive SOFR Index TRS 231130-04,1.2275381372982235,[USD] 예금,0,2026-05-07 11:19:49,9월 6일 국내 ETF 1020개 데이터.xlsx / 국내 월배당 ETF 총정리.xlsx / 9월 1주 국내 월배당 ETF 분배금 지급현황.xlsx
441680,441680.KS,TIGER 미국나스닥100커버드콜(합성),K55301DX0400,해외주식,전략,,,"월배당, 커버드콜, 미국/테크",Y,Y,Y,Y,Y,2,0.505894962524,0.168230725597,1.088323577054,6.841067902642,-3.40862200257,-5.330029939689,12.838888863885,,0.37,0.49,0.5076,10045,50,0.5002501250625313,3835.62646169,294673,29.59979496,-0.372906620536,미래에셋운용,Cboe Nasdaq-100 BuyWrite V2 지수 (Total Return),패시브,배당소득세(보유기간과세),20220922,해외주식,1.0075,20250827,20250829,101,12.782,1282,12,Y,나스닥100커버드콜 TRS 250618-03,37.7642388618723,나스닥100커버드콜 TRS 250526-01,34.76562040131171,나스닥100커버드콜 TRS 250401-01,19.96231019727787,나스닥100커버드콜 TRS 241106-02,4.234768453570558,나스닥100커버드콜 TRS 250725-01,2.6264259132010035,2026-05-07 11:19:49,9월 6일 국내 ETF 1020개 데이터.xlsx / 국내 월배당 ETF 총정리.xlsx / 9월 1주 국내 월배당 ETF 분배금 지급현황.xlsx
261240,261240.KS,KODEX 미국달러선물,K55105BJ8583,통화,미국달러,,,,,,,Y,,3,-0.099650512433,0.165979421117,0.536690672183,3.336585466274,-2.209328942599,-2.540777460429,8.643459238847,15.418820909348,0.25,0.28,0.4004,14045,-20,-0.14219694276573053,574.85563806,23256,3.26833453,-0.070335973394,삼성운용,미국달러선물지수,패시브,배당소득세(보유기간과세),20161227,,,,,,,,,,설정현금액,,2025-09 달러선물,,원화현금,,,,,,2026-05-07 11:19:49,9월 6일 국내 ETF 1020개 데이터.xlsx / 국내 월배당 ETF 총정리.xlsx / 9월 1주 국내 월배당 ETF 분배금 지급현황.xlsx
237370,237370.KS,KODEX 코리아배당성장채권혼합,K55105B99147,자산배분,주식+채권,,,"월배당, 배당, 채권",Y,Y,Y,Y,Y,4,0.122272447282,0.165739878123,0.501667591267,3.255653881966,9.051753861714,11.344095603341,10.918470752152,27.565034942706,0.19,0.23,0.3008,14360,35,0.2443280977312391,1063.39748143,35296,5.06635032,0.094188477799,삼성운용,KRX 배당성장 채권혼합지수,패시브,배당소득세(보유기간과세),20160127,자산배분,0.126,20250812,20250814,18,0.8918,128,11,Y,국고02875-2712(24-12),21.64281700154546,KODEX 코리아배당성장,16.130816698205866,KODEX 국고채3년,10.676404501891122,국고채03250-2706(24-4),9.892421816802976,국고02250-2806(25-4),9.674646650073553,2026-05-07 11:19:49,9월 6일 국내 ETF 1020개 데이터.xlsx / 국내 월배당 ETF 총정리.xlsx / 9월 1주 국내 월배당 ETF 분배금 지급현황.xlsx
498400,498400.KS,KODEX 200타겟위클리커버드콜,K55105EG3659,국내주식,전략,,,"월배당, 커버드콜",Y,Y,Y,Y,Y,1,0.124477652671,0.163560428753,0.20555444198,13.429823038929,25.226991930285,30.170660077202,,,0.39,0.41,0.4695,11120,40,0.36101083032490977,9231.5203153,1940951,215.61719602,0.057763432726,삼성운용,코스피 200 타겟 위클리 커버드콜 지수,패시브,배당소득세(보유기간과세),20241203,국내주식,1.4652,20250812,20250814,163,11.0769,1229,8,Y,KODEX 200,18.839112766502417,삼성전자,18.62204718785757,SK하이닉스,8.443565325756527,KB금융,1.9982125374587927,한화에어로스페이스,1.8400534648637066,2026-05-07 11:19:49,9월 6일 국내 ETF 1020개 데이터.xlsx / 국내 월배당 ETF 총정리.xlsx / 9월 1주 국내 월배당 ETF 분배금 지급현황.xlsx
238670,238670.KS,PLUS 스마트베타Quality채권혼합,K55213BA6478,자산배분,주식+채권,,,채권,,,,Y,Y,4,0.146968986798,0.16230840124,0.089043655668,3.776524576002,7.814094859133,10.175110078519,11.227048701206,17.789334172346,0.2,0.33,0.4243,11855,25,0.21132713440405748,35.50858186,550,0.06509425,0.094571636801,한화운용,WISE-KAP 스마트베타 Quality 채권혼합지수,패시브,배당소득세(보유기간과세),20160224,,,,,,,,,,국고채권02875-2712(24-12),27.972149803266813,PLUS 국채선물3년,14.197439514634688,KODEX 국고채3년,14.039525047382144,3년국채 F 202509,8.851467131750493,PLUS 머니마켓액티브,3.1859600881963486,2026-05-07 11:19:49,9월 6일 국내 ETF 1020개 데이터.xlsx / 국내 월배당 ETF 총정리.xlsx / 9월 1주 국내 월배당 ETF 분배금 지급현황.xlsx
183700,183700.KS,RISE 채권혼합,KR5223AL4166,자산배분,주식+채권,,,채권,,,,Y,Y,4,0.090063747317,0.160944173606,0.206388856037,4.706127846299,8.899758751171,11.059198914199,9.842067003764,21.555006273246,0.2,0.29,0.2958,66300,145,0.21918222356586803,158.96386999,13,0.00860795,-0.031480999481,KB운용,KRX 주식국채혼합(채권형)지수,패시브,배당소득세(보유기간과세),20131017,,,,,,,,,,국고채권03250-2706(24-4),25.557873066635977,국고채권02875-2712(24-12),20.650784633167827,국고채권02625-3003(25-3),17.40183845903459,삼성전자,7.360792860506179,3년국채 F 202509,4.188913313171156,2026-05-07 11:19:49,9월 6일 국내 ETF 1020개 데이터.xlsx / 국내 월배당 ETF 총정리.xlsx / 9월 1주 국내 월배당 ETF 분배금 지급현황.xlsx
292770,292770.KS,KODEX 국채선물3년인버스,K55105C60402,레버리지/인버스,1X 인버스,,,인버스,,,,,,4,7.1829586e-05,0.153555572262,0.353063208983,0.640704044322,1.037345828754,1.642138355482,2.262852592849,6.670727584262,0.07,0.09,0.128,55640,-20,-0.035932446999640676,73.5073734,50,0.02782,-0.055327546722,삼성운용,국채선물 지수,패시브,배당소득세(보유기간과세),20180413,,,,,,,,,,설정현금액,0,원화현금,0,2025-09 국채선물3(신),100,,,,,2026-05-07 11:19:49,9월 6일 국내 ETF 1020개 데이터.xlsx / 국내 월배당 ETF 총정리.xlsx / 9월 1주 국내 월배당 ETF 분배금 지급현황.xlsx
0049K0,0049K0.KS,ACE 미국배당퀄리티채권혼합50,K55101EK7294,자산배분,주식+채권,,,"월배당, 배당, 채권",Y,Y,,Y,Y,4,0.319307660779,0.153338130042,1.612461838135,5.500155906763,,,,,0.15,0.23,0.2698,10500,40,0.3824091778202677,157.63865299,6040,0.63393682,-0.087014700986,한국투자신탁운용,Bloomberg WisdomTree U.S. Quality Dividend & Short Term KRW Bonds 5050 TR Index,패시브,배당소득세(보유기간과세),20250513,,,,,,,,,,국고03250-2603(24-3),10.262231571914677,국고01125-2509(20-6),6.7390533947587326,국고03625-2509(23-8),6.140404232449351,국고01875-2606(16-3),5.37023184980401,MICROSOFT,4.679891314269534,2026-05-07 11:19:49,9월 6일 국내 ETF 1020개 데이터.xlsx / 국내 월배당 ETF 총정리.xlsx / 9월 1주 국내 월배당 ETF 분배금 지급현황.xlsx
329750,329750.KS,TIGER 미국달러단기채권액티브,K55301CR6349,채권,해외채권,,,채권,,,,Y,Y,3,-0.098298317505,0.152346415899,0.533477976943,3.459972315253,-2.378607375885,-2.430814148637,8.55057756497,14.862075337839,0.3,0.32,0.3226,12825,-15,-0.11682242990654206,4492.89633243,146665,18.80674388,-0.041827054765,미래에셋운용,KIS U.S. TREASURY BOND 0-1Y 지수(총수익),액티브,배당소득세(보유기간과세),20190724,,,,,,,,,,KHFC 5.375 11/15/26 REGS,3.3091388586229336,KDB 5 3/8 10/23/26,3.307209589178523,KOSOPW 5 3/8 09/21/26,3.2941932069222224,KORELE 5 3/8 07/31/26,3.2928706720964342,EIBKOR 4 7/8 01/11/26,3.2667260924426365,2026-05-07 11:19:49,9월 6일 국내 ETF 1020개 데이터.xlsx / 국내 월배당 ETF 총정리.xlsx / 9월 1주 국내 월배당 ETF 분배금 지급현황.xlsx
0048J0,0048J0.KS,KODEX 미국머니마켓액티브,K55105EK2846,채권,해외채권,,,"월배당, 채권",Y,Y,,Y,Y,5,-0.059792972135,0.152207648346,0.636685194543,3.76311498627,,,,,0.05,0.06,0.0604,13915,-15,-0.10768126346015794,3676.19853088,279469,38.92641071,-0.086751695074,삼성운용,KAP 미국 머니마켓 지수,액티브,배당소득세(보유기간과세),20250513,,,,,,,,,,EIBKOR 3 1/4 11/10/25,4.842169972788499,HSBC Float 05/13/31,4.558362615956507,HNDA Float 05/20/26,4.499713690788264,B 10/21/25,4.467478907193182,RY Float 07/23/27,4.2794228135639,2026-05-07 11:19:49,9월 6일 국내 ETF 1020개 데이터.xlsx / 국내 월배당 ETF 총정리.xlsx / 9월 1주 국내 월배당 ETF 분배금 지급현황.xlsx
225030,225030.KS,TIGER 미국S&P500선물인버스(H),K55301B52679,레버리지/인버스,1X 인버스,,,"미국/테크, 인버스",,,,,,1,-0.820850875643,0.149716888737,-2.36388112548,-7.410889285746,-11.842539866853,-9.605028753928,-14.010760655678,-35.026035643612,0.59,0.67,0.7319,2660,-30,-1.1152416356877324,85.4085012,44973,1.19811367,0.067532283541,미래에셋운용,S&P 500 Futures Total Return Index,패시브,배당소득세(보유기간과세),20150729,,,,,,,,,,DIREXION DLY S&P 500 BEAR 1X,10.80813869305773,PROSHARES SHORT S&P500,8.093828000770527,설정현금액,0,미달러선물25년09월물,0,원화현금,0,2026-05-07 11:19:49,9월 6일 국내 ETF 1020개 데이터.xlsx / 국내 월배당 ETF 총정리.xlsx / 9월 1주 국내 월배당 ETF 분배금 지급현황.xlsx
0026E0,0026E0.KS,KODEX 미국S&P500버퍼3월액티브,K55105EH1736,해외주식,전략,,,미국/테크,,,,Y,Y,1,0.228838513308,0.149686348333,1.612351638518,7.513550940901,,,,,0.39,0.45,0.5344,10260,45,0.44052863436123346,695.94337998,23834,2.44228855,-0.632462513779,삼성운용,"S&P500 10% Buffered Index March Series(Total Return)(KRW, 환헤지 안함)",액티브,배당소득세(보유기간과세),20250325,,,,,,,,,,Emini S&P500 FUT(ES) 2025 09,32.181963577521984,NVIDIA Corp,4.697226869545076,MICROSOFT,4.239835114921934,APPLE Inc,4.0206101598764725,Amazon.com Inc,2.4102860790826672,2026-05-07 11:19:49,9월 6일 국내 ETF 1020개 데이터.xlsx / 국내 월배당 ETF 총정리.xlsx / 9월 1주 국내 월배당 ETF 분배금 지급현황.xlsx
455960,455960.KS,RISE 미국달러SOFR금리액티브(합성),K55223E20338,금리,,,,금리형,,,,Y,Y,3,-0.095722089725,0.148535987374,0.55789628587,3.521158398027,-2.251662899915,-2.325755353178,8.907318185041,,0.05,0.08,0.08,11735,15,0.12798634812286688,511.21043558,218,0.02559685,-0.3231793701,KB운용,KAP SOFR 지수,액티브,배당소득세(보유기간과세),20230516,,,,,,,,,,스왑(키움증권)_44E5_250807,76.7825404691353,스왑(메리츠증권)_44E5_250620,23.217459530864698,[USD] 예금,0,,,,,2026-05-07 11:19:49,9월 6일 국내 ETF 1020개 데이터.xlsx / 국내 월배당 ETF 총정리.xlsx / 9월 1주 국내 월배당 ETF 분배금 지급현황.xlsx
456880,456880.KS,ACE 미국달러SOFR금리(합성),K55101E19692,금리,,,,금리형,,,,Y,Y,2,-0.095965059231,0.147442614172,0.562347146417,3.509960008737,-2.265907880634,-2.345681160417,8.836480775983,,0.05,0.08,0.08,11790,-15,-0.12706480304955528,2442.95659173,36207,4.27156123,0.027408587443,한국투자신탁운용,Solactive SOFR Daily Total Return Index,패시브,배당소득세(보유기간과세),20230425,,,,,,,,,,스왑(키움증권),45.644795456618496,스왑(신한투자증권),20.171356959578535,스왑(삼성증권),13.006636180488284,스왑(한국투자증권),12.159981413232126,스왑(하나금융투자),9.017229990082559,2026-05-07 11:19:49,9월 6일 국내 ETF 1020개 데이터.xlsx / 국내 월배당 ETF 총정리.xlsx / 9월 1주 국내 월배당 ETF 분배금 지급현황.xlsx
456200,456200.KS,PLUS 미국달러SOFR금리액티브(합성),K55213E23085,금리,,,,금리형,,,,Y,Y,2,-0.095352075603,0.147023593966,0.555327267645,3.495587741759,-2.310319172155,-2.415213713773,8.673303026708,,0.09,0.19,0.1921,58270,5,0.008581481163648846,64.01092853,61,0.03554255,-0.019228751808,한화운용,Solactive SOFR Daily Total Return Index,액티브,배당소득세(보유기간과세),20230509,,,,,,,,,,스왑(키움증권)_20240514,82.01772196345372,스왑(KB증권)_20241031,16.378102679456514,TIGER 미국달러SOFR금리액티브(합성),1.6041753570897666,[USD] 예금,0,,,2026-05-07 11:19:49,9월 6일 국내 ETF 1020개 데이터.xlsx / 국내 월배당 ETF 총정리.xlsx / 9월 1주 국내 월배당 ETF 분배금 지급현황.xlsx
444490,444490.KS,WON 미국S&P500,K55107DX3483,해외주식,시장대표,해외시장지수(환노출),미국 S&P500,미국/테크,,,,Y,Y,2,0.725839034528,0.146941362563,3.1648432665,11.990508342401,8.260842081987,5.601887703802,23.617037553104,,0.05,0.19,0.2999,17165,155,0.9112286890064668,428.17973632,13301,2.28268095,0.019537991571,우리운용,S&P 500,패시브,배당소득세(보유기간과세),20221006,,,,,,,,,,NVIDIA CORP,7.612738199339185,MICROSOFT CORP,6.872487906602348,APPLE INC,6.513610762053143,AMAZON.COM INC,3.9067910281707037,META PLATFORMS CL A ORD,2.924527175864662,2026-05-07 11:19:49,9월 6일 국내 ETF 1020개 데이터.xlsx / 국내 월배당 ETF 총정리.xlsx / 9월 1주 국내 월배당 ETF 분배금 지급현황.xlsx
460270,460270.KS,KIWOOM 미국달러SOFR금리액티브(합성),K55206E24574,금리,,,,금리형,,,,Y,Y,2,-0.096677640441,0.146068701692,0.555744331148,3.484242589052,-2.293266967918,-2.382507889587,8.738732940024,,0.05,0.19,0.19,12170,0,0,98.51797998,979,0.119191,0.012222060225,키움투자운용,Solactive SOFR Daily Total Return Index,액티브,배당소득세(보유기간과세),20230620,,,,,,,,,,스왑(메리츠증권)_250619_3229,100,설정현금액,0,[USD] 예금,0,,,,,2026-05-07 11:19:49,9월 6일 국내 ETF 1020개 데이터.xlsx / 국내 월배당 ETF 총정리.xlsx / 9월 1주 국내 월배당 ETF 분배금 지급현황.xlsx
282000,282000.KS,RISE 국고채3년선물인버스,K55223BY8797,레버리지/인버스,1X 인버스,,,인버스,,,,,,4,-0.003756935804,0.145873543601,0.318298225448,0.618475615939,1.010564876572,1.52172077685,2.120787905955,5.969361931581,0.07,0.1,0.1343,110970,15,0.0135189941868325,123.19949461,10,0.0110949,-0.013424569195,KB운용,국채선물지수,패시브,배당소득세(보유기간과세),20171109,,,,,,,,,,설정현금액,0,원화현금,0,3년국채 F 202509,100,,,,,2026-05-07 11:19:49,9월 6일 국내 ETF 1020개 데이터.xlsx / 국내 월배당 ETF 총정리.xlsx / 9월 1주 국내 월배당 ETF 분배금 지급현황.xlsx
455030,455030.KS,KODEX 미국달러SOFR금리액티브(합성),K55105E10130,금리,,,,"월배당, 금리형",Y,Y,,Y,Y,2,-0.096764243498,0.145789678855,0.555751219748,3.498581342789,-2.301973815443,-2.395443391954,8.777047395406,,0.15,0.18,0.183,11955,5,0.04184100418410042,4829.27089551,22476,2.68712742,-0.083505848719,삼성운용,Bloomberg SOFR Daily Total Return Index,액티브,배당소득세(보유기간과세),20230404,,,,,,,,,,스왑(NH투자증권),40.9589591688574,스왑(하나금융투자),23.184996254274044,스왑(한국투자증권),15.020610358869485,스왑(KB증권),13.794403848430514,스왑(키움증권),3.174837185617533,2026-05-07 11:19:49,9월 6일 국내 ETF 1020개 데이터.xlsx / 국내 월배당 ETF 총정리.xlsx / 9월 1주 국내 월배당 ETF 분배금 지급현황.xlsx
461900,461900.KS,PLUS 미국테크TOP10,K55213E31534,해외주식,업종섹터,,,미국/테크,,,,Y,Y,2,1.08770739031,0.142836538741,3.602647330429,17.388739190574,20.091186107056,8.286079209782,43.284366966963,,0.01,0.12,0.1839,20135,315,1.5893037336024218,130.88152205,5513,1.11026606,-0.1539297528,한화운용,iSelect 미국 Tech 10 지수,패시브,배당소득세(보유기간과세),20230718,,,,,,,,,,NVIDIA CORP,21.199740855469297,MICROSOFT CORP,19.704455923512,APPLE INC,16.77865591719525,AMAZON.COM INC,11.07510948143958,META PLATFORMS INC-CLASS A,8.46706187624171,2026-05-07 11:19:49,9월 6일 국내 ETF 1020개 데이터.xlsx / 국내 월배당 ETF 총정리.xlsx / 9월 1주 국내 월배당 ETF 분배금 지급현황.xlsx
0082F0,0082F0.KS,HANARO 유럽방산,K55232EM2121,해외주식,업종섹터,,,,,,,Y,Y,2,-1.30304981907,0.14049652111,-0.143391135494,,,,,,0.35,0.37,0.4413,10000,-140,-1.3806706114398422,95.06811303,10530,1.05340035,0.035325146859,NH-Amundi운용,Stoxx 유럽 방산 지수,패시브,배당소득세(보유기간과세),20250729,,,,,,,,,,ROLLS-ROYCE HOLDINGS PLC,11.477402460168513,AIRBUS SE,10.86996252856527,SAFRAN SA,10.47177383005136,RHEINMETALL AG,9.64202550827829,MTU AERO ENGINES AG,9.31413573535824,2026-05-07 11:19:49,9월 6일 국내 ETF 1020개 데이터.xlsx / 국내 월배당 ETF 총정리.xlsx / 9월 1주 국내 월배당 ETF 분배금 지급현황.xlsx
467620,467620.KS,KIWOOM 25-09 미국채권(AA-이상)액티브,K55206E49225,채권,해외채권,만기매칭채권,AA+미만,채권,,,,Y,Y,5,-0.077017845688,0.139099595217,0.453759237657,3.177544125696,-2.375826762086,-2.340998992719,7.734648139664,,0.29,0.44,0.4418,54940,-80,-0.14540167211922936,153.2492698,2633,1.44734295,-0.035858441813,키움투자운용,USD AA3 Above Select September 2025 Maturity Index(Total Return),액티브,배당소득세(보유기간과세),20231017,,,,,,,,,,T 3.5 09/15/25,33.351012574535844,KDB 3 3/8 09/16/25,33.34654273504556,EIBKOR 0 3/4 09/21/25,33.3024446904186,설정현금액,0,원화현금,0,2026-05-07 11:19:49,9월 6일 국내 ETF 1020개 데이터.xlsx / 국내 월배당 ETF 총정리.xlsx / 9월 1주 국내 월배당 ETF 분배금 지급현황.xlsx
0068M0,0068M0.KS,KODEX 미국S&P500버퍼6월액티브,K55105EL1938,해외주식,전략,,,미국/테크,,,,Y,Y,1,0.344534189217,0.138013645123,1.934187818148,,,,,,0.39,0.41,0.4633,10730,40,0.37418147801683815,538.36996026,24,0.00257845,-0.535491065716,삼성운용,S&P500 10% Buffered Index June Series (USD)(Total Return),액티브,배당소득세(보유기간과세),20250624,,,,,,,,,,Emini S&P500 FUT(ES) 2025 09,32.97997034360328,NVIDIA Corp,4.626693429954451,MICROSOFT,4.176491095719752,APPLE Inc,3.9603895670780838,SPX US 06/18/26 P5950 Index,2.5654650513282884,2026-05-07 11:19:49,9월 6일 국내 ETF 1020개 데이터.xlsx / 국내 월배당 ETF 총정리.xlsx / 9월 1주 국내 월배당 ETF 분배금 지급현황.xlsx
0088N0,0088N0.KS,WON K-글로벌수급상위,K55107EN0027,국내주식,전략,,,,,,,Y,Y,2,1.053215548032,0.135699044599,,,,,,,0.69,,,9525,90,0.9538950715421304,128.60926226,98831,9.42205507,0.041694950422,우리운용,DeepSearch 외인수급 Top20 지수,패시브,비과세,20250812,,,,,,,,,,한화엔진,9.114168992430674,두산,8.342984511234755,풍산,6.952344944114712,HD현대인프라코어,6.733791500953405,이마트,5.613134733570773,2026-05-07 11:19:49,9월 6일 국내 ETF 1020개 데이터.xlsx / 국내 월배당 ETF 총정리.xlsx / 9월 1주 국내 월배당 ETF 분배금 지급현황.xlsx
271060,271060.KS,KODEX 3대농산물선물(H),K55105BP4386,원자재,농산물,,,원자재,,,,Y,,2,0.122945649011,0.128875270368,1.487229944514,-5.1547032948,-6.072116116223,-9.680644865338,-9.331270598687,-39.207538468153,0.55,0.6,0.8411,7785,-20,-0.25624599615631005,305.64425498,10388,0.80942091,0.132519695149,삼성운용,S&P GSCI Grains Select Index Excess Return,패시브,배당소득세(보유기간과세),20170613,,,,,,,,,,Corn 2025 12,41.62890788368539,Soybeans 2025 11,27.705374746871904,Wheat 2025 12,23.315085598535585,KODEX 콩선물(H),4.793974242866842,TEUCRIUM CORN FUND,2.5566575280402755,2026-05-07 11:19:49,9월 6일 국내 ETF 1020개 데이터.xlsx / 국내 월배당 ETF 총정리.xlsx / 9월 1주 국내 월배당 ETF 분배금 지급현황.xlsx
455660,455660.KS,ACE 미국하이일드액티브(H),K55101E13018,채권,해외채권,,,"월배당, 채권",Y,Y,Y,Y,Y,2,0.236092472111,0.128188395544,0.887414133609,2.214185397403,2.380997441016,3.84061369441,4.445809427744,,0.24,0.56,0.6244,9925,20,0.20191822311963656,197.9312664,142075,14.10001812,0.505618619877,한국투자신탁운용,Markit iBoxx USD Liquid High Yield Total Return Index,액티브,배당소득세(보유기간과세),20230418,채권,0.5542,20250827,20250829,55,6.5328,645,12,Y,ISHARES BROAD USD HIGH YIELD,12.864914064545747,XTRACKERS USD HIGH YIELD COR,12.714997711043697,SPDR PORTFOLIO HIGH YIELD BO,11.656928586401461,XTRS LOW BETA HI YIELD ETF,3.3626643891423824,SPDR BLOOMBERG SHORT TERM HI,3.3424736454533366,2026-05-07 11:19:49,9월 6일 국내 ETF 1020개 데이터.xlsx / 국내 월배당 ETF 총정리.xlsx / 9월 1주 국내 월배당 ETF 분배금 지급현황.xlsx
0046A0,0046A0.KS,TIGER 미국초단기(3개월이하)국채,K55301EI9524,채권,해외채권,,,"월배당, 채권",Y,Y,,Y,Y,4,-0.08305493017,0.122659659815,0.539920074066,3.378132040521,,,,,0.09,0.11,0.1342,9635,-15,-0.15544041450777202,919.47741248,339136,32.69445979,-0.163738223969,미래에셋운용,ICE 0-3 Month US Treasury Securities 지수,패시브,배당소득세(보유기간과세),20250429,,,,,,,,,,ISHARES 0-3 MONTH TREASURY B,27.53426614629143,SPDR BLOOMBERG 1-3 MONTH T-B,27.200667514448522,B 09/25/25,10.332573793129583,F/M US TREASURY 3 MONTH BILL,9.93156094524688,B 10/28/25,8.93136521318029,2026-05-07 11:19:49,9월 6일 국내 ETF 1020개 데이터.xlsx / 국내 월배당 ETF 총정리.xlsx / 9월 1주 국내 월배당 ETF 분배금 지급현황.xlsx
244620,244620.KS,KODEX 모멘텀Plus,K55105BD0552,국내주식,전략,,,,,,,Y,Y,1,0.515263644773,0.121876979196,-0.727615588004,7.773686862475,17.655020670867,23.851705164164,25.193279518478,50.656801927839,0.3,0.35,0.4909,14660,125,0.8599931200550396,87.9058831,2469,0.36072275,-0.161141511416,삼성운용,FnGuide 모멘텀 Plus 지수,패시브,비과세,20160513,,,,,,,,,,에스원,3.8621554291396727,영원무역,3.585414928269826,현대백화점,3.4101676354061032,영원무역홀딩스,3.3528548825868754,KT&G,3.3471782963673116,2026-05-07 11:19:49,9월 6일 국내 ETF 1020개 데이터.xlsx / 국내 월배당 ETF 총정리.xlsx / 9월 1주 국내 월배당 ETF 분배금 지급현황.xlsx
480030,480030.KS,ACE 미국500데일리타겟커버드콜(합성),K55101E97755,해외주식,전략,,,"월배당, 커버드콜",Y,Y,Y,Y,Y,2,0.705797573769,0.119664977104,2.362787049492,11.455263690866,4.994660743366,2.423636113975,19.928729035196,,0.45,0.52,0.5407,10275,85,0.8341511285574092,1589.91728311,104006,10.67236008,-0.035563097518,한국투자신탁운용,Bloomberg US 500 Large Cap Premium Decrement 15% Distribution Index,패시브,배당소득세(보유기간과세),20240423,해외주식,1.2617,20250812,20250814,128,15.7084,1600,12,Y,스왑(한국투자증권),58.20570791630074,스왑(키움증권),41.79429208369926,설정현금액,0,원화현금,0,,,2026-05-07 11:19:49,9월 6일 국내 ETF 1020개 데이터.xlsx / 국내 월배당 ETF 총정리.xlsx / 9월 1주 국내 월배당 ETF 분배금 지급현황.xlsx
385520,385520.KS,KODEX 자율주행액티브,K55105DH2784,국내주식,전략,,,,,,,Y,Y,2,-0.353647301862,0.11814137697,3.682746536968,17.367498300038,12.368268951075,15.704320315336,4.866460543371,-9.379611077655,0.5,0.56,0.6305,8440,0,0,173.12266609,5443,0.45912835,-0.064688736073,삼성운용,FnGuide K-미래차 지수,액티브,배당소득세(보유기간과세),20210525,,,,,,,,,,LG에너지솔루션,6.392707424825567,현대오토에버,6.34036946930068,현대차,6.316620882338609,기아,6.23094863371156,현대글로비스,6.173194754217522,2026-05-07 11:19:49,9월 6일 국내 ETF 1020개 데이터.xlsx / 국내 월배당 ETF 총정리.xlsx / 9월 1주 국내 월배당 ETF 분배금 지급현황.xlsx
245340,245340.KS,TIGER 미국다우존스30,K55301BD8854,해외주식,시장대표,,,월배당,Y,Y,Y,Y,Y,3,0.690008513106,0.116444726622,3.669854408601,10.363308577136,3.128978931528,2.345952638634,16.873943947733,51.217556743498,0.35,0.43,0.4805,31080,255,0.8272506082725061,1128.84186263,8643,2.68351625,-0.044801799432,미래에셋운용,Dow Jones Industrial Average,패시브,배당소득세(해외주식투자전용ETF),20160701,해외주식,0.1291,20250827,20250829,40,1.5163,467,12,Y,GOLDMAN SACHS GROUP INC,9.919469641538344,MICROSOFT CORP,6.861591060881363,CATERPILLAR INC,5.63645724045204,HOME DEPOT INC,5.535845005997796,SHERWIN-WILLIAMS CO/THE,4.929184477056899,2026-05-07 11:19:49,9월 6일 국내 ETF 1020개 데이터.xlsx / 국내 월배당 ETF 총정리.xlsx / 9월 1주 국내 월배당 ETF 분배금 지급현황.xlsx
429760,429760.KS,PLUS 미국S&P500,K55213DS7136,해외주식,시장대표,해외시장지수(환노출),미국 S&P500,미국/테크,,,,Y,Y,2,0.742146559784,0.106721093243,3.081107948325,11.838920244677,8.244826201273,5.50996431523,23.116523552548,68.343880176937,0.07,0.31,0.5924,16755,150,0.9033423667570009,217.30220198,3157,0.52874275,0.014508449122,한화운용,S&P 500,패시브,배당소득세(보유기간과세),20220531,,,,,,,,,,ISHARES CORE S&P 500 ETF,17.720527918507162,NVIDIA CORP,5.831830939629353,MICROSOFT CORP,5.250065674225624,APPLE INC,5.018859616629744,S&P500 EMINI FUT SEP25,4.008056224567484,2026-05-07 11:19:49,9월 6일 국내 ETF 1020개 데이터.xlsx / 국내 월배당 ETF 총정리.xlsx / 9월 1주 국내 월배당 ETF 분배금 지급현황.xlsx
0052S0,0052S0.KS,1Q 미국S&P500미국채혼합50액티브,K55102EK9976,자산배분,주식+채권,,,"채권, 미국/테크",,,,Y,Y,4,0.315260049676,0.104741347841,1.710639689941,,,,,,0.15,0.15,0.15,10715,40,0.3747072599531616,470.56447719,118084,12.65336213,0.100109338359,하나운용,S&P 500 and Short-Term Treasury 50/50 Blend Index,액티브,배당소득세(보유기간과세),20250610,,,,,,,,,,iSHARES 0-3 MONTH TREASURY B,18.500258886541292,B 10/23/25,11.949488483313687,B 09/25/25,8.990088314556157,SPDR BARC1-3 MONTH TBil,7.714861837149965,S&P500 EMINI FUT Sep25,3.8409745118053533,2026-05-07 11:19:49,9월 6일 국내 ETF 1020개 데이터.xlsx / 국내 월배당 ETF 총정리.xlsx / 9월 1주 국내 월배당 ETF 분배금 지급현황.xlsx
379800,379800.KS,KODEX 미국S&P500,K55105DF7322,해외주식,시장대표,해외시장지수(환노출),미국 S&P500,미국/테크,,,,Y,Y,2,0.734523525868,0.100676098715,3.033837990565,11.788618541586,8.168250154709,5.559254564075,23.849311846716,73.866920997507,0.0062,0.08,0.1505,20685,185,0.9024390243902439,51318.81435449,3914750,809.27494635,0.01868209097,삼성운용,S&P 500  Index,패시브,배당소득세(보유기간과세),20210409,,,,,,,,,,NVIDIA Corp,7.6103926015876535,MICROSOFT,6.869715660220642,APPLE Inc,6.514316691764722,Amazon.com Inc,3.9055067866307125,Meta Platforms Inc-CL A,2.926554418113629,2026-05-07 11:19:49,9월 6일 국내 ETF 1020개 데이터.xlsx / 국내 월배당 ETF 총정리.xlsx / 9월 1주 국내 월배당 ETF 분배금 지급현황.xlsx
435530,435530.KS,KIWOOM TDF2030액티브,K55206DU2520,자산배분,주식+채권,,,채권,,,,Y,Y,2,0.339937696501,0.100227998387,1.705612546226,6.821180684999,2.508862416405,2.559715768976,12.239468332614,31.324376798103,0.3,0.64,0.7414,13560,50,0.3700962250185048,67.96323585,489,0.0664827,0.131354819399,키움투자운용,Dow Jones Target 2030 Index (Total Return),액티브,배당소득세(보유기간과세),20220630,,,,,,,,,,KIWOOM 종합채권(AA-이상)액티브,12.04810325410189,SPDR S&P 500 ETF TRUST,10.641611563904881,SPDR PORTFOLIO S&P 500 GROWT,10.252077108455978,VANGUARD S&P 500 ETF,9.390406407726203,ISHARES INTL AGGREGATE BOND,8.615688283441344,2026-05-07 11:19:49,9월 6일 국내 ETF 1020개 데이터.xlsx / 국내 월배당 ETF 총정리.xlsx / 9월 1주 국내 월배당 ETF 분배금 지급현황.xlsx
448630,448630.KS,RISE 삼성그룹Top3채권혼합,K55223DY8589,자산배분,주식+채권,,,채권,,,,Y,Y,4,-0.027121342636,0.100125034235,-0.656894042851,3.964519493636,3.66318764995,6.41116230641,0.455541917559,,0.2,0.43,0.4342,10270,30,0.29296875,184.45414999,28524,2.92187734,-0.059483624539,KB운용,Bloomberg Blended Samsung Group Fixed Top 3 Equity and Korean Bond Index,패시브,배당소득세(보유기간과세),20221129,,,,,,,,,,국고채권03250-2903(24-1),27.7468158364036,삼성전자,19.904220343984935,삼성바이오로직스,14.009398165884633,국고채권02250-2806(25-4),13.341033061646817,국고채권03875-2612(23-10),6.860980296448297,2026-05-07 11:19:49,9월 6일 국내 ETF 1020개 데이터.xlsx / 국내 월배당 ETF 총정리.xlsx / 9월 1주 국내 월배당 ETF 분배금 지급현황.xlsx
360200,360200.KS,ACE 미국S&P500,K55101D78195,해외주식,시장대표,해외시장지수(환노출),미국 S&P500,미국/테크,,,,Y,Y,2,0.731801121498,0.098608765681,3.028097730792,11.754714624076,8.101014208772,5.438616966618,23.665780264445,73.3490091294,0.0047,0.07,0.0995,22775,215,0.9530141843971631,22798.81375367,797973,181.54947564,0.018028132748,한국투자신탁운용,S&P 500,패시브,배당소득세(보유기간과세),20200807,,,,,,,,,,NVIDIA Corp,7.891683467331391,MICROSOFT,7.102579510589765,APPLE Inc,6.748987618437292,Amazon.com Inc,4.042484917375098,Meta Platforms Inc-CL A,3.013547763404263,2026-05-07 11:19:49,9월 6일 국내 ETF 1020개 데이터.xlsx / 국내 월배당 ETF 총정리.xlsx / 9월 1주 국내 월배당 ETF 분배금 지급현황.xlsx
433330,433330.KS,SOL 미국S&P500,K55210DU6020,해외주식,시장대표,해외시장지수(환노출),미국 S&P500,"월배당, 미국/테크",Y,Y,Y,Y,Y,2,0.730609228911,0.097086085477,3.014551585254,11.721329220188,8.099617464123,5.46982488069,23.736528328402,73.181015409964,0.05,0.13,0.195,18835,170,0.9107956067506028,1577.94559084,36313,6.83354295,-0.005396879276,신한자산운용,S&P 500,패시브,배당소득세(보유기간과세),20220621,해외주식,0.0854,20250827,20250829,16,0.9277,173,12,Y,NVIDIA,7.611593367164299,MICROSOFT,6.870856124748844,APPLE INC,6.515383054938494,Amazon.com Inc,3.9061350825830172,META PLATFORMS Inc,2.9269940222130417,2026-05-07 11:19:49,9월 6일 국내 ETF 1020개 데이터.xlsx / 국내 월배당 ETF 총정리.xlsx / 9월 1주 국내 월배당 ETF 분배금 지급현황.xlsx
267490,267490.KS,RISE 미국장기국채선물레버리지(합성 H),K55223BN1118,레버리지/인버스,2X 레버리지,,,레버리지,,,,,,1,0.553395659228,0.095026924295,-1.172014229099,2.749480476058,-4.929660318983,2.637987160257,-16.101424661933,-35.94081966384,0.5,0.78,0.8047,5710,85,1.511111111111111,67.87674866,2328,0.1326186,-0.041407167928,KB운용,S&P U.S. Treasury Bond Futures Excess Return Index,패시브,배당소득세(보유기간과세),20170420,,,,,,,,,,US LONG BOND(CBOT) DEC 2025,33.77470398009357,QV KIS CD금리투자 ETN,20.21465216761495,RISE 단기국공채액티브,17.851752414293834,RISE 머니마켓액티브,12.85234279636972,RISE 단기통안채,11.345385314036852,2026-05-07 11:19:49,9월 6일 국내 ETF 1020개 데이터.xlsx / 국내 월배당 ETF 총정리.xlsx / 9월 1주 국내 월배당 ETF 분배금 지급현황.xlsx
468370,468370.KS,KODEX iShares미국인플레이션국채액티브,K55105E57099,채권,해외채권,장기채권,미국,"월배당, 채권",Y,Y,Y,Y,Y,4,0.043415104166,0.09391323756,0.969516012688,5.205606759872,-1.609105975353,0.922585559229,8.371269506381,,0.1,0.12,0.1395,11100,-5,-0.045024763619991,126.40693984,20635,2.29268607,0.041431192446,삼성운용,ICE U.S. Treasury Inflation Linked Bond Index(Total Return),액티브,배당소득세(보유기간과세),20231019,채권,0.2254,20250827,20250829,25,2.5263,280,10,Y,iShares TIPS Bond ETF,100,설정현금액,0,원화현금,0,USD현금,0,,,2026-05-07 11:19:49,9월 6일 국내 ETF 1020개 데이터.xlsx / 국내 월배당 ETF 총정리.xlsx / 9월 1주 국내 월배당 ETF 분배금 지급현황.xlsx
360750,360750.KS,TIGER 미국S&P500,K55301D79199,해외주식,시장대표,해외시장지수(환노출),미국 S&P500,미국/테크,,,,Y,Y,2,0.7298307971,0.093866009961,3.026512362305,11.769195486696,8.112790267543,5.491127993141,23.7506146327,73.019933127491,0.0068,0.08,0.1183,22525,200,0.8958566629339306,91871.4736708,4551714,1024.81793889,0.004513970727,미래에셋운용,S&P 500,패시브,배당소득세(보유기간과세),20200807,,,,,,,,,,NVIDIA CORP,7.661949103403452,MICROSOFT CORP,6.917271876667539,APPLE INC,6.558533779030544,AMAZON.COM INC,3.9302644068763337,META PLATFORMS INC-CLASS A,2.9437312119918566,2026-05-07 11:19:49,9월 6일 국내 ETF 1020개 데이터.xlsx / 국내 월배당 ETF 총정리.xlsx / 9월 1주 국내 월배당 ETF 분배금 지급현황.xlsx
091160,091160.KS,KODEX 반도체,KR5105578185,국내주식,업종섹터,국내주식테마/섹터,반도체,,,,,Y,Y,1,0.966423227164,0.092660490599,3.16497894054,13.666685467006,18.588102405294,30.91603272205,20.494937117324,47.564769294216,0.45,0.46,0.4974,37620,375,1.0068465565847764,6908.47333667,583360,220.20442913,-0.141902733944,삼성운용,KRX 반도체,패시브,비과세,20060627,,,,,,,,,,SK하이닉스,27.863964961435475,삼성전자,18.826957794856057,한미반도체,6.3142484282032125,리노공업,4.130938392031446,이오테크닉스,3.056781140316363,2026-05-07 11:19:49,9월 6일 국내 ETF 1020개 데이터.xlsx / 국내 월배당 ETF 총정리.xlsx / 9월 1주 국내 월배당 ETF 분배금 지급현황.xlsx
490490,490490.KS,SOL 미국배당미국채혼합50,K55210EE0519,자산배분,주식+채권,,,"월배당, 배당, 채권",Y,Y,Y,Y,Y,4,0.273768190553,0.0918427723,2.521370221897,6.564696402981,-2.556865054904,-0.80825627017,,,0.15,0.21,0.3871,10215,35,0.343811394891945,2927.59906415,146324,14.9510503,0.013944457127,신한자산운용,KRX 다우존스미국배당국채혼합지수(PR),패시브,배당소득세(보유기간과세),20240924,자산배분,0.2412,20250812,20250814,24,2.7426,279,10,Y,T 4 5/8 02/15/35,25.18110539965085,T 4 1/4 11/15/34,14.705876595692455,T 3 7/8 08/15/34,9.547849867070752,CHEVRON,2.216141869529442,ABBV,2.178240871395737,2026-05-07 11:19:49,9월 6일 국내 ETF 1020개 데이터.xlsx / 국내 월배당 ETF 총정리.xlsx / 9월 1주 국내 월배당 ETF 분배금 지급현황.xlsx
0026S0,0026S0.KS,1Q 미국S&P500,K55102EI0342,해외주식,시장대표,,,미국/테크,,,,Y,Y,2,0.729772375277,0.089734597819,2.997889861841,11.627218537202,,,,,0.0055,0.01,0.01,11065,100,0.9119927040583675,1081.06549868,100310,11.09390401,0.007976544606,하나운용,S&P 500,패시브,배당소득세(보유기간과세),20250318,,,,,,,,,,NVIDIA CORP,7.669045783122684,MICROSOFT CORP,6.898967476809204,APPLE INC,6.572543781486952,AMAZON.COM INC,3.9292436142398497,Meta Platforms Inc,2.942690580451485,2026-05-07 11:19:49,9월 6일 국내 ETF 1020개 데이터.xlsx / 국내 월배당 ETF 총정리.xlsx / 9월 1주 국내 월배당 ETF 분배금 지급현황.xlsx
0025N0,0025N0.KS,TIGER TDF2045,K55301EH7354,자산배분,주식+채권,,,채권,,,,Y,Y,3,0.579978326977,0.088899419588,2.369587306832,9.215657334324,,,,,0.19,0.24,0.3137,10780,85,0.7947639083683965,1705.99186071,209410,22.53605136,0.124962116388,미래에셋운용,S&P 500 and Korea Target Date 2045 (KRW) TR 지수,패시브,배당소득세(보유기간과세),20250325,,,,,,,,,,TIGER 단기통안채,9.587166767635946,TIGER 국채3년,9.303843389142482,NVIDIA CORP,5.939685274236617,MICROSOFT CORP,5.344652943780581,APPLE INC,5.096400850576377,2026-05-07 11:19:49,9월 6일 국내 ETF 1020개 데이터.xlsx / 국내 월배당 ETF 총정리.xlsx / 9월 1주 국내 월배당 ETF 분배금 지급현황.xlsx
379780,379780.KS,RISE 미국S&P500,K55223DG4176,해외주식,시장대표,해외시장지수(환노출),미국 S&P500,미국/테크,,,,Y,Y,2,0.734671100788,0.088620451155,3.021068008614,11.745280918021,8.074049275908,5.440551397122,23.651009528373,73.259774504794,0.0047,0.08,0.142,19690,175,0.8967460927491673,10880.77908866,395597,77.84394105,0.01690462575,KB운용,S&P 500,패시브,배당소득세(보유기간과세),20210409,,,,,,,,,,NVIDIA CORP,7.610445565205645,MICROSOFT CORP,6.869756696093715,APPLE INC,6.514382985319458,AMAZON.COM INC,3.9054518651461585,META PLATFORMS INC-CLASS A,2.9268732634431602,2026-05-07 11:19:49,9월 6일 국내 ETF 1020개 데이터.xlsx / 국내 월배당 ETF 총정리.xlsx / 9월 1주 국내 월배당 ETF 분배금 지급현황.xlsx
0057H0,0057H0.KS,PLUS 미국S&P500미국채혼합50액티브,K55213EK8776,자산배분,주식+채권,,,"채권, 미국/테크",,,,Y,Y,4,0.315299978079,0.088419387021,1.744282309291,7.586559470819,,,,,0.15,0.18,0.2621,10775,45,0.4193849021435228,118.29120399,8646,0.9316044,0.046362931828,한화운용,S&P 500 and U.S. Treasury Bill 0-3 Month 50/50 Blend Index,액티브,배당소득세(보유기간과세),20250610,,,,,,,,,,GLOBAL X 1-3 MONTH T-BILL,17.21587239541601,VANGUARD 0-3M T-BILL ETF,17.189882673194475,SPDR PORTFOLIO S&P 500 ETF,17.17432099160392,ISHARES CORE S&P 500 ETF,15.278080160130042,VANGUARD S&P 500 ETF,14.613415223951622,2026-05-07 11:19:49,9월 6일 국내 ETF 1020개 데이터.xlsx / 국내 월배당 ETF 총정리.xlsx / 9월 1주 국내 월배당 ETF 분배금 지급현황.xlsx
494210,494210.KS,SOL 미국500타겟데일리커버드콜액티브,K55210EC9637,해외주식,전략,,,"월배당, 커버드콜",Y,Y,Y,Y,Y,2,0.749694806723,0.086748637835,3.061817778643,11.881926341796,8.056700441167,5.154309043028,,,0.35,0.64,0.8325,10330,60,0.5842259006815969,93.1426895,98958,10.23584841,-0.279545666135,신한자산운용,KEDI 미국퀄리티500+월1%프리미엄 지수(NTR),액티브,배당소득세(보유기간과세),20241015,해외주식,1.0097,20250827,20250829,104,10.6014,1089,10,Y,VANGUARD S&P 500 ETF,22.734134021442554,NVIDIA,5.887703655167447,MICROSOFT,5.314101865083255,APPLE INC,5.037845610381226,Amazon.com Inc,3.0207873064226987,2026-05-07 11:19:49,9월 6일 국내 ETF 1020개 데이터.xlsx / 국내 월배당 ETF 총정리.xlsx / 9월 1주 국내 월배당 ETF 분배금 지급현황.xlsx
326240,326240.KS,RISE IT플러스,K55223CR0578,국내주식,전략,,,,,,,Y,Y,2,0.127329021308,0.085275774359,0.133256490321,15.741027715509,16.832815152382,22.868766310003,8.115123545039,10.816742055026,0.4,0.46,0.4721,17275,110,0.6408389163996504,1380.23086379,11164,1.92929695,-0.038425682338,KB운용,FnGuide IT플러스 지수,패시브,비과세,20190620,,,,,,,,,,삼성전자,26.34105262815276,SK하이닉스,10.107701415759689,NAVER,10.093316021067832,카카오,6.477350900796705,LG에너지솔루션,4.1822265658687385,2026-05-07 11:19:49,9월 6일 국내 ETF 1020개 데이터.xlsx / 국내 월배당 ETF 총정리.xlsx / 9월 1주 국내 월배당 ETF 분배금 지급현황.xlsx
091230,091230.KS,TIGER 반도체,KR5225578230,국내주식,업종섹터,국내주식테마/섹터,반도체,,,,,Y,Y,1,0.963388851609,0.084904223379,3.293062054047,13.920342764541,18.791689512911,31.333762192139,20.831953356286,49.837902297091,0.46,0.48,0.5252,39160,485,1.2540400775694893,2670.68911457,187500,73.60217219,0.073329464539,미래에셋운용,KRX 반도체,패시브,비과세,20060627,,,,,,,,,,SK하이닉스,27.84185125588866,삼성전자,18.808269900234418,한미반도체,6.3976370634849244,리노공업,4.12913659906939,이오테크닉스,3.059208755613468,2026-05-07 11:19:49,9월 6일 국내 ETF 1020개 데이터.xlsx / 국내 월배당 ETF 총정리.xlsx / 9월 1주 국내 월배당 ETF 분배금 지급현황.xlsx
483420,483420.KS,ACE 애플밸류체인액티브,K55101E42918,해외주식,업종섹터,,,,,,,Y,Y,2,0.580998127205,0.084808787673,7.459820477248,18.083663984156,15.172481578613,6.705538554504,22.921412844776,,0.45,0.59,0.8438,11665,110,0.9519688446559931,121.80639789,9792,1.14209274,0.101689497185,한국투자신탁운용,Bloomberg Top 30 Supply Chain Plus Apple Price Return Index,액티브,배당소득세(보유기간과세),20240611,,,,,,,,,,APPLE Inc,25.823014540032673,TAIWAN SEMICONDUCTOR-SP ADR,4.719132803163879,BROADCOM LTD,4.6987865609007295,SK하이닉스,3.4256214799993527,LG디스플레이,3.410682443586346,2026-05-07 11:19:49,9월 6일 국내 ETF 1020개 데이터.xlsx / 국내 월배당 ETF 총정리.xlsx / 9월 1주 국내 월배당 ETF 분배금 지급현황.xlsx
267440,267440.KS,RISE 미국장기국채선물(H),K55223BN1084,채권,해외채권,,,채권,,,,Y,,3,0.29825783645,0.084734158282,-0.468582508811,1.843678544196,-1.543461817097,2.805521360147,-6.233785884934,-11.977548722167,0.4,0.62,0.6799,8585,65,0.7629107981220657,76.96445171,1251,0.1073524,-0.055098460869,KB운용,S&P U.S. Treasury Bond Futures Excess Return Index,패시브,배당소득세(보유기간과세),20170420,,,,,,,,,,US LONG BOND(CBOT) DEC 2025,54.18453905386915,통화안정증권03340-2601-02,14.909063720999848,RISE 단기국공채액티브,10.095834419597093,RISE 머니마켓액티브,8.875420658424263,ISHARES 20+ YEAR TREASURY BD,2.2167962984624356,2026-05-07 11:19:49,9월 6일 국내 ETF 1020개 데이터.xlsx / 국내 월배당 ETF 총정리.xlsx / 9월 1주 국내 월배당 ETF 분배금 지급현황.xlsx
449770,449770.KS,KIWOOM 미국S&P500,K55206DZ1360,해외주식,시장대표,해외시장지수(환노출),미국 S&P500,미국/테크,,,,Y,Y,2,0.72899960659,0.083606207025,3.047477993494,11.650635386711,8.002993665367,5.270663797597,23.787960344331,,0.021,0.09,0.1903,18115,150,0.8349568605622043,704.96248481,1522,0.2757237,-0.006791503286,키움투자운용,S&P 500,패시브,배당소득세(보유기간과세),20221220,,,,,,,,,,NVIDIA CORP,7.6389755293593256,MICROSOFT CORP,6.895374993908203,APPLE INC,6.538769049511559,AMAZON.COM INC,3.9199871067656136,META PLATFORMS INC-CLASS A,2.9379076195766265,2026-05-07 11:19:49,9월 6일 국내 ETF 1020개 데이터.xlsx / 국내 월배당 ETF 총정리.xlsx / 9월 1주 국내 월배당 ETF 분배금 지급현황.xlsx
407170,407170.KS,KCGI 스마트커머스액티브,K55365DO2525,국내주식,업종섹터,,,,,,,Y,Y,2,-0.050465557454,0.083200875592,0.077070937219,7.845298519716,15.873216614422,22.583888087362,23.675658766584,25.804361189769,0.445,0.65,0.6986,9765,5,0.05122950819672131,24.50929018,215,0.0210131,-0.269533764829,KCGI운용,FnGuide 스마트커머스 지수,액티브,배당소득세(보유기간과세),20211116,,,,,,,,,,삼양식품,12.509433435804663,휴젤,6.65091070098457,카카오,6.463802233951248,KT,5.742275073342027,KT&G,5.655799635171273,2026-05-07 11:19:49,9월 6일 국내 ETF 1020개 데이터.xlsx / 국내 월배당 ETF 총정리.xlsx / 9월 1주 국내 월배당 ETF 분배금 지급현황.xlsx
304660,304660.KS,KODEX 미국30년국채울트라선물(H),K55105CD0072,채권,해외채권,장기채권,미국,채권,,,,Y,,2,0.366725904619,0.081513419229,-0.981929764746,1.089085449363,-4.245163384768,0.393014029378,-10.994022591798,-19.969645164265,0.3,0.35,0.4176,7585,75,0.9986684420772304,2808.94390423,146825,11.12368318,-0.020565632981,삼성운용,S&P Ultra T-Bond Futures Excess Return Index,패시브,배당소득세(보유기간과세),20180912,,,,,,,,,,US ULT30YR NOTE (CBT) 2025 12,94.315177415848,ISHARES 20+ YEAR TREASURY BOND ETF,5.684822584152003,설정현금액,0,2025-09 달러선물,0,원화현금,0,2026-05-07 11:19:49,9월 6일 국내 ETF 1020개 데이터.xlsx / 국내 월배당 ETF 총정리.xlsx / 9월 1주 국내 월배당 ETF 분배금 지급현황.xlsx
234310,234310.KS,RISE V&S셀렉트밸류,K55223B91129,국내주식,전략,,,,,,,Y,Y,2,-0.218880998484,0.079160359329,0.616539801521,12.654918291944,22.254427749893,27.090082521036,17.422391507873,34.746775600297,0.3,0.66,0.699,16295,80,0.4933703361085415,81.41825636,6,0.0009778,-0.167271842183,KB운용,FnGuide 셀렉트 밸류 지수,패시브,비과세,20160202,,,,,,,,,,삼성전자,28.154893920666947,메리츠금융지주,8.299680372416203,현대모비스,3.714559681314526,신한지주,3.5945919922011385,기업은행,3.1703921617377997,2026-05-07 11:19:49,9월 6일 국내 ETF 1020개 데이터.xlsx / 국내 월배당 ETF 총정리.xlsx / 9월 1주 국내 월배당 ETF 분배금 지급현황.xlsx
491620,491620.KS,RISE 미국테크100데일리고정커버드콜,K55223ED9417,해외주식,전략,,,"월배당, 커버드콜, 미국/테크",Y,Y,Y,Y,Y,2,0.710347143476,0.078442979493,3.056286941946,14.02943487804,13.918315638259,8.674428202447,,,0.25,0.43,0.9011,10385,95,0.923226433430515,1107.11093944,276588,28.6925614,0.148264077305,KB운용,KEDI 미국 테크100 90%참여+데일리옵션 프리미엄 지수(TR),패시브,배당소득세(보유기간과세),20241002,해외주식,1.3385,20250827,20250829,138,19.2625,1979,11,Y,INVESCO NASDAQ 100 ETF,15.951592909896297,NVIDIA CORP,8.936960691616052,APPLE INC,8.343791898534462,MICROSOFT CORP,7.4694119333894236,ALPHABET INC-CL A,6.422349046145378,2026-05-07 11:19:49,9월 6일 국내 ETF 1020개 데이터.xlsx / 국내 월배당 ETF 총정리.xlsx / 9월 1주 국내 월배당 ETF 분배금 지급현황.xlsx
104520,104520.KS,KIWOOM 블루칩,KR5206853859,국내주식,규모,,,,,,,Y,Y,2,-0.080972673388,0.07840164793,-0.291598130768,11.382125020966,22.804363796598,33.439326235961,26.828448935701,37.714614999704,0.4,0.47,0.5126,10375,-10,-0.09629272989889263,124.53368338,1059,0.10976715,-0.181530802873,키움투자운용,MF 블루칩,패시브,비과세,20080729,,,,,,,,,,LG디스플레이,3.108575936226783,한국전력,3.091662298919346,LG화학,3.0595148033521284,삼성생명,2.9056315963426846,LG에너지솔루션,2.744701040455142,2026-05-07 11:19:49,9월 6일 국내 ETF 1020개 데이터.xlsx / 국내 월배당 ETF 총정리.xlsx / 9월 1주 국내 월배당 ETF 분배금 지급현황.xlsx
483030,483030.KS,KIWOOM 미국블록버스터바이오테크의약품+,K55206EB3249,해외주식,업종섹터,,,미국/테크,,,,Y,Y,2,-1.115460626341,0.076927515075,3.61349557533,5.336602422591,-9.703994169035,-1.581933345042,-9.305605400087,,0.49,0.77,0.919,9360,-80,-0.847457627118644,37.4666229,6925,0.64938315,0.007260713763,키움투자운용,Solactive Blockbuster Biotech Drugs Index,패시브,배당소득세(보유기간과세),20240528,,,,,,,,,,NOVO-NORDISK A/S-SPONS ADR,11.278493171613434,MERCK & CO. INC.,9.796737384463997,SANOFI-ADR,9.5282857735398,JOHNSON & JOHNSON,9.297446505651754,ELI LILLY & CO,9.15694696768872,2026-05-07 11:19:49,9월 6일 국내 ETF 1020개 데이터.xlsx / 국내 월배당 ETF 총정리.xlsx / 9월 1주 국내 월배당 ETF 분배금 지급현황.xlsx
244660,244660.KS,KODEX 퀄리티Plus,K55105BD0578,국내주식,전략,,,,,,,Y,Y,2,0.088447301773,0.075872016861,-1.819689800411,0.269628053809,8.987731948484,12.846251337122,9.365091360385,22.261686757883,0.3,0.35,0.4286,8910,0,0,44.68651489,0,0,-0.026438577552,삼성운용,FnGuide 퀄리티 Plus 지수,패시브,비과세,20160513,,,,,,,,,,하이트진로,4.25754716063991,오리온,3.5167471789045033,이노션,3.434538443079139,한섬,3.3341689926754983,금호타이어,3.2261723583016853,2026-05-07 11:19:49,9월 6일 국내 ETF 1020개 데이터.xlsx / 국내 월배당 ETF 총정리.xlsx / 9월 1주 국내 월배당 ETF 분배금 지급현황.xlsx
432840,432840.KS,HANARO 미국S&P500,K55232DU0555,해외주식,시장대표,해외시장지수(환노출),미국 S&P500,"월배당, 미국/테크",Y,Y,Y,Y,Y,2,0.728711147685,0.075638619219,2.98780703937,11.600866234683,7.943715713153,5.104113102589,23.030883750716,70.331884317385,0.045,0.65,0.667,16915,125,0.7444907683144729,135.16541002,1248,0.21117275,-0.030591399613,NH-Amundi운용,S&P 500,패시브,배당소득세(보유기간과세),20220608,해외주식,0.0533,20250827,20250829,9,0.7571,127,12,Y,NVIDIA CORP,7.6030966095989845,MICROSOFT CORP,6.864732189586205,APPLE INC,6.51051391875349,AMAZON.COM INC,3.901615090286156,META PLATFORMS INC-CLASS A,2.921518191019172,2026-05-07 11:19:49,9월 6일 국내 ETF 1020개 데이터.xlsx / 국내 월배당 ETF 총정리.xlsx / 9월 1주 국내 월배당 ETF 분배금 지급현황.xlsx
0089C0,0089C0.KS,KODEX 미국S&P500변동성확대시커버드콜,K55105EH3997,해외주식,전략,,,"월배당, 커버드콜, 미국/테크",Y,Y,,Y,Y,1,0.744024626502,0.071918734781,,,,,,,0.39,,,10195,95,0.9405940594059405,839.15398036,428097,43.61664503,-0.095056184645,삼성운용,Cboe S&P500 Volatility Contingent Daily Covered Call Index (Total Return),패시브,배당소득세(보유기간과세),20250812,,,,,,,,,,NVIDIA Corp,7.323712692582421,MICROSOFT,6.611254894061759,APPLE Inc,6.269111171200767,Amazon.com Inc,3.7581512625063374,VANGUARD S&P 500 ETF,3.7533547572885357,2026-05-07 11:19:49,9월 6일 국내 ETF 1020개 데이터.xlsx / 국내 월배당 ETF 총정리.xlsx / 9월 1주 국내 월배당 ETF 분배금 지급현황.xlsx
481060,481060.KS,KODEX 미국30년국채타겟커버드콜(합성 H),K55105EA0792,채권,해외채권,,,"월배당, 커버드콜, 채권",Y,Y,Y,Y,Y,3,0.421777156756,0.064658036339,-0.530257400092,2.001033117376,-2.813216957126,1.418504584786,-8.868041939158,,0.25,0.32,0.3202,8585,50,0.5858230814294083,7865.05378347,901119,77.30207053,-0.02207779112,삼성운용,Bloomberg U.S.Treasury 20+ Year(TLT)+ 12% Premium Covered Call index(Total Return),패시브,배당소득세(보유기간과세),20240430,채권,1.0158,20250812,20250814,87,13.2259,1129,12,Y,스왑(하나금융투자),34.25718901580808,스왑(삼성증권),18.046517552429144,스왑(메리츠증권),10.465805867073575,설정현금액,0,원화현금,0,2026-05-07 11:19:49,9월 6일 국내 ETF 1020개 데이터.xlsx / 국내 월배당 ETF 총정리.xlsx / 9월 1주 국내 월배당 ETF 분배금 지급현황.xlsx
433880,433880.KS,PLUS TDF2060액티브,K55213DU6050,자산배분,주식+채권,,,채권,,,,Y,Y,2,0.524112693025,0.062437508037,2.257930037667,9.577639782657,8.188301761943,7.495691661474,21.094379366355,53.02530693214,0.2,0.36,0.4633,16070,100,0.6261740763932373,168.44145219,6893,1.10660995,0.251514036936,한화운용,Morningstar Korea Lifetime Allocation Moderate 2060 Index (Gross Return),액티브,배당소득세(보유기간과세),20220630,,,,,,,,,,PLUS 미국S&P500성장주,24.09521369657972,ISHARES MSCI WORLD ETF,17.70469500236292,KODEX MSCI선진국,15.863295254078501,ISHARES CORE MSCI EMERGING,13.454302701315969,PLUS 미국S&P500,10.164169943096462,2026-05-07 11:19:49,9월 6일 국내 ETF 1020개 데이터.xlsx / 국내 월배당 ETF 총정리.xlsx / 9월 1주 국내 월배당 ETF 분배금 지급현황.xlsx
322410,322410.KS,HANARO K고배당,K55232CN9895,국내주식,전략,배당,국내,배당,,,,Y,Y,3,-0.126902734707,0.059633480287,-0.188127568353,12.876700890894,30.821324011585,34.039627178719,32.856926201873,90.24322314482,0.07,0.36,0.3973,17035,50,0.2943773918163085,195.85406231,16026,2.72675465,-0.023046313691,NH-Amundi운용,FnGuide 고배당 알파 지수,패시브,비과세,20190423,,,,,,,,,,현대차,10.299555972311495,기아,10.291766778946316,우리금융지주,10.029353575196678,기업은행,9.096116155944797,SK텔레콤,7.2108929650472104,2026-05-07 11:19:49,9월 6일 국내 ETF 1020개 데이터.xlsx / 국내 월배당 ETF 총정리.xlsx / 9월 1주 국내 월배당 ETF 분배금 지급현황.xlsx
471760,471760.KS,TIGER AI반도체핵심공정,K55301E68273,국내주식,업종섹터,국내주식테마/섹터,반도체,미국/테크,,,,Y,Y,2,0.584204840347,0.05830455259,-0.270453159005,7.977883191449,6.745518768502,6.977769501999,3.025405235009,,0.45,0.52,0.6631,8970,60,0.6734006734006734,821.24605575,276495,24.9200836,-0.087491272677,미래에셋운용,iSelect AI반도체핵심공정 지수,패시브,비과세,20231121,,,,,,,,,,한미반도체,22.076009016170044,리노공업,19.171878137780908,한화비전,16.069451697637252,HPSP,10.808229189579784,이오테크닉스,10.474530315134674,2026-05-07 11:19:49,9월 6일 국내 ETF 1020개 데이터.xlsx / 국내 월배당 ETF 총정리.xlsx / 9월 1주 국내 월배당 ETF 분배금 지급현황.xlsx
482730,482730.KS,TIGER 미국S&P500타겟데일리커버드콜,K55301EB0231,해외주식,전략,,,"월배당, 커버드콜, 미국/테크",Y,Y,Y,Y,Y,2,0.660710911534,0.056888625636,2.912751202622,11.543667565937,7.81915420786,5.108830823819,23.184495667469,,0.25,0.35,0.4735,11105,90,0.817067635043123,3484.84075331,499211,55.38137917,0.024800171581,미래에셋운용,S&P500 10% Daily Premium Covered Call Index(TR),패시브,배당소득세(보유기간과세),20240521,해외주식,0.8397,20250827,20250829,93,9.8748,1087,12,Y,NVIDIA CORP,6.893510123280799,MICROSOFT CORP,6.222760889598174,APPLE INC,5.900887420520535,S&P500 EMINI FUT SEP25,4.937676987886566,VANGUARD S&P 500 ETF,4.6514078458039165,2026-05-07 11:19:49,9월 6일 국내 ETF 1020개 데이터.xlsx / 국내 월배당 ETF 총정리.xlsx / 9월 1주 국내 월배당 ETF 분배금 지급현황.xlsx
479080,479080.KS,1Q 머니마켓액티브,K55102EA1314,채권,국내채권,초단기금리,단기금리형(파킹형),"채권, 금리형",,,,Y,Y,5,0.021644626774,0.053491986942,0.243857334128,0.66397026583,1.500597809318,2.149948104133,3.36873412056,,0.05,0.06,0.0607,52635,0,0,10501.56524613,178280,93.83894716,0.010397490003,하나운용,KIS-하나 MMF지수,액티브,배당소득세(보유기간과세),20240402,,,,,,,,,,전자단기사채(에스디비제이차 20250731-92-,6.090705436179966,전자단기사채(키스비케이제십삼차 20250710,4.88270788177614,전자단기사채(뉴스타그린에너지제일차 2025,4.87812580567663,한국수출입금융(변)2503라-이표-1,3.6779415757109306,전자단기사채(키스비케이제십삼차 20250811,3.6509628485513903,2026-05-07 11:19:49,9월 6일 국내 ETF 1020개 데이터.xlsx / 국내 월배당 ETF 총정리.xlsx / 9월 1주 국내 월배당 ETF 분배금 지급현황.xlsx
488770,488770.KS,KODEX 머니마켓액티브,K55105EC8033,채권,국내채권,초단기금리,단기금리형(파킹형),"채권, 금리형",,,,Y,Y,5,0.02237334301,0.052641499715,0.242947824932,0.675984322514,1.503130195993,2.111147712901,3.339981346241,,0.05,0.06,0.062,103720,25,0.024109166305029173,78871.34231082,577925,599.40271762,0.002407041012,삼성운용,KAP MMF 지수(TR),액티브,배당소득세(보유기간과세),20240806,,,,,,,,,,농협은행(CD),2.4434542261554566,코렌트제일차 20250808-31-1(단),1.7349338857789864,웜워터제이차 20250829-31-1(단),1.7221204166100519,세이브노들 20250724-92-1(단),1.7187432147104924,필릭스대신글로벌 20250725-62-1(단),1.693901265354133,2026-05-07 11:19:49,9월 6일 국내 ETF 1020개 데이터.xlsx / 국내 월배당 ETF 총정리.xlsx / 9월 1주 국내 월배당 ETF 분배금 지급현황.xlsx
486830,486830.KS,HANARO 머니마켓액티브,K55232EC9151,채권,국내채권,초단기금리,단기금리형(파킹형),"채권, 금리형",,,,Y,Y,5,0.020767492619,0.052638013541,0.251385698313,0.67241522609,1.515475316073,2.154349084601,3.380583735066,,0.04,0.06,0.0626,51970,0,0,757.67868516,989,0.51394065,0.010629886764,NH-Amundi운용,KIS-NH-Amundi MMF지수,액티브,배당소득세(보유기간과세),20240716,,,,,,,,,,케이비증권 20240910-364-66,6.721066690975584,현대차증권 20250613-91-15(단),6.719638542082485,미래에셋캐피탈 20210913-1460-33,6.719558165823574,아이엠증권 20250109-279-10,6.7035034982051345,한양증권 20241218-364-5,6.670951113345963,2026-05-07 11:19:49,9월 6일 국내 ETF 1020개 데이터.xlsx / 국내 월배당 ETF 총정리.xlsx / 9월 1주 국내 월배당 ETF 분배금 지급현황.xlsx
435540,435540.KS,KIWOOM TDF2040액티브,K55206DU2538,자산배분,주식+채권,,,채권,,,,Y,Y,2,0.39916850087,0.052009087964,2.207717637859,8.457027438118,4.608894009639,4.195962248881,15.668374936703,42.144442935685,0.34,0.66,0.763,14855,80,0.5414551607445008,73.87166236,41,0.00608985,0.144534276803,키움투자운용,Dow Jones Target 2040 Index (Total Return),액티브,배당소득세(보유기간과세),20220630,,,,,,,,,,SPDR S&P 500 ETF TRUST,12.854031816948302,SPDR PORTFOLIO S&P 500 GROWT,12.768010800594785,VANGUARD S&P 500 ETF,12.6423816782848,ISHARES MSCI WORLD ETF,10.460059743444146,SPDR PORT S&P 500 VALUE,7.310524371634027,2026-05-07 11:19:49,9월 6일 국내 ETF 1020개 데이터.xlsx / 국내 월배당 ETF 총정리.xlsx / 9월 1주 국내 월배당 ETF 분배금 지급현황.xlsx
496020,496020.KS,WON 전단채플러스액티브,K55107EG2030,채권,국내채권,,,채권,,,,Y,Y,5,0.022321268407,0.051969073067,0.252104204951,0.722837356127,1.663421558704,2.40752598793,,,0.05,0.06,0.0602,51590,10,0.019387359441644048,1636.01233297,3211,1.65632431,0.00978187806,우리운용,KIS 전단채플러스 TR 지수,액티브,배당소득세(보유기간과세),20241119,,,,,,,,,,와이케이주피터제일차 20250829-31-1(단),8.033029368353757,뉴스타금강제일차 20250828-19-4(단),6.381696431460145,유니버스울산역 20250811-92-1(단),6.354187763924676,뉴스타솔루션제이차 20250828-15-1(단),5.553784419401302,페일브라운제일차 20250828-29-2(단),4.910124265411001,2026-05-07 11:19:49,9월 6일 국내 ETF 1020개 데이터.xlsx / 국내 월배당 ETF 총정리.xlsx / 9월 1주 국내 월배당 ETF 분배금 지급현황.xlsx
455890,455890.KS,RISE 머니마켓액티브,K55223E22581,채권,국내채권,초단기금리,단기금리형(파킹형),"채권, 금리형",,,,Y,Y,5,0.020997796238,0.051475842246,0.241447289267,0.666037030747,1.517553764422,2.160953438221,3.384563042509,,0.05,0.06,0.0613,54640,5,0.009151642719868217,26438.48237379,174713,95.45984873,0.01417791094,KB운용,KIS 시가평가 MMF 지수 (총수익지수),액티브,배당소득세(보유기간과세),20230509,,,,,,,,,,아이엠증권 20250826-14-12(단),3.834623580470538,키스아이비제십육차 20250828-92-1(단),2.5727305214911627,에스디비제이차 20250731-92-1(단),1.9099082752050291,피씨씨제이차 20250829-67-1(단),1.9091992453732394,롯데카드 20250814-92-14(단),1.9080781615554354,2026-05-07 11:19:49,9월 6일 국내 ETF 1020개 데이터.xlsx / 국내 월배당 ETF 총정리.xlsx / 9월 1주 국내 월배당 ETF 분배금 지급현황.xlsx
477050,477050.KS,PLUS 머니마켓액티브,K55213E90027,채권,국내채권,초단기금리,단기금리형(파킹형),"채권, 금리형",,,,Y,Y,5,0.022080399256,0.051149417313,0.255393032811,0.712194048625,1.580674046574,2.236729760084,3.455244325757,,0.05,0.07,0.0726,52645,5,0.009498480243161094,3543.55491183,18617,9.800739,0.014635990334,한화운용,KAP 시가평가 MMF 지수,액티브,배당소득세(보유기간과세),20240326,,,,,,,,,,우리금융에프앤아이3-2,5.7974611952431125,위드문스타 20250731-77-3(단),5.707838784535452,케이비캐피탈503-7,2.9453224763902264,롯데캐피탈458-1,2.9219289757595424,아이엠캐피탈108-3,2.9194236993100913,2026-05-07 11:19:49,9월 6일 국내 ETF 1020개 데이터.xlsx / 국내 월배당 ETF 총정리.xlsx / 9월 1주 국내 월배당 ETF 분배금 지급현황.xlsx
357870,357870.KS,TIGER CD금리투자KIS(합성),K55301D61007,금리,,초단기금리,단기금리형(파킹형),금리형,,,,Y,Y,6,0.015667942999,0.050898903867,0.223781553617,0.620354576547,1.322997577393,1.829148492884,2.94090796853,10.45065445018,0.03,0.05,0.0577,56500,5,0.008850340738118417,46785.75041322,328941,185.85290301,0.011800799354,미래에셋운용,KIS CD Index(총수익),패시브,배당소득세(보유기간과세),20200707,,,,,,,,,,CD금리투자KIS TRS 15,28.83576038514853,CD금리투자KIS TRS 20,23.24063094501062,CD금리투자KIS TRS 19,21.335589703246157,CD금리투자KIS TRS 3,16.602633990746458,KIS CD Total Return Index TRS 230407-01,9.985384975848238,2026-05-07 11:19:49,9월 6일 국내 ETF 1020개 데이터.xlsx / 국내 월배당 ETF 총정리.xlsx / 9월 1주 국내 월배당 ETF 분배금 지급현황.xlsx
373530,373530.KS,PLUS 신흥국MSCI인버스(합성 H),K55213DD3702,레버리지/인버스,1X 인버스,,,인버스,,,,,,1,0.425533704647,0.050806460906,-1.834144797131,-7.049567698592,-13.701338364201,-14.743164013646,-13.749033716994,-15.30865598831,0.5,0.64,0.64,9530,-55,-0.5738132498695879,49.66456795,571,0.0540789,0.087497290023,한화운용,MSCI EM Index,패시브,배당소득세(보유기간과세),20201216,,,,,,,,,,스왑(키움증권)_231030_2,51.21097904046723,스왑(미래에셋증권_231030),39.25740352978339,스왑(NH투자증권)_6280_240716,9.531617429749385,설정현금액,0,원화현금,0,2026-05-07 11:19:49,9월 6일 국내 ETF 1020개 데이터.xlsx / 국내 월배당 ETF 총정리.xlsx / 9월 1주 국내 월배당 ETF 분배금 지급현황.xlsx
497880,497880.KS,SOL CD금리&머니마켓액티브,K55210EF7273,채권,국내채권,초단기금리,단기금리형(파킹형),"월배당, 채권, 금리형",Y,Y,Y,Y,Y,5,0.022188027307,0.050527054871,0.251848161108,0.718063461589,1.582253457366,2.175206629004,,,0.05,0.07,0.071,50045,5,0.009992006394884092,924.70372532,23048,11.53401607,0.025115092695,신한자산운용,KAP CD&단기자금시장지수,액티브,배당소득세(보유기간과세),20241126,채권,0.23,20250827,20250829,115,2.4887,1245,9,Y,디알제팔차 20250825-51-1(단),7.73253073492361,한화솔루션285-2,5.603912574083273,산은캐피탈747-1,5.602993218152914,현대건설307-1,5.60246187547156,SK렌터카56-1,5.598788546876766,2026-05-07 11:19:49,9월 6일 국내 ETF 1020개 데이터.xlsx / 국내 월배당 ETF 총정리.xlsx / 9월 1주 국내 월배당 ETF 분배금 지급현황.xlsx
0043B0,0043B0.KS,TIGER 머니마켓액티브,K55301EI2420,채권,국내채권,,,채권,,,,Y,Y,5,0.016438050548,0.050340042751,0.236854900005,0.669460598937,,,,,0.04,0.04,0.0404,101135,5,0.004944131316127756,20696.94744088,118723,120.07317021,0.011895309195,미래에셋운용,KIS-미래에셋 MMF지수,액티브,배당소득세(보유기간과세),20250422,,,,,,,,,,컬티베이션제십차 20250808-91-2(단),3.766368563031393,에스디비제이차 20250605-92-1(단),3.0415567136967967,큐브에스엔 20250829-92-1(단),3.0025594156806497,국민은행4505이(01)1변-23,2.2857907453512967,키스비케이제십삼차 20250610-92-1(단),2.2794805845961945,2026-05-07 11:19:49,9월 6일 국내 ETF 1020개 데이터.xlsx / 국내 월배당 ETF 총정리.xlsx / 9월 1주 국내 월배당 ETF 분배금 지급현황.xlsx
499660,499660.KS,TIGER CD금리플러스액티브(합성),K55301EF8008,금리,,,,"월배당, 금리형",Y,Y,Y,Y,Y,4,0.017908526643,0.050316498828,0.235926189308,0.645661897639,1.382159563701,1.90896329569,,,0.0098,0.02,0.0233,1000755,95,0.00949373413547059,4087.66472655,6516,65.20900867,0.02043198488,미래에셋운용,KIS CD+CPI연동금리 월분배 지수,액티브,배당소득세(보유기간과세),20241217,금리,0.208,20250827,20250829,2080,2.0281,20291,9,Y,KIS CD PLUS CPI LINKED RATE MONTHLY DIST,40.993114150496964,하나은행47-01이2갑-24,13.864429434075891,신한은행28-12-이-1-B,13.861954789592597,국민은행4412이표일(03)1-13,13.861721073169175,부산은행2025-01이1A-09,13.827117294477786,2026-05-07 11:19:49,9월 6일 국내 ETF 1020개 데이터.xlsx / 국내 월배당 ETF 총정리.xlsx / 9월 1주 국내 월배당 ETF 분배금 지급현황.xlsx
458030,458030.KS,WON 국공채머니마켓액티브,K55107E28500,채권,국내채권,,,채권,,,,Y,Y,5,0.018526415642,0.050133113106,0.218323615764,0.641994371503,1.465270240668,2.083155984618,3.267634281731,,0.065,0.08,0.0837,54210,5,0.00922424130615257,385.92486196,22819,12.36927166,0.004720039798,우리운용,KAP 단기 국공채 총수익 지수,액티브,배당소득세(보유기간과세),20230531,,,,,,,,,,한국전력975,27.308636521156522,한국수출입금융2502마-할인-273,27.179720221988045,부산 금융시장지원부 20250103-364-1,13.536319674865501,국고채이자03330-2603,13.488593300788319,국민행복제8차 20240912-364-47,5.456866811589161,2026-05-07 11:19:49,9월 6일 국내 ETF 1020개 데이터.xlsx / 국내 월배당 ETF 총정리.xlsx / 9월 1주 국내 월배당 ETF 분배금 지급현황.xlsx
469830,469830.KS,SOL 초단기채권액티브,K55210E67161,채권,국내채권,,,채권,,,,Y,Y,5,0.021479342602,0.049261276847,0.248105170314,0.710241978892,1.594952199109,2.225183139847,3.48391610965,,0.05,0.06,0.0642,53605,5,0.009328358208955223,9507.19172614,152127,81.55338013,0.015473219936,신한자산운용,KAP 단기자금시장 지수,액티브,배당소득세(보유기간과세),20231107,,,,,,,,,,한국항공우주산업26-2,3.5836384884015446,한양증권 20250819-21-2(단),2.2867440104607164,알파비전제오차 20250714-63-1(단),2.2372884285376053,디알제팔차 20250825-51-1(단),2.121260346561436,트루프렌드상생제일차 20250811-30-2(단),1.9247803665088807,2026-05-07 11:19:49,9월 6일 국내 ETF 1020개 데이터.xlsx / 국내 월배당 ETF 총정리.xlsx / 9월 1주 국내 월배당 ETF 분배금 지급현황.xlsx
449170,449170.KS,TIGER KOFR금리액티브(합성),K55301DY1209,금리,,초단기금리,단기금리형(파킹형),금리형,,,,Y,Y,4,0.008557074685,0.049182097789,0.213469337549,0.633037525375,1.343917906136,1.869905402911,2.981017896926,,0.03,0.04,0.0409,109645,20,0.018244013683010263,26722.50110788,195396,214.24236353,0.010491582021,미래에셋운용,KOFR 지수,액티브,배당소득세(보유기간과세),20221130,,,,,,,,,,KOFR Index TRS 230614-03,72.3608841607589,삼성카드2631,25.454136332074828,설정현금액,0,원화현금,0,KOFR Index TRS 230306-07,0.09409585942662732,2026-05-07 11:19:49,9월 6일 국내 ETF 1020개 데이터.xlsx / 국내 월배당 ETF 총정리.xlsx / 9월 1주 국내 월배당 ETF 분배금 지급현황.xlsx
487340,487340.KS,ACE 머니마켓액티브,K55101EC8482,채권,국내채권,,,채권,,,,Y,Y,5,0.020219256306,0.04894215122,0.238786767958,0.671814505819,1.485701141126,2.099907184728,3.371034708139,,0.05,0.07,0.0753,104045,5,0.004805843906189927,4664.74044661,13136,13.66720969,0.006859174406,한국투자신탁운용,MK-KAP CD 금리 & 초단기 채권 총수익 지수,액티브,배당소득세(보유기간과세),20240709,,,,,,,,,,국민은행(CD),4.623491944376561,하나캐피탈407-1,3.7426706591032355,현대차증권 20250610-92-10(단),3.707208761632061,미래에셋캐피탈73-2(지),1.9077014218482338,케이비캐피탈504-2,1.8905379333134407,2026-05-07 11:19:49,9월 6일 국내 ETF 1020개 데이터.xlsx / 국내 월배당 ETF 총정리.xlsx / 9월 1주 국내 월배당 ETF 분배금 지급현황.xlsx
475630,475630.KS,TIGER CD1년금리액티브(합성),K55301E85343,금리,,,,금리형,,,,Y,Y,4,0.02017678191,0.04873146149,0.23102074322,0.64479100641,1.379574750491,1.896647448528,3.025905020782,,0.0098,0.03,0.0327,1052540,90,0.008551475129459831,9939.44527351,13282,139.79804466,0.009861911748,미래에셋운용,KIS CD 1Y 총수익지수,액티브,배당소득세(보유기간과세),20240206,,,,,,,,,,KIS CD 1Y TR Index TRS 240205-07,62.01040414994279,농업금융채권(은행)2025-01이1Y-B,11.011167548457596,부산은행2025-02이1A-20,6.59018562835496,산업금융채권25신할0100-0102-1,6.519750553218166,신한은행28-10-이-1-A,4.408011204692469,2026-05-07 11:19:49,9월 6일 국내 ETF 1020개 데이터.xlsx / 국내 월배당 ETF 총정리.xlsx / 9월 1주 국내 월배당 ETF 분배금 지급현황.xlsx
453060,453060.KS,HANARO KOFR금리액티브(합성),K55232E07666,금리,,초단기금리,단기금리형(파킹형),금리형,,,,Y,Y,2,0.007062384891,0.048536033837,0.214442307905,0.638310903776,1.346055833859,1.874245753472,2.980572150979,,0.05,0.08,0.08,108630,35,0.03222984483631843,119.47233241,1007,1.0937041,-0.002077620815,NH-Amundi운용,KOFR 지수,액티브,배당소득세(보유기간과세),20230314,,,,,,,,,,스왑(미래에셋증권)_230313,63.741284511672816,스왑(키움증권)_230313,36.258715488327184,설정현금액,0,원화현금,0,,,2026-05-07 11:19:49,9월 6일 국내 ETF 1020개 데이터.xlsx / 국내 월배당 ETF 총정리.xlsx / 9월 1주 국내 월배당 ETF 분배금 지급현황.xlsx
481050,481050.KS,KODEX CD1년금리플러스액티브(합성),K55105E94878,금리,,,,"월배당, 금리형",Y,Y,Y,Y,Y,4,0.018759417443,0.048456325995,0.224763281827,0.631974783412,1.347125060729,1.851280502113,2.944837941071,,0.05,0.07,0.0714,1022180,65,0.00635936269402171,24014.45696699,23726,242.52184611,0.034050919806,삼성운용,KAP 1년은행CD+추가금리 지수(총수익지수),액티브,배당소득세(보유기간과세),20240423,금리,0.2113,20250827,20250829,2159,2.0889,21347,9,Y,스왑(하나금융투자),36.365588445751065,국고03250-5403(24-2),10.302704255099965,물가00750-3406(24-6),8.086303328298541,국고02875-4409(24-10),7.552143632700807,국고02625-5509(25-7),6.0807227450146755,2026-05-07 11:19:49,9월 6일 국내 ETF 1020개 데이터.xlsx / 국내 월배당 ETF 총정리.xlsx / 9월 1주 국내 월배당 ETF 분배금 지급현황.xlsx
489870,489870.KS,KIWOOM 25-09 회사채(AA-이상)액티브,K55206ED4666,채권,국내채권,만기매칭채권,AA+미만,채권,,,,Y,Y,5,0.020557129172,0.048192873728,0.231513002943,0.662223659306,1.525050913001,2.301244585094,,,0.05,0.07,0.0751,51675,10,0.019355463079454176,671.72985004,5002,2.5845335,0.00258425392,키움투자운용,KIS 2509 만기형 크레딧 종합채권 지수(AA-이상) (총수익지수),액티브,배당소득세(보유기간과세),20240924,,,,,,,,,,산은캐피탈697-2,15.417943843627432,롯데케미칼61-1,15.40685867715051,JB 우리캐피탈488-2(지),15.401681508506986,하나캐피탈403-3,15.397220025924126,한국투자금융지주36-1,15.396215135788054,2026-05-07 11:19:49,9월 6일 국내 ETF 1020개 데이터.xlsx / 국내 월배당 ETF 총정리.xlsx / 9월 1주 국내 월배당 ETF 분배금 지급현황.xlsx
468820,468820.KS,WON 25-09 회사채(AA-이상)액티브,K55107E65742,채권,국내채권,만기매칭채권,AA+미만,채권,,,,Y,Y,5,0.019844331838,0.048072068512,0.222605197786,0.627055616873,1.438432036528,2.205057856907,3.550826616331,,0.05,0.07,0.0724,55090,0,0,697.43474423,4,0.0022036,0.007651333415,우리운용,KAP 25-09 회사채 총수익 지수(AA-이상),액티브,배당소득세(보유기간과세),20231019,,,,,,,,,,한국전력961,22.303307625306214,인천도시공사239,22.1676469762901,기업은행(신)2410할1A-10,22.00289464855792,WON 전단채플러스액티브,15.914256751445963,한화투자증권 20241014-364-38,10.998072979934168,2026-05-07 11:19:49,9월 6일 국내 ETF 1020개 데이터.xlsx / 국내 월배당 ETF 총정리.xlsx / 9월 1주 국내 월배당 ETF 분배금 지급현황.xlsx
459580,459580.KS,KODEX CD금리액티브(합성),K55105E24776,금리,,초단기금리,단기금리형(파킹형),"월배당, 금리형",Y,Y,,Y,Y,4,0.016404122643,0.048055251376,0.224014378973,0.627757623834,1.351783886007,1.866875819789,2.991546191114,,0.02,0.03,0.0382,1073985,75,0.006983825460234098,88500.99022008,139762,1501.01943753,0.014256792715,삼성운용,KAP 양도성예금증서(CD) 금리 지수,액티브,배당소득세(보유기간과세),20230608,,,,,,,,,,KODEX 머니마켓액티브,36.89152980285836,스왑(하나금융투자),23.491475018143298,스왑(삼성증권),6.602756746466742,국고03250-5403(24-2),6.512376045206408,스왑(유안타증권),3.305932985257478,2026-05-07 11:19:49,9월 6일 국내 ETF 1020개 데이터.xlsx / 국내 월배당 ETF 총정리.xlsx / 9월 1주 국내 월배당 ETF 분배금 지급현황.xlsx
477080,477080.KS,RISE CD금리액티브(합성),K55223E89887,금리,,,,금리형,,,,Y,Y,4,0.016966889808,0.047885324592,0.22326589868,0.618733463027,1.330052161606,1.838674205556,2.977920523076,,0.02,0.04,0.0404,104645,10,0.009557031585989391,10935.22336861,3415,3.57359457,0.010487269717,KB운용,FnGuide CD금리투자 지수(총수익),액티브,배당소득세(보유기간과세),20240326,,,,,,,,,,스왑(메리츠증권)_44G4_250328,62.42188825849931,스왑(키움증권)_44G4_250107,23.037005724707452,스왑(미래에셋증권)_250131,6.073555660803965,스왑(하나증권)_44G4_250715,4.840668708361421,스왑(한국투자증권)_44G4_250904,3.626881647627851,2026-05-07 11:19:49,9월 6일 국내 ETF 1020개 데이터.xlsx / 국내 월배당 ETF 총정리.xlsx / 9월 1주 국내 월배당 ETF 분배금 지급현황.xlsx
479520,479520.KS,RISE KOFR금리액티브(합성),K55223E98490,금리,,,,금리형,,,,Y,Y,4,0.006789481482,0.047660916753,0.211057575938,0.628418435338,1.332029087644,1.866725821849,2.978511835429,,0.02,0.04,0.041,104310,20,0.019177294083804777,3463.33905463,2312,2.41158252,0.012253395238,KB운용,KOFR 지수,액티브,배당소득세(보유기간과세),20240430,,,,,,,,,,국고채권03250-4209(22-11),80.00562332843965,국고채권03875-2612(23-10),14.778777356634942,우리금융캐피탈466-3,4.659299169974505,스왑(메리츠증권)_240430,0.5504100189716358,스왑(신한투자증권)_240430,2.8514606929738792e-05,2026-05-07 11:19:49,9월 6일 국내 ETF 1020개 데이터.xlsx / 국내 월배당 ETF 총정리.xlsx / 9월 1주 국내 월배당 ETF 분배금 지급현황.xlsx
423160,423160.KS,KODEX KOFR금리액티브(합성),K55105DR9373,금리,,초단기금리,단기금리형(파킹형),"월배당, 금리형",Y,Y,,Y,Y,2,0.008341473093,0.047367809873,0.216626654817,0.636494084136,1.350855713392,1.870616172997,2.981744162537,10.371518811102,0.05,0.06,0.0616,110695,20,0.01807092839394624,40395.60979877,331086,366.49385793,0.016025619439,삼성운용,KOFR Index,액티브,배당소득세(보유기간과세),20220426,,,,,,,,,,스왑(한국투자증권),24.580701290396153,스왑(하나금융투자),22.33521390718808,스왑(유안타증권),13.282674798118723,스왑(현대차증권),12.804350230584923,스왑(삼성증권),12.667109488823879,2026-05-07 11:19:49,9월 6일 국내 ETF 1020개 데이터.xlsx / 국내 월배당 ETF 총정리.xlsx / 9월 1주 국내 월배당 ETF 분배금 지급현황.xlsx
458210,458210.KS,KIWOOM CD금리액티브(합성),K55206E24624,금리,,초단기금리,단기금리형(파킹형),금리형,,,,Y,Y,2,0.006464633255,0.047315170701,0.208197645086,0.621891303175,1.302780015847,1.807078653508,2.910796615096,,0.03,0.06,0.06,107685,5,0.0046433878157503715,1803.46711244,24,0.0258444,0.010078080582,키움투자운용,FnGuide CD91일 금리투자 지수(총수익),액티브,배당소득세(보유기간과세),20230523,,,,,,,,,,스왑(메리츠증권)_250630_3202,51.862399870349925,스왑(KB증권)_250715_3202_2,48.137600129650075,설정현금액,0,원화현금,0,,,2026-05-07 11:19:49,9월 6일 국내 ETF 1020개 데이터.xlsx / 국내 월배당 ETF 총정리.xlsx / 9월 1주 국내 월배당 ETF 분배금 지급현황.xlsx
453010,453010.KS,PLUS KOFR금리,K55213E07260,금리,,초단기금리,단기금리형(파킹형),금리형,,,,Y,Y,6,0.018778798312,0.046812393676,0.218496603862,0.604281426445,1.303762287247,1.812416222679,2.882943303545,,0.05,0.06,0.0953,108315,10,0.009233184063524306,239.41810591,13048,14.13293746,-0.015418702776,한화운용,KOFR 지수,패시브,배당소득세(보유기간과세),20230314,,,,,,,,,,REPO,100,설정현금액,0,원화현금,0,,,,,2026-05-07 11:19:49,9월 6일 국내 ETF 1020개 데이터.xlsx / 국내 월배당 ETF 총정리.xlsx / 9월 1주 국내 월배당 ETF 분배금 지급현황.xlsx
448600,448600.KS,RISE 25-11 회사채(AA-이상)액티브,K55223DY8605,채권,국내채권,만기매칭채권,AA+미만,"월배당, 채권",Y,Y,Y,Y,Y,5,0.014715889935,0.046755079339,0.221101098055,0.642209369023,1.530441356374,2.215471711036,3.52616011994,,0.07,0.09,0.0925,52470,0,0,1239.29451507,2530,1.32754217,0.020657893836,KB운용,KIS 2025년 만기도래 크레딧 종합채권 지수(AA-이상)(시장가격),액티브,배당소득세(보유기간과세),20221122,채권,0.2956,20250827,20250829,155,3.5646,1870,12,Y,한국전력공사채권1316,8.328124006688554,현대카드886-5,8.231427397465513,중소벤처기업진흥채권798(사),8.201082971654847,하나카드249-1,8.195736778755885,농업금융채권(중앙회)2023-11이2Y-C,8.18330301213234,2026-05-07 11:19:49,9월 6일 국내 ETF 1020개 데이터.xlsx / 국내 월배당 ETF 총정리.xlsx / 9월 1주 국내 월배당 ETF 분배금 지급현황.xlsx
476450,476450.KS,KIWOOM 머니마켓액티브,K55206E91755,채권,국내채권,초단기금리,단기금리형(파킹형),"채권, 금리형",,,,Y,Y,5,0.019691051574,0.045824966087,0.226916256268,0.638747364957,1.470713613264,2.104636730895,3.264044974626,,0.05,0.07,0.0746,52730,0,0,3140.28176081,448,0.23622235,0.011395039669,키움투자운용,KIS-키움 MMF지수(총수익지수),액티브,배당소득세(보유기간과세),20240229,,,,,,,,,,아이엠증권 20250725-91-13(단),5.155751907862151,국민은행4505할인일1-12,5.086037378263731,하나 금융기관영업팀 20250805-364-1,5.05878608428374,WON 전단채플러스액티브,4.013564290746284,케이씨씨75-1,3.9360215241770757,2026-05-07 11:19:49,9월 6일 국내 ETF 1020개 데이터.xlsx / 국내 월배당 ETF 총정리.xlsx / 9월 1주 국내 월배당 ETF 분배금 지급현황.xlsx
473440,473440.KS,ACE 11월만기자동연장회사채AA-이상액티브,K55101E75520,채권,국내채권,,,채권,,,,Y,Y,5,0.019886841072,0.045667473531,0.223410376323,0.638719217231,1.565376834494,2.292154444004,3.51483914386,,0.05,0.07,0.0758,10700,0,0,1074.4864771,35551,3.80796825,-0.011747379875,한국투자신탁운용,KIS 11월 만기자동연장회사채(AA-이상) 총수익지수,액티브,배당소득세(보유기간과세),20231219,,,,,,,,,,하나캐피탈387-3,14.410544998936548,신한은행27-11-이-2-A,14.34628055320721,메리츠증권2311-2,14.330425560659958,케이비캐피탈510-1,14.314354805326598,신한은행29-01-이-10M-A,14.270434932766673,2026-05-07 11:19:49,9월 6일 국내 ETF 1020개 데이터.xlsx / 국내 월배당 ETF 총정리.xlsx / 9월 1주 국내 월배당 ETF 분배금 지급현황.xlsx
484890,484890.KS,SOL 머니마켓액티브,K55210EB3979,채권,국내채권,초단기금리,단기금리형(파킹형),"채권, 금리형",,,,Y,Y,5,0.01909915584,0.045398929356,0.210918442359,0.599132277913,1.308358380351,1.852307244036,3.00487842434,,0.05,0.07,0.0722,51895,0,0,101.71815941,17958,9.31963165,0.006886936054,신한자산운용,KAP 시가 MMF 지수(TR),액티브,배당소득세(보유기간과세),20240625,,,,,,,,,,국고04250-2512(22-13),28.9066075503598,한국가스공사 20250807-32-14(단),14.236345395853245,한국자산관리공사 20250624-85-8(단),14.227551294470931,한국전력공사 20250811-42-50(단),14.222639324165355,한국가스공사 20250825-32-64(단),14.218732075058647,2026-05-07 11:19:49,9월 6일 국내 ETF 1020개 데이터.xlsx / 국내 월배당 ETF 총정리.xlsx / 9월 1주 국내 월배당 ETF 분배금 지급현황.xlsx
273140,273140.KS,KODEX 단기변동금리부채권액티브,K55105BR3113,채권,국내채권,,,"월배당, 채권, 금리형",Y,Y,,Y,Y,6,0.01540646017,0.045289134767,0.218001684171,0.597791316688,1.346265003959,1.897803617784,2.931845206609,10.525927587274,0.15,0.17,0.1704,114840,50,0.043557801202195316,2859.60614148,15474,17.76871675,0.014351627637,삼성운용,"KAP 단기 변동금리부 은행채권지수(AAA, 총수익)",액티브,배당소득세(보유기간과세),20170629,,,,,,,,,,기업은행(변)2508이1A-20,27.76805591776756,국민은행4505이(01)1변-23,27.762147215698953,국민은행4503이(01)1변-14,11.118304914424762,신한은행28-10-이-1-B(변동),11.117728691608436,한국수출입금융(변)2503다-이표-1,5.560605450716857,2026-05-07 11:19:49,9월 6일 국내 ETF 1020개 데이터.xlsx / 국내 월배당 ETF 총정리.xlsx / 9월 1주 국내 월배당 ETF 분배금 지급현황.xlsx
494900,494900.KS,TIGER 25-12 금융채(AA-이상),K55301EE9726,채권,국내채권,,,채권,,,,Y,Y,5,0.017841846383,0.045140552589,0.231019638613,0.656930431517,1.608248860701,2.341821573326,,,0.1,0.12,0.1303,51580,0,0,12868.58754963,67,0.03455475,0.008797183676,미래에셋운용,KIS 금융채2512만기형 지수(총수익),패시브,배당소득세(보유기간과세),20241029,,,,,,,,,,하나카드273,4.635109121251279,아이엠뱅크46-02이12A-21,3.8452852924543963,케이비국민카드421-1,3.0890105835373136,JB 우리캐피탈524-1(지),2.327480922310558,비씨카드175-1,2.3202637941092923,2026-05-07 11:19:49,9월 6일 국내 ETF 1020개 데이터.xlsx / 국내 월배당 ETF 총정리.xlsx / 9월 1주 국내 월배당 ETF 분배금 지급현황.xlsx
269540,269540.KS,PLUS 미국S&P500(H),K55213BO8445,해외주식,시장대표,해외시장지수(환헷지),미국 S&P500,미국/테크,,,,Y,Y,2,0.819833810294,0.044738767528,2.683949001225,8.937658024372,11.09254598655,8.961168628257,16.445155969634,57.882285725544,0.3,0.41,0.5014,25830,250,0.9773260359655981,695.54687117,6654,1.71741416,0.008673547493,한화운용,S&P 500,패시브,배당소득세(해외주식투자전용ETF),20170516,,,,,,,,,,ISHARES CORE S&P 500 ETF,8.805413584619567,NVIDIA CORP,6.600880611570061,MICROSOFT CORP,5.919393210844152,APPLE INC,5.65810516533417,AMAZON.COM INC,3.360509704000643,2026-05-07 11:19:49,9월 6일 국내 ETF 1020개 데이터.xlsx / 국내 월배당 ETF 총정리.xlsx / 9월 1주 국내 월배당 ETF 분배금 지급현황.xlsx
491080,491080.KS,KODEX 25-12 은행채(AAA)액티브,K55105ED4882,채권,국내채권,만기매칭채권,AA+이상,채권,,,,Y,Y,5,0.019587088694,0.044301946354,0.218969506803,0.624534790721,1.474214253204,2.114645263458,,,0.05,0.06,0.0605,103420,10,0.009670244657189827,9155.44998972,6066,6.2731887,0.010560659439,삼성운용,KAP 25-12 은행채 총수익 지수,액티브,배당소득세(보유기간과세),20240910,,,,,,,,,,부산은행2024-11이1A-13,10.887599438087499,수산금융채권(은행)24-11이12-19,10.883649871867272,국민은행4411이표일(03)1-21,10.88200029628952,국민은행4411이표일(03)1-08,7.624038572207313,부산은행2024-12이11M-12,7.618083959842202,2026-05-07 11:19:49,9월 6일 국내 ETF 1020개 데이터.xlsx / 국내 월배당 ETF 총정리.xlsx / 9월 1주 국내 월배당 ETF 분배금 지급현황.xlsx
489570,489570.KS,HANARO 25-12 은행채(AA+이상)액티브,K55232ED3922,채권,국내채권,,,채권,,,,Y,Y,5,0.019122853168,0.044275197539,0.219721647105,0.622360242773,1.482679420855,2.135635928147,,,0.02,0.04,0.0409,10305,0,0,1232.33156646,5,0.00051525,0.017055192038,NH-Amundi운용,KIS 은행채2512만기형 지수,액티브,배당소득세(보유기간과세),20241015,,,,,,,,,,산업금융채권22신이0300-1208-1,8.413074369894165,하나은행46-09이2.25갑-07,8.406162844691012,산업금융채권23신이0200-1212-1,8.387651175739235,신한은행27-12-이-2-C,8.380227281948466,한국전력공사채권1350,8.36873417070944,2026-05-07 11:19:49,9월 6일 국내 ETF 1020개 데이터.xlsx / 국내 월배당 ETF 총정리.xlsx / 9월 1주 국내 월배당 ETF 분배금 지급현황.xlsx
467940,467940.KS,KODEX 25-11 회사채(A+이상)액티브,K55105E51431,채권,국내채권,만기매칭채권,AA+미만,채권,,,,Y,Y,5,0.019540612973,0.044205555835,0.220318931783,0.633455645243,1.549145744855,2.228197264754,3.512180555149,,0.09,0.1,0.1003,10955,0,0,2512.77561123,17102,1.87287105,-0.005202104469,삼성운용,KAP 25-11 회사채 총수익 지수,액티브,배당소득세(보유기간과세),20231011,,,,,,,,,,한국전력1394,8.079886098477186,현대백화점30-1,7.975989635363615,SK에너지50-2,4.032928744830904,JB 우리캐피탈462,4.028032026209532,신한캐피탈476-3,4.027465763715141,2026-05-07 11:19:49,9월 6일 국내 ETF 1020개 데이터.xlsx / 국내 월배당 ETF 총정리.xlsx / 9월 1주 국내 월배당 ETF 분배금 지급현황.xlsx
0061Z0,0061Z0.KS,RISE 단기특수은행채액티브,K55223EJ5633,채권,국내채권,,,채권,,,,Y,Y,5,0.016033799089,0.044135184199,0.220646658765,,,,,,0.01,0.01,0.0106,50285,5,0.00994431185361973,11417.87756231,6363,3.1993681,0.00726713307,KB운용,KAP 단기 특수은행채 지수(시장가격),액티브,배당소득세(보유기간과세),20250624,,,,,,,,,,한국수출입금융2508바-할인-184,5.675188472981911,현대카드 20250903-23-17(단),4.776232681650882,우리카드 20250903-26-14(단),4.775136617981597,부국증권 20250901-29-1(단),4.77454241894582,기업은행(단)2507할184A-22,4.738325607514743,2026-05-07 11:19:49,9월 6일 국내 ETF 1020개 데이터.xlsx / 국내 월배당 ETF 총정리.xlsx / 9월 1주 국내 월배당 ETF 분배금 지급현황.xlsx
462540,462540.KS,SOL 25-09 회사채(AA-이상)액티브,K55210E42693,채권,국내채권,만기매칭채권,AA+미만,채권,,,,Y,Y,5,0.018184373464,0.044074244354,0.219604177846,0.640560599576,1.49940280561,2.308362711025,3.550779413123,,0.05,0.07,0.0881,54715,0,0,607.4726327,573,0.31351695,0.008664005732,신한자산운용,"KAP 25-09 크레딧 채권지수(AA- 이상, 총수익)",액티브,배당소득세(보유기간과세),20230808,,,,,,,,,,하나카드222-2,100,원화현금,0,,,,,,,2026-05-07 11:19:49,9월 6일 국내 ETF 1020개 데이터.xlsx / 국내 월배당 ETF 총정리.xlsx / 9월 1주 국내 월배당 ETF 분배금 지급현황.xlsx
475260,475260.KS,ACE 2월만기자동연장회사채AA-이상액티브,K55101E80470,채권,국내채권,,,채권,,,,Y,Y,5,0.01895180494,0.044043349245,0.21927980606,0.621016676158,1.589852372866,2.144209344511,3.300940998003,,0.05,0.07,0.0788,10610,10,0.09433962264150944,498.56955551,410,0.0434933,-0.028159741547,한국투자신탁운용,KAP 2월 만기자동연장회사채(AA-이상) 총수익지수,액티브,배당소득세(보유기간과세),20240123,,,,,,,,,,하나은행46-08이2.5갑-10,35.74017844270313,부산은행2025-02이1A-20,35.5043167120245,엘지씨엔에스13-2,14.447111821316915,하나카드242-3,14.30839302395545,원화현금,0,2026-05-07 11:19:49,9월 6일 국내 ETF 1020개 데이터.xlsx / 국내 월배당 ETF 총정리.xlsx / 9월 1주 국내 월배당 ETF 분배금 지급현황.xlsx
491230,491230.KS,PLUS 국공채머니마켓액티브,K55213EE1068,채권,국내채권,초단기금리,단기금리형(파킹형),"채권, 금리형",,,,Y,Y,6,0.019235610883,0.043610052959,0.22076326509,0.641214994442,1.482468749897,2.123988193732,,,0.05,0.07,0.0738,51690,-5,-0.009672115291614276,1351.04419242,203,0.10492825,0.013660554827,한화운용,KAP 국공채 MMF 지수(총수익),액티브,배당소득세(보유기간과세),20240910,,,,,,,,,,한국철도공사229,12.235816997032446,한국도로공사고속도로건설채권858,12.218869877742195,한국수자원공사270,12.111121761866787,농업금융채권(은행)2025-01이1Y-B,12.038283741265277,서울주택도시개발공사178(녹),12.025601967875637,2026-05-07 11:19:49,9월 6일 국내 ETF 1020개 데이터.xlsx / 국내 월배당 ETF 총정리.xlsx / 9월 1주 국내 월배당 ETF 분배금 지급현황.xlsx
453540,453540.KS,TIGER 25-10 회사채(A+이상)액티브,K55301DZ9672,채권,국내채권,만기매칭채권,AA+미만,채권,,,,Y,Y,5,0.020018272998,0.043208292522,0.218828402725,0.637559241636,1.543963948918,2.285532162082,3.631990765764,,0.1,0.11,0.1199,55355,5,0.009033423667570008,17120.79153375,94414,52.26022472,-0.000518534105,미래에셋운용,KIS 회사채2510만기형 지수 (총수익지수),액티브,배당소득세(보유기간과세),20230323,,,,,,,,,,신한투자증권2212-2,8.414293142529003,우리카드222-2,8.398995233187904,현대캐피탈1975-2,8.388397922528407,한국투자금융지주33,8.348317051979429,SK304-2,8.337851060636853,2026-05-07 11:19:49,9월 6일 국내 ETF 1020개 데이터.xlsx / 국내 월배당 ETF 총정리.xlsx / 9월 1주 국내 월배당 ETF 분배금 지급현황.xlsx
476810,476810.KS,KODEX 25-11 은행채(AA-이상)PLUS액티브,K55105E86478,채권,국내채권,만기매칭채권,AA+미만,채권,,,,Y,Y,1,0.018531688246,0.043188537254,0.207437985373,0.626049330605,1.57700046048,2.350052174181,3.775984477148,,0.09,0.11,0.1288,10640,5,0.047014574518100614,5091.85957768,22820,2.42707845,0.015779987719,삼성운용,"KAP 25-11 은행채 PLUS 지수(AA-이상, 총수익)",액티브,배당소득세(보유기간과세),20240305,,,,,,,,,,농업금융채권(은행) 2023-11이2Y-B,8.21253243228201,부산은행2024-05이1.5A-13,8.190865349274695,우리은행27-10-이표02-갑-10,7.049889266181641,수산금융채권(은행)24-5이18-14,5.850303770975122,케이비국민카드397-3,4.698760542653508,2026-05-07 11:19:49,9월 6일 국내 ETF 1020개 데이터.xlsx / 국내 월배당 ETF 총정리.xlsx / 9월 1주 국내 월배당 ETF 분배금 지급현황.xlsx
261060,261060.KS,TIGER 코스닥150IT,K55301BJ7017,국내주식,업종섹터,,,,,,,Y,Y,1,0.941578466431,0.042908114327,2.090047648875,6.0174017476,5.617877311602,18.076702933195,15.345041256423,6.835512956796,0.4,0.44,0.4759,13430,110,0.8258258258258259,32.28745557,606,0.08142745,-0.103310677762,미래에셋운용,코스닥 150 정보기술,패시브,비과세,20161215,,,,,,,,,,리노공업,7.394705397310838,이오테크닉스,5.488955944251648,젬백스,4.419778654799837,원익IPS,4.123964187623551,HPSP,4.095725306565774,2026-05-07 11:19:49,9월 6일 국내 ETF 1020개 데이터.xlsx / 국내 월배당 ETF 총정리.xlsx / 9월 1주 국내 월배당 ETF 분배금 지급현황.xlsx
463290,463290.KS,1Q 단기금융채액티브,K55102E37825,채권,국내채권,,,채권,,,,Y,Y,5,0.017926565396,0.042581466516,0.226261878657,0.632549857419,1.461041821698,2.124698948024,3.288851023301,,0.08,0.09,0.0919,108230,0,0,2439.69991064,8994,9.73461205,0.001264926334,하나운용,MK 머니마켓 지수(총수익),액티브,배당소득세(보유기간과세),20230803,,,,,,,,,,우리금융캐피탈492-7,6.799081698245315,케이비캐피탈511-3(지),6.746518134622944,아이비케이캐피탈301-3,6.703938894511231,우리금융캐피탈468-3,6.700716464517109,JB 우리캐피탈513-2,6.684346817831031,2026-05-07 11:19:49,9월 6일 국내 ETF 1020개 데이터.xlsx / 국내 월배당 ETF 총정리.xlsx / 9월 1주 국내 월배당 ETF 분배금 지급현황.xlsx
385550,385550.KS,RISE 단기채권알파액티브,K55223DJ2169,채권,국내채권,종합채권,종합채권,채권,,,,Y,Y,6,0.020793345019,0.042027519659,0.234905097422,0.710008115778,1.728864495878,2.350113644282,3.543544765913,12.211098573855,0.05,0.07,0.0747,113480,5,0.004406256884776382,3168.17592245,1223,1.3878286,0.010212286005,KB운용,KIS 단기종합채권지수(AA-이상)(총수익지수),액티브,배당소득세(보유기간과세),20210526,,,,,,,,,,현대카드 20250903-23-16(단),8.395661805176152,키스비케이제십삼차 20250710-84-1(단),5.59388131118351,키움증권8-2,2.890054138346276,우리카드237-4,2.8786161564698394,JB 우리캐피탈520-4,2.859176986614572,2026-05-07 11:19:49,9월 6일 국내 ETF 1020개 데이터.xlsx / 국내 월배당 ETF 총정리.xlsx / 9월 1주 국내 월배당 ETF 분배금 지급현황.xlsx
491610,491610.KS,1Q CD금리액티브(합성),K55102ED3689,금리,,,,금리형,,,,Y,Y,4,0.007216007088,0.039438164625,0.216738846355,0.618942132134,1.342676738385,1.86737358289,,,0.02,0.03,0.0349,102855,15,0.014585764294049008,2616.10625618,2072,2.13123155,0.010671669189,하나운용,KIS 하나 CD금리 총수익지수,액티브,배당소득세(보유기간과세),20240924,,,,,,,,,,물가01125-3006(20-5),36.5470731789178,농업금융채권(은행)2025-05이2Y-C,18.223307922206228,전자단기사채(케이비증권 20250904-1-4(단),18.209797024531117,신한은행28-12-이-2.5-A,9.223727471134035,한국전력1504,9.166311367658858,2026-05-07 11:19:49,9월 6일 국내 ETF 1020개 데이터.xlsx / 국내 월배당 ETF 총정리.xlsx / 9월 1주 국내 월배당 ETF 분배금 지급현황.xlsx
272580,272580.KS,TIGER 단기채권액티브,K55301BR4790,채권,국내채권,,,채권,,,,Y,Y,6,0.014276848207,0.03927560308,0.210966395168,0.595637406817,1.375519273393,1.961779435365,3.070732052123,10.701718010649,0.07,0.09,0.0961,56115,-5,-0.008909479686386316,7623.48895279,12958,7.27171361,0.013074196202,미래에셋운용,KIS 통안채 3개월(총수익),액티브,배당소득세(보유기간과세),20170629,,,,,,,,,,산업금융채권25신할0100-0102-1,10.132818778744326,중소기업은행(단)2504할275A-30,8.815125038048672,한국수출입금융2504파-할인-334,7.435870300577082,중소기업은행(단)2504할275A-25,6.302977567316807,산업금융채권25신할0100-0509-1,6.25696209406799,2026-05-07 11:19:49,9월 6일 국내 ETF 1020개 데이터.xlsx / 국내 월배당 ETF 총정리.xlsx / 9월 1주 국내 월배당 ETF 분배금 지급현황.xlsx
435550,435550.KS,KIWOOM TDF2050액티브,K55206DU2546,자산배분,주식+채권,,,채권,,,,Y,Y,2,0.447896030395,0.038768607843,2.373531641572,9.158932939984,5.537335615642,4.952154432533,16.989694840407,44.897455109615,0.38,0.68,0.7858,15100,55,0.36556995679627785,75.21885705,186,0.0281026,0.080835686223,키움투자운용,Dow Jones Target 2050 Index (Total Return),액티브,배당소득세(보유기간과세),20220630,,,,,,,,,,VANGUARD S&P 500 ETF,15.167538386571033,SPDR S&P 500 ETF TRUST,14.391819332283934,SPDR PORTFOLIO S&P 500 GROWT,13.475462038556758,ISHARES MSCI WORLD ETF,11.007759090844532,SPDR PORT S&P 500 VALUE,7.883189124058455,2026-05-07 11:19:49,9월 6일 국내 ETF 1020개 데이터.xlsx / 국내 월배당 ETF 총정리.xlsx / 9월 1주 국내 월배당 ETF 분배금 지급현황.xlsx
475270,475270.KS,ACE 5월만기자동연장회사채AA-이상액티브,K55101E80488,채권,국내채권,,,채권,,,,Y,Y,5,0.017674924975,0.038760679241,0.217732250686,0.602464618733,1.386007892513,2.006225351786,3.117849750569,,0.05,0.07,0.0777,10585,5,0.04725897920604915,434.91334191,527,0.05578295,0.003410889653,한국투자신탁운용,KIS 5월 만기자동연장회사채(AA-이상) 총수익지수,액티브,배당소득세(보유기간과세),20240123,,,,,,,,,,서울교통공사2023-4,38.74627019232604,신한은행29-05-이-1-B,38.14563647943563,엔에이치농협캐피탈228-3,11.563280230055756,아이비케이캐피탈302-2,11.544813098182576,원화현금,0,2026-05-07 11:19:49,9월 6일 국내 ETF 1020개 데이터.xlsx / 국내 월배당 ETF 총정리.xlsx / 9월 1주 국내 월배당 ETF 분배금 지급현황.xlsx
363510,363510.KS,SOL KIS단기통안채,K55210D56182,채권,국내채권,,,채권,,,,Y,Y,6,0.016269919403,0.038676717903,0.199355819171,0.562996211227,1.306470773202,1.783193593985,2.80109143035,9.737064647007,0.07,0.1,0.1029,111150,0,0,315.64724769,1,0.0011115,0.006013570271,신한자산운용,KIS 단기통안채 Index(총수익),패시브,배당소득세(보유기간과세),20200909,,,,,,,,,,통안03365-2604-02,34.26223806763378,통안02640-2601-01,34.01928657228091,통안02890-2509-01,14.310639438491513,통안04020-2510-02,10.23547710701781,통안03340-2601-02,7.172358814575983,2026-05-07 11:19:49,9월 6일 국내 ETF 1020개 데이터.xlsx / 국내 월배당 ETF 총정리.xlsx / 9월 1주 국내 월배당 ETF 분배금 지급현황.xlsx
157450,157450.KS,TIGER 단기통안채,KR5301AA4834,채권,국내채권,,,채권,,,,Y,Y,6,0.015890966595,0.038598539307,0.202165016085,0.579467585171,1.338893931607,1.814141017558,2.863680758804,9.896274708869,0.09,0.11,0.1172,111220,0,0,9512.04136354,19451,21.6322889,0.00884968886,미래에셋운용,KIS 통안채 3개월(총수익),패시브,배당소득세(보유기간과세),20120516,,,,,,,,,,통화안정증권03365-2604-02,33.41529633568948,통화안정증권03340-2601-02,33.30982575904329,통화안정증권04020-2510-02,33.274877905267225,설정현금액,0,원화현금,0,2026-05-07 11:19:49,9월 6일 국내 ETF 1020개 데이터.xlsx / 국내 월배당 ETF 총정리.xlsx / 9월 1주 국내 월배당 ETF 분배금 지급현황.xlsx
475280,475280.KS,ACE 8월만기자동연장회사채AA-이상액티브,K55101E80496,채권,국내채권,,,채권,,,,Y,Y,5,0.018695612841,0.037492692712,0.215706865896,0.631948152634,1.445833209723,2.184197224355,3.407073037762,,0.05,0.07,0.0735,10595,5,0.047214353163361665,892.96480023,21,0.00222467,-0.025426300738,한국투자신탁운용,KAP 8월 만기자동연장회사채(AA-이상) 총수익지수,액티브,배당소득세(보유기간과세),20240123,,,,,,,,,,수산금융채권(은행)25-2이1806,25.388347758474062,신한은행29-08-이-1-B,25.276912942167233,부산은행2025-09할11M-03,24.685226346541114,국민은행4508할인일1-27,24.649512952817588,원화현금,0,2026-05-07 11:19:49,9월 6일 국내 ETF 1020개 데이터.xlsx / 국내 월배당 ETF 총정리.xlsx / 9월 1주 국내 월배당 ETF 분배금 지급현황.xlsx
461270,461270.KS,ACE 26-06 회사채(AA-이상)액티브,K55101E34386,채권,국내채권,만기매칭채권,AA+미만,채권,,,,Y,Y,5,0.017025272714,0.037194278724,0.223041517721,0.622661189382,1.725039872691,2.437081449576,4.0524579407,,0.05,0.07,0.0779,11170,0,0,2460.05688063,5535,0.61814981,-0.015926865079,한국투자신탁운용,KIS 크레딧 2606만기형(AA-이상)지수(총수익지수),액티브,배당소득세(보유기간과세),20230620,,,,,,,,,,인천도시공사224,4.352731128970533,케이비캐피탈512-6,4.350336293484342,롯데카드523-2,4.333180648120842,BNK캐피탈300,4.3316368931127185,산은캐피탈702-3,4.331462552838577,2026-05-07 11:19:49,9월 6일 국내 ETF 1020개 데이터.xlsx / 국내 월배당 ETF 총정리.xlsx / 9월 1주 국내 월배당 ETF 분배금 지급현황.xlsx
130730,130730.KS,KIWOOM 단기자금,KR5206287710,채권,국내채권,,,채권,,,,Y,Y,6,0.016872772501,0.037141138309,0.206948874812,0.603506430747,1.435070108808,2.037382925194,3.152044250712,10.858369001482,0.05,0.08,0.0812,103635,10,0.009650180940892641,1335.61468517,863,0.89430115,0.007422465556,키움투자운용,MK 머니마켓 지수(총수익),패시브,배당소득세(보유기간과세),20100729,,,,,,,,,,통화안정증권03340-2601-02,8.430490644530561,국민은행4412이표일(03)1-13,8.421353451366414,통화안정증권02600-2603-01,8.418663614656307,하나은행47-02이2갑-05,8.413442936447542,통화안정증권02280-2607-01,8.385672108281133,2026-05-07 11:19:49,9월 6일 국내 ETF 1020개 데이터.xlsx / 국내 월배당 ETF 총정리.xlsx / 9월 1주 국내 월배당 ETF 분배금 지급현황.xlsx
440640,440640.KS,ACE 단기채권알파액티브,K55101DW2771,채권,국내채권,,,채권,,,,Y,Y,5,0.018507654173,0.035224334983,0.228698749043,0.651059949208,1.576042317972,2.14925057116,3.372531162811,11.426908493449,0.15,0.17,0.1796,111335,0,0,762.58241944,3427,3.8149963,0.006926748821,한국투자신탁운용,KIS 단기채권알파AA-이상 총수익지수,액티브,배당소득세(보유기간과세),20220823,,,,,,,,,,메리츠증권2506-1,16.563664104061477,롯데지주18-1,11.633183608630606,메리츠증권2311-1,11.603373575844754,국고채이자03290-26,11.249292537061615,하나에프앤아이188-1,10.827196128844378,2026-05-07 11:19:49,9월 6일 국내 ETF 1020개 데이터.xlsx / 국내 월배당 ETF 총정리.xlsx / 9월 1주 국내 월배당 ETF 분배금 지급현황.xlsx
214980,214980.KS,KODEX 단기채권PLUS,K55105B00244,채권,국내채권,,,"월배당, 채권",Y,Y,,Y,Y,6,0.016669476236,0.033884090096,0.199736762354,0.582458994287,1.433950587154,2.027100582739,3.235546427027,10.874287977844,0.15,0.17,0.1703,115135,25,0.02171835635479107,16727.66035203,39292,45.23794572,0.002509075949,삼성운용,KRW Cash PLUS Index Total Return,패시브,배당소득세(보유기간과세),20150303,,,,,,,,,,신한은행29-09-이-1.5-A,9.348573495338576,국민은행4508할인일10M-07,9.172651079951711,부산은행2025-05이1A-12,7.491692692208292,신한은행29-04-이-1.5-A,5.6269691488685885,신한은행28-11-이-1.5-C,4.697521578639559,2026-05-07 11:19:49,9월 6일 국내 ETF 1020개 데이터.xlsx / 국내 월배당 ETF 총정리.xlsx / 9월 1주 국내 월배당 ETF 분배금 지급현황.xlsx
182490,182490.KS,TIGER 단기선진하이일드(합성 H),KR5301AK4675,채권,해외채권,,,채권,,,,Y,Y,5,0.168234931527,0.033338475461,0.860105987081,2.390632635093,2.681703940985,4.111199461463,5.416156056102,21.491537562721,0.24,0.29,0.2967,13735,90,0.659582264565775,82.09471688,2945,0.4043084,-0.054594596137,미래에셋운용,Markit iBoxx USD Liquid High Yield Index,패시브,배당소득세(보유기간과세),20140324,,,,,,,,,,단기선진하이일드 TRS(한국투자증권),83.95044393286923,ISHARES 0-5 YR HY CORP BOND,16.04955606713077,설정현금액,0,원화현금,0,,,2026-05-07 11:19:49,9월 6일 국내 ETF 1020개 데이터.xlsx / 국내 월배당 ETF 총정리.xlsx / 9월 1주 국내 월배당 ETF 분배금 지급현황.xlsx
196230,196230.KS,RISE 단기통안채,KR5223AO8602,채권,국내채권,,,채권,,,,Y,Y,6,0.010714226587,0.032969540953,0.196489870925,0.559032050031,1.303692467175,1.766063787556,2.793920519956,9.913858364116,0.13,0.15,0.158,115940,5,0.004312761461163583,3344.6688201,4745,5.50108161,0.005121664145,KB운용,KIS MSB 5M Index(총수익),패시브,배당소득세(보유기간과세),20140519,,,,,,,,,,통화안정증권03365-2604-02,28.709416725512217,통화안정증권02280-2607-01,17.791748517121245,통화안정증권02640-2601-01,10.689721941464443,통화안정증권02880-2511-01,10.664682013725528,통화안정증권02800-2610-02,7.161270048775047,2026-05-07 11:19:49,9월 6일 국내 ETF 1020개 데이터.xlsx / 국내 월배당 ETF 총정리.xlsx / 9월 1주 국내 월배당 ETF 분배금 지급현황.xlsx
190620,190620.KS,ACE 단기통안채,KR5101AN3254,채권,국내채권,,,채권,,,,Y,Y,6,0.017098918678,0.03275605754,0.20889124836,0.615813508577,1.419923299419,1.895397137807,3.00039519286,10.252808089273,0.07,0.09,0.0962,102290,-5,-0.004887824429346498,1402.59683848,11288,11.54664315,-0.001498645037,한국투자신탁운용,KIS MSB 단기 Index,패시브,배당소득세(보유기간과세),20131223,,,,,,,,,,통화안정증권 03200-2607-0200,20.067262249524838,통안02800-2610-02,19.99875106066214,통안02700-2701-02,19.978817424337535,통안03365-2604-02,10.021852096163661,통안03340-2601-02,9.990220169930653,2026-05-07 11:19:49,9월 6일 국내 ETF 1020개 데이터.xlsx / 국내 월배당 ETF 총정리.xlsx / 9월 1주 국내 월배당 ETF 분배금 지급현황.xlsx
0015F0,0015F0.KS,KIWOOM 팔란티어미국30년국채혼합액티브(H),K55206EI0487,자산배분,주식+채권,,,"월배당, 채권",Y,Y,Y,Y,Y,4,0.723817732668,0.032525015978,-0.954334213793,5.612781497017,11.894674965296,,,,0.19,0.28,0.3702,10610,80,0.7597340930674265,212.21339824,20754,2.20378337,0.02583453179,키움투자운용,Bloomberg Blended PALANTIR and US Long Treasury Bond Index,액티브,배당소득세(보유기간과세),20250211,자산배분,0.1876,20250827,20250829,20,1.1391,120,6,Y,ISHARES 20+ YEAR TREASURY BD,33.45371061629963,PALANTIR TECHNOLOGIES INC-A,27.0661429491121,T 4 1/2 11/15/54,11.816066853100207,KB 미국채 30년 ETN,11.363451729084906,메리츠 미국채30년 ETN(H),11.339287987661232,2026-05-07 11:19:49,9월 6일 국내 ETF 1020개 데이터.xlsx / 국내 월배당 ETF 총정리.xlsx / 9월 1주 국내 월배당 ETF 분배금 지급현황.xlsx
153130,153130.KS,KODEX 단기채권,KR5105A84337,채권,국내채권,,,"월배당, 채권",Y,Y,,Y,Y,6,0.016772294373,0.032141633793,0.198083281138,0.582068557956,1.340524684464,1.811026829586,2.880146746717,10.026316019843,0.15,0.17,0.1748,113785,15,0.013184495033840204,6562.62599867,6457,7.34693487,0.009061081678,삼성운용,KRW Cash Index Total Return,패시브,배당소득세(보유기간과세),20120222,,,,,,,,,,통화안정증권 03200-2607-0200,26.159006619301564,통안04020-2510-02,21.682172363896896,통안03340-2601-02,13.022914020274431,통안02800-2610-02,8.68989937650509,통안02700-2701-02,8.681271663392575,2026-05-07 11:19:49,9월 6일 국내 ETF 1020개 데이터.xlsx / 국내 월배당 ETF 총정리.xlsx / 9월 1주 국내 월배당 ETF 분배금 지급현황.xlsx
491510,491510.KS,파워 K-주주가치액티브,K55207EE5208,국내주식,전략,,,,,,,Y,Y,2,0.300941938769,0.032022780018,0.590758127406,10.37220822171,27.162530484109,35.166244779388,,,0.405,0.47,0.56,12710,10,0.07874015748031496,159.31256549,128,0.01628175,-0.076737527681,교보악사운용,FnGuide K-주주가치 지수,액티브,배당소득세(보유기간과세),20240924,,,,,,,,,,키움증권,2.7021321892762447,BNK금융지주,2.643037454175619,OCI홀딩스,2.4760000116915752,iM금융지주,2.4593624880192047,삼성전자,2.4098744891163753,2026-05-07 11:19:49,9월 6일 국내 ETF 1020개 데이터.xlsx / 국내 월배당 ETF 총정리.xlsx / 9월 1주 국내 월배당 ETF 분배금 지급현황.xlsx
0001S0,0001S0.KS,TIGER 26-04 회사채(A+이상)액티브,K55301EG5110,채권,국내채권,,,채권,,,,Y,Y,5,0.022021705277,0.031334769834,0.212828190456,0.68967554843,1.7553895552,2.606282362044,,,0.1,0.11,0.1124,51470,5,0.00971534052268532,2670.80359131,7786,4.00744129,0.010672853202,미래에셋운용,KIS 회사채2604만기형 지수,액티브,배당소득세(보유기간과세),20241224,,,,,,,,,,엔에이치농협캐피탈240-4,15.847833837842785,JB금융지주21,15.816460428603742,신한캐피탈507-4,15.768715469585585,롯데카드556-1,15.76191428412221,엘지씨엔에스13-2,5.291263721602315,2026-05-07 11:19:49,9월 6일 국내 ETF 1020개 데이터.xlsx / 국내 월배당 ETF 총정리.xlsx / 9월 1주 국내 월배당 ETF 분배금 지급현황.xlsx
445690,445690.KS,BNK 주주가치액티브,K55240DY2458,국내주식,전략,,,,,,,Y,Y,2,0.076990971878,0.030646920322,-0.466388627347,11.991250604724,26.928391542252,35.939530030203,32.627520284686,,0.495,0.56,0.6327,17770,-25,-0.14048890137679124,213.07200766,21,0.0037196,0.196338386407,BNK자산운용,FnGuide 주주가치 지수,액티브,배당소득세(보유기간과세),20221027,,,,,,,,,,삼성전자,10.673472653297862,SK하이닉스,5.156120703223411,우리금융지주,4.8212104416089625,에이피알,4.6238403992902075,하나금융지주,4.097730961574884,2026-05-07 11:19:49,9월 6일 국내 ETF 1020개 데이터.xlsx / 국내 월배당 ETF 총정리.xlsx / 9월 1주 국내 월배당 ETF 분배금 지급현황.xlsx
280930,280930.KS,KODEX 미국러셀2000(H),K55105BX6175,해외주식,시장대표,,,,,,,Y,,2,1.260669455462,0.030567869598,7.286423499907,12.456080343264,12.722986671302,4.559326563734,7.570538416815,20.119502777878,0.45,0.55,0.696,14025,150,1.0810810810810811,427.18018101,19796,2.77344318,0.037755831341,삼성운용,FTSE Russell 2000 Index,패시브,배당소득세(보유기간과세),20171109,,,,,,,,,,E-mini Russell 2000 2025 09,92.20744490655899,ISHARES RUSSELL 2000 ETF,7.7925550934410115,설정현금액,0,2025-09 달러선물,0,원화현금,0,2026-05-07 11:19:49,9월 6일 국내 ETF 1020개 데이터.xlsx / 국내 월배당 ETF 총정리.xlsx / 9월 1주 국내 월배당 ETF 분배금 지급현황.xlsx
495710,495710.KS,BNK 26-06 특수채(AAA이상)액티브,K55240EF2948,채권,국내채권,,,채권,,,,Y,Y,5,0.014695888781,0.02939609758,0.199102464937,0.568147475393,1.591763919113,2.16037230878,,,0.1,0.12,0.1249,51260,10,0.01951219512195122,1079.24815959,1,0.0005126,0.030925320606,BNK자산운용,KAP 26-06 특수채 총수익 지수(AAA이상),액티브,배당소득세(보유기간과세),20241203,,,,,,,,,,산금24신이0106-1203-2,23.04549114383681,기업은행(신)2412이1.5A-05,15.471412888335177,자산관리공사제106회1312-05(사),15.469359967537878,중소벤처기업진흥채권825(사),7.794829756481164,주택금융공사149(사),7.750636703907161,2026-05-07 11:19:49,9월 6일 국내 ETF 1020개 데이터.xlsx / 국내 월배당 ETF 총정리.xlsx / 9월 1주 국내 월배당 ETF 분배금 지급현황.xlsx
278620,278620.KS,PLUS 단기채권액티브,K55213BW6233,채권,국내채권,,,채권,,,,Y,Y,5,0.020439353934,0.028746021501,0.233948399233,0.702435100398,1.660140813748,2.258327456859,3.579838524663,11.44102634393,0.07,0.1,0.103,118295,10,0.008454157331867947,477.83681457,1467,1.73534555,0.013358922613,한화운용,"KAP 투자적격 크레딧 채권 1년 지수(A- 이상,총수익)",액티브,배당소득세(보유기간과세),20170926,,,,,,,,,,KB증권43-2,20.802202966970192,농업금융채권(중앙회)2024-6이2Y-A,20.768442450355682,대신증권 20250115-364-15,10.208919925848436,대신에프앤아이38-1,6.261356776241709,아이엠캐피탈111-3,4.220356850425914,2026-05-07 11:19:49,9월 6일 국내 ETF 1020개 데이터.xlsx / 국내 월배당 ETF 총정리.xlsx / 9월 1주 국내 월배당 ETF 분배금 지급현황.xlsx
460660,460660.KS,RISE 미국S&P배당킹,K55223E34644,해외주식,전략,배당,미국,"월배당, 배당",Y,Y,Y,Y,Y,2,0.576719581559,0.028021482512,2.787387423534,7.255679348801,-2.194106060119,0.050163776395,3.013417559868,,0.01,0.3,0.3721,10950,55,0.5048187241854062,164.38424709,4328,0.4740963,-0.132380060673,KB운용,S&P Dividend Monarchs Index(Price Return),패시브,배당소득세(보유기간과세),20230627,해외주식,0.2448,20250827,20250829,27,3.1296,341,12,Y,BLACK HILLS CORP,4.90716152505171,FEDERAL REALTY INVS TRUST,4.708751602514128,STANLEY BLACK & DECKER INC,4.672703500201566,SONOCO PRODUCTS CO,4.432062774811822,PEPSICO INC,4.259033242920219,2026-05-07 11:19:49,9월 6일 국내 ETF 1020개 데이터.xlsx / 국내 월배당 ETF 총정리.xlsx / 9월 1주 국내 월배당 ETF 분배금 지급현황.xlsx
464240,464240.KS,KIWOOM 26-09회사채(AA-이상)액티브,K55206E39770,채권,국내채권,만기매칭채권,AA+미만,채권,,,,Y,Y,5,0.016545353035,0.027162949102,0.208443760798,0.660830886248,1.806996402364,2.512710701536,4.199930873853,,0.07,0.09,0.0959,52950,0,0,2131.95217607,1743,0.9228479,0.0207191145,키움투자운용,KIS 2609 만기형 크레딧 종합채권 지수(AA-이상)(총수익지수),액티브,배당소득세(보유기간과세),20230817,,,,,,,,,,인천국제공항공사189,4.235968427629159,엔에이치농협캐피탈212,4.1610258319052145,삼성카드2610,4.150309379599057,대구교통공사53,4.148741759360279,연합자산관리33-1,4.146811782951153,2026-05-07 11:19:49,9월 6일 국내 ETF 1020개 데이터.xlsx / 국내 월배당 ETF 총정리.xlsx / 9월 1주 국내 월배당 ETF 분배금 지급현황.xlsx
122260,122260.KS,KIWOOM 통안채1년,KR5206184115,채권,국내채권,,,채권,,,,Y,Y,5,0.015827318806,0.023495179973,0.216808152055,0.653671880352,1.576744873341,2.041234111491,3.30538527243,11.343335417554,0.05,0.08,0.081,105030,-5,-0.004760317989241682,430.60222144,4752,4.9910341,0.005662612975,키움투자운용,MK 통안채지수(총수익),패시브,배당소득세(보유기간과세),20100114,,,,,,,,,,통화안정증권03200-2607-02,20.11383587863882,통화안정증권02800-2610-02,20.04516610209039,통화안정증권02700-2701-02,20.025186193109093,통화안정증권02280-2607-01,19.920346233767315,통화안정증권02370-2605-01,19.89546559239438,2026-05-07 11:19:49,9월 6일 국내 ETF 1020개 데이터.xlsx / 국내 월배당 ETF 총정리.xlsx / 9월 1주 국내 월배당 ETF 분배금 지급현황.xlsx
272560,272560.KS,RISE 단기국공채액티브,K55223BR5941,채권,국내채권,,,채권,,,,Y,Y,6,0.013174988873,0.022437302069,0.192589109262,0.581865869031,1.514770037101,2.099919802939,3.3035691378,11.064962520394,0.07,0.09,0.0986,113965,20,0.01755232787748475,1655.59179707,1961,2.23483,0.016402095892,KB운용,KIS 종합채권국공채3M~1.5Y지수,액티브,배당소득세(보유기간과세),20170629,,,,,,,,,,한국전력공사채권1289,5.466921604366391,중소기업은행(신)2309이3A-07,5.463219717393939,한국전력공사채권1378,5.460619960266516,경기주택도시공사24-01-67,5.4378273887733695,한국도로공사고속도로건설채권860,5.432687470022784,2026-05-07 11:19:49,9월 6일 국내 ETF 1020개 데이터.xlsx / 국내 월배당 ETF 총정리.xlsx / 9월 1주 국내 월배당 ETF 분배금 지급현황.xlsx
0082V0,0082V0.KS,KODEX TDF2060액티브,K55105EI4473,자산배분,주식+채권,,,채권,,,,Y,Y,3,0.583057853666,0.022382641969,2.327887458559,,,,,,0.3,0.3,0.3411,10300,70,0.6842619745845552,251.81400342,51282,5.28063255,0.025529942707,삼성운용,Samsung Korea Target Date 2060 Index,액티브,배당소득세(보유기간과세),20250722,,,,,,,,,,KODEX 미국S&P500,29.938260810153032,Vanguard Total World Stock ETF,27.878870513081445,iShares MSCI ACWI ETF,20.167650928819064,KODEX 종합채권(AA-이상)액티브,6.8513444714827445,KODEX 국고채30년액티브,4.50906356938969,2026-05-07 11:19:49,9월 6일 국내 ETF 1020개 데이터.xlsx / 국내 월배당 ETF 총정리.xlsx / 9월 1주 국내 월배당 ETF 분배금 지급현황.xlsx
473290,473290.KS,KODEX 26-12 회사채(AA-이상)액티브,K55105E71496,채권,국내채권,만기매칭채권,AA+미만,채권,,,,Y,Y,5,0.018671731642,0.020419688995,0.200417790465,0.699259253772,1.851942047664,2.583821610745,4.269914601708,,0.09,0.1,0.1002,10875,0,0,8129.46113894,44485,4.83783886,0.008191532294,삼성운용,KAP 26-12 회사채 총수익 지수(AA- 이상),액티브,배당소득세(보유기간과세),20231212,,,,,,,,,,하나카드249-4,3.7505092022357136,아이비케이캐피탈314-5,2.470973214285147,하나캐피탈439-2,2.4568316204259304,케이씨씨77-1,2.455927400904599,케이비캐피탈524-8,1.2557866077517414,2026-05-07 11:19:49,9월 6일 국내 ETF 1020개 데이터.xlsx / 국내 월배당 ETF 총정리.xlsx / 9월 1주 국내 월배당 ETF 분배금 지급현황.xlsx
488980,488980.KS,SOL 26-12 회사채(AA-이상)액티브,K55210EC9603,채권,국내채권,,,채권,,,,Y,Y,5,0.017929791076,0.019424230559,0.198908717595,0.728732036353,2.006050072912,2.867415783366,,,0.05,0.07,0.0885,52220,-10,-0.019146084625694046,2304.68105179,1306,0.6820268,0.003432187238,신한자산운용,"KAP 26-12 크레딧 채권지수(AA-이상, 총수익)",액티브,배당소득세(보유기간과세),20241008,,,,,,,,,,현대카드897-4,2.8545414682168926,케이비국민카드378-1,2.853588456482014,현대캐피탈2002-3,2.8530531948878606,KB증권42-2,2.852049733209625,엔에이치농협캐피탈212,2.8488910745609064,2026-05-07 11:19:49,9월 6일 국내 ETF 1020개 데이터.xlsx / 국내 월배당 ETF 총정리.xlsx / 9월 1주 국내 월배당 ETF 분배금 지급현황.xlsx
0052T0,0052T0.KS,1Q 중단기회사채(A-이상)액티브,K55102EJ9938,채권,국내채권,,,채권,,,,Y,Y,5,0.032650634048,0.019290077518,0.263259512048,0.750959514956,,,,,0.05,0.05,0.05,50390,0,0,1225.68710395,790,0.398081,-0.009621643278,하나운용,KEDI 중단기크레딧플러스채권(AAA~A-)지수(총수익),액티브,배당소득세(보유기간과세),20250527,,,,,,,,,,키움캐피탈222-1,7.516025156153942,넥센타이어63-2,7.492299232796511,아이엠캐피탈132-3,7.486533724586144,메리츠캐피탈281-5,7.484289012800607,전자단기사채(컬티베이션제십차 20250710-9,7.4392424087747315,2026-05-07 11:19:49,9월 6일 국내 ETF 1020개 데이터.xlsx / 국내 월배당 ETF 총정리.xlsx / 9월 1주 국내 월배당 ETF 분배금 지급현황.xlsx
0000Y0,0000Y0.KS,HK 26-12 회사채(AA-이상)액티브,K55224EH0304,채권,국내채권,,,채권,,,,Y,Y,5,0.017429991159,0.019203533587,0.189981867399,0.64085131277,1.79503907044,2.472148760147,,,0.065,0.08,0.0806,102680,0,0,1237.01766538,0,0,0.002419410724,흥국운용,KAP 26-12 크레딧 채권 총수익지수(AA-이상),액티브,배당소득세(보유기간과세),20241224,,,,,,,,,,서울특별시채권2023-1,17.27753840768588,산업금융채권23신이0400-0105-1,17.183737395567615,농업금융채권(은행)2023-11이3Y-A,8.584419341031865,현대캐피탈2001-1,8.558262815439628,케이비국민카드399-2,8.545142286789599,2026-05-07 11:19:49,9월 6일 국내 ETF 1020개 데이터.xlsx / 국내 월배당 ETF 총정리.xlsx / 9월 1주 국내 월배당 ETF 분배금 지급현황.xlsx
465780,465780.KS,마이티 26-09 특수채(AAA)액티브,K55216E57284,채권,국내채권,만기매칭채권,AA+이상,채권,,,,Y,Y,5,0.013644400666,0.0178160846,0.195613274715,0.635951680407,1.726106589498,2.371729620231,3.977451409801,,0.06,0.08,0.086,106940,0,0,1081.21294598,0,0,0.000660866831,DB자산운용,KAP 26-09 특수채 지수(총수익),액티브,배당소득세(보유기간과세),20230921,,,,,,,,,,토지주택채권(용지)23-09,9.868221196868351,한국가스공사465,9.571691139984948,농업금융채권(은행)2023-10이3Y-D,9.560413418015175,한국가스공사461,9.557129530501916,농금채(중앙회)2024-10이2Y-C,9.41733149475768,2026-05-07 11:19:49,9월 6일 국내 ETF 1020개 데이터.xlsx / 국내 월배당 ETF 총정리.xlsx / 9월 1주 국내 월배당 ETF 분배금 지급현황.xlsx
462340,462340.KS,에셋플러스 글로벌다이나믹시니어액티브,K55364E27897,해외주식,시장대표,,,,,,,Y,Y,2,0.739351391885,0.01740693485,4.09046077083,10.520108062523,9.628094137035,15.974195267858,36.170042939043,,0.99,1.45,1.6258,16575,135,0.8211678832116789,86.0496439,247,0.0408792,-0.016479492417,에셋플러스운용,S&P 500,액티브,배당소득세(보유기간과세),20230725,,,,,,,,,,Lilly (Eli) & Co,8.65629954647409,Amazon,7.139858805997898,Boston Scientific Corp,6.657634691783087,NETFLIX INC,6.337097076107492,VENTAS REIT,6.0122672761155265,2026-05-07 11:19:49,9월 6일 국내 ETF 1020개 데이터.xlsx / 국내 월배당 ETF 총정리.xlsx / 9월 1주 국내 월배당 ETF 분배금 지급현황.xlsx
182480,182480.KS,TIGER 미국MSCI리츠(합성 H),KR5301AJ8059,부동산,,,,"월배당, 리츠/부동산",Y,Y,Y,Y,Y,2,0.827455235978,0.016384320682,3.106858787883,1.79078075443,-2.584015097949,0.815134614236,-3.595732078893,9.108488960208,0.24,0.36,0.4021,12555,105,0.8433734939759037,1377.33486751,17994,2.25792355,-0.667494421945,미래에셋운용,MSCI US REIT Index,패시브,배당소득세(분리과세부동산ETF),20131010,부동산,0.185,20250827,20250829,23,3.6785,461,12,Y,MSCI US REIT Total Return Index TRS 2507,23.07702781368478,MSCI US REIT Total Return Index TRS 2507,18.70760712530244,MSCI US REIT Total Return Index TRS 2507,17.290772224005845,MSCI US REIT Total Return Index TRS 2507,5.67427992260564,MSCI US REIT Total Return Index TRS 2507,3.4028110766432595,2026-05-07 11:19:49,9월 6일 국내 ETF 1020개 데이터.xlsx / 국내 월배당 ETF 총정리.xlsx / 9월 1주 국내 월배당 ETF 분배금 지급현황.xlsx
161510,161510.KS,PLUS 고배당주,KR5213AC3237,국내주식,전략,배당,국내,"월배당, 배당",Y,Y,Y,Y,Y,2,0.068185185005,0.011503923934,0.53482632517,10.611233363795,35.908827027926,39.221406342731,32.295985988881,106.407977153179,0.23,0.28,0.3138,19380,30,0.15503875968992248,15779.01172225,758592,146.73871055,0.036384406015,한화운용,FnGuide 배당주 지수,패시브,비과세,20120829,국내주식,0.4051,20250827,20250829,78,4.1603,806,12,Y,기아,5.510039464820216,현대차,5.378889055278735,기업은행,5.279497195336005,DB손해보험,5.277051580345212,우리금융지주,5.091167618404149,2026-05-07 11:19:49,9월 6일 국내 ETF 1020개 데이터.xlsx / 국내 월배당 ETF 총정리.xlsx / 9월 1주 국내 월배당 ETF 분배금 지급현황.xlsx
0016X0,0016X0.KS,SOL 중단기회사채(A-이상)액티브,K55210EH5770,채권,국내채권,,,채권,,,,Y,Y,5,0.029722165261,0.011503258768,0.252524559225,0.861892418523,2.017690814745,,,,0.05,0.06,0.0619,51135,5,0.009778994719342852,3162.39655755,76792,39.26504109,0.015357704606,신한자산운용,KIS 중단기크레딧플러스채권(AA+~A-)지수(총수익),액티브,배당소득세(보유기간과세),20250218,,,,,,,,,,한화솔루션287-2,3.228590113180321,롯데카드548-4,3.209380781164914,신세계푸드5-1,3.194681695585386,하나에프앤아이187-2,3.1910115643617343,한국캐피탈545-3,3.1878630860721873,2026-05-07 11:19:49,9월 6일 국내 ETF 1020개 데이터.xlsx / 국내 월배당 ETF 총정리.xlsx / 9월 1주 국내 월배당 ETF 분배금 지급현황.xlsx
494410,494410.KS,PLUS 미국S&P500성장주,K55213EF0978,해외주식,전략,,,미국/테크,,,,Y,Y,2,0.827594681435,0.009767434825,2.194759295293,13.073397659873,13.874923979601,8.717274976682,,,0.0062,0.17,0.3687,12000,105,0.8827238335435057,275.53427979,3694,0.44281547,-0.119772473465,한화운용,S&P 500 Growth Index,패시브,배당소득세(보유기간과세),20241022,,,,,,,,,,NVIDIA CORP,14.212663984117029,MICROSOFT CORP,6.671950368388318,APPLE INC,5.596899443533569,META PLATFORMS INC-CLASS A,5.4641771050398456,BROADCOM INC,4.856739518233742,2026-05-07 11:19:49,9월 6일 국내 ETF 1020개 데이터.xlsx / 국내 월배당 ETF 총정리.xlsx / 9월 1주 국내 월배당 ETF 분배금 지급현황.xlsx
419890,419890.KS,KIWOOM 단기채권ESG액티브,K55206DR4802,채권,국내채권,,,채권,,,,Y,Y,5,0.015723690422,0.009563967547,0.185704086172,0.643294536719,1.665171466773,2.315245757806,3.760637274069,13.351223389703,0.15,0.17,0.1737,108965,0,0,1024.2335813,10443,11.37785665,0.008775729807,키움투자운용,KIS ESG 9M~1.5Y,액티브,배당소득세(보유기간과세),20220303,,,,,,,,,,경기주택도시공사23-11-63(사),9.240515890713011,인천도시공사232(사),9.071818630403708,예보기금특별계정채권2023-5(사),9.013628173452549,평택도시공사2024-5(사),8.935958463781084,한국주택금융공사198(사),8.896292064864127,2026-05-07 11:19:49,9월 6일 국내 ETF 1020개 데이터.xlsx / 국내 월배당 ETF 총정리.xlsx / 9월 1주 국내 월배당 ETF 분배금 지급현황.xlsx
494310,494310.KS,KODEX 반도체레버리지,K55105EE8742,레버리지/인버스,2X 레버리지,,,레버리지,,,,,,1,2.022171615176,0.009013759884,5.499535677311,26.051793336306,30.803276304308,54.915703212673,,,0.49,0.52,0.9186,11810,250,2.162629757785467,1074.39922555,690856,81.84274462,-0.740998186746,삼성운용,KRX 반도체 지수,패시브,배당소득세(보유기간과세),20241022,,,,,,,,,,SK하이닉스,18.35520541882274,KODEX 반도체,14.530328500453143,삼성전자,10.313514951886333,KODEX AI반도체,4.611061540606679,2025-09 삼성전자개별선물,4.50655367604108,2026-05-07 11:19:49,9월 6일 국내 ETF 1020개 데이터.xlsx / 국내 월배당 ETF 총정리.xlsx / 9월 1주 국내 월배당 ETF 분배금 지급현황.xlsx
0091M0,0091M0.KS,HANARO 27-06 회사채(AA-이상)액티브,K55232EN3029,채권,국내채권,,,채권,,,,Y,Y,5,0.017385882663,0.001898164475,,,,,,,0.02,,,10005,0,0,1121.1045787,200,0.02001,-0.014826610474,NH-Amundi운용,KIS 회사채(AA-이상)2706만기형지수(총수익),액티브,배당소득세(보유기간과세),20250826,,,,,,,,,,삼성증권20-2,9.226995620586019,아이지이1-2(녹),9.20653648923646,포스코퓨처엠22-1(녹),9.172316234488655,신세계142-2,9.16009622781223,신한금융지주168-1,9.118402363830992,2026-05-07 11:19:49,9월 6일 국내 ETF 1020개 데이터.xlsx / 국내 월배당 ETF 총정리.xlsx / 9월 1주 국내 월배당 ETF 분배금 지급현황.xlsx
453330,453330.KS,RISE 미국S&P500(H),K55223E05289,해외주식,시장대표,해외시장지수(환헷지),미국 S&P500,"월배당, 미국/테크",Y,Y,Y,Y,Y,2,0.83555416821,-0.000255848224,2.683600804466,8.47780615958,11.576306251006,9.526062160928,16.477919836424,,0.0047,0.16,0.2666,15680,160,1.0309278350515463,938.05408106,55061,8.62208429,0.04026509539,KB운용,S&P 500,패시브,배당소득세(보유기간과세),20230321,해외주식,0.0964,20250827,20250829,15,1.1287,175,12,Y,NVIDIA CORP,7.614754654750428,MICROSOFT CORP,6.873737419072078,APPLE INC,6.518373554403437,AMAZON.COM INC,3.9076677173927816,META PLATFORMS INC-CLASS A,2.92829324416639,2026-05-07 11:19:49,9월 6일 국내 ETF 1020개 데이터.xlsx / 국내 월배당 ETF 총정리.xlsx / 9월 1주 국내 월배당 ETF 분배금 지급현황.xlsx
239660,239660.KS,PLUS 우량회사채50,K55213BB5131,채권,국내채권,,,채권,,,,Y,Y,5,0.018906295928,-0.001459107199,0.168817986976,0.592349543199,1.548688216989,2.040202090019,3.357824294481,11.618686675975,0.135,0.18,0.185,121300,20,0.016490765171503958,169.82739823,227,0.2753734,0.000688649393,한화운용,KOBI HALF CREDIT Index(총수익),패시브,배당소득세(보유기간과세),20160322,,,,,,,,,,국고채권03250-2706(24-4),44.52908694666867,미래에셋증권68,7.4700752841162545,수산금융채권(은행)24-9이18-05,7.349388613421549,하나증권12-1,7.349207035147738,농업금융채권(은행)2024-04이2Y-F,7.346745256691932,2026-05-07 11:19:49,9월 6일 국내 ETF 1020개 데이터.xlsx / 국내 월배당 ETF 총정리.xlsx / 9월 1주 국내 월배당 ETF 분배금 지급현황.xlsx
480260,480260.KS,TIGER 27-04회사채(A+이상)액티브,K55301E99955,채권,국내채권,만기매칭채권,AA+미만,채권,,,,Y,Y,5,0.023572978291,-0.002810885219,0.195305250579,0.788378107126,2.07861910339,2.996330011014,4.895329660113,,0.1,0.11,0.1215,53730,15,0.027925160569673275,4179.27742935,48502,26.06015224,0.00905213397,미래에셋운용,KIS 회사채2704만기형 지수,액티브,배당소득세(보유기간과세),20240423,,,,,,,,,,JB 우리캐피탈508-3,25.113240348194424,롯데카드539-6,24.89001830325997,우리금융캐피탈511-4,16.650016248464812,현대커머셜514-3,8.369356785109364,케이비캐피탈529-3,8.356863225056873,2026-05-07 11:19:49,9월 6일 국내 ETF 1020개 데이터.xlsx / 국내 월배당 ETF 총정리.xlsx / 9월 1주 국내 월배당 ETF 분배금 지급현황.xlsx
492500,492500.KS,1Q 현대차그룹채권(A+이상)&국고통안,K55102EE8018,채권,국내채권,,,채권,,,,Y,Y,5,0.026810262976,-0.003207763561,0.182814825599,0.738763011429,1.895895950297,2.546430746298,,,0.1,0.1,0.1,51760,5,0.009660902328277461,1462.39248165,388,0.20079565,0.001672836412,하나운용,KIS 하나 현대차그룹채권(A+이상)&국고통안 총수익지수,패시브,배당소득세(보유기간과세),20241002,,,,,,,,,,현대카드914-4,7.681054220170979,현대캐피탈2045-1,7.654334451509829,현대건설309-2,7.628884205523527,현대제철140-1,7.626519199026647,현대트랜시스48-2,7.624267371170248,2026-05-07 11:19:49,9월 6일 국내 ETF 1020개 데이터.xlsx / 국내 월배당 ETF 총정리.xlsx / 9월 1주 국내 월배당 ETF 분배금 지급현황.xlsx
494330,494330.KS,ACE 라이프자산주주가치액티브,K55101EE7904,국내주식,전략,,,,,,,Y,Y,2,0.312436563926,-0.003372607073,-0.455505884347,13.007472019948,32.311073724016,39.563146764396,,,0.5,0.56,0.6083,13610,55,0.40575433419402435,484.17895738,8414,1.14495665,0.00684562922,한국투자신탁운용,FnGuide 기업가치 지수(시장가격),액티브,배당소득세(보유기간과세),20241015,,,,,,,,,,DN오토모티브,7.704027079630989,삼성전자,6.286334266671335,오리온,6.171811266761541,BNK금융지주,6.163590653695257,삼성물산,5.50894494495433,2026-05-07 11:19:49,9월 6일 국내 ETF 1020개 데이터.xlsx / 국내 월배당 ETF 총정리.xlsx / 9월 1주 국내 월배당 ETF 분배금 지급현황.xlsx
195980,195980.KS,PLUS 신흥국MSCI(합성 H),KR5213AR7165,해외주식,시장대표,,,,,,,Y,Y,2,-0.444440920583,-0.004335753697,1.768195711019,7.387487207327,14.828238612644,16.455997527174,15.586123802222,22.397524513308,0.5,0.58,0.5802,11360,75,0.664599025254763,761.68012869,15533,1.75850427,-0.264739834292,한화운용,MSCI EM Index,패시브,배당소득세(보유기간과세),20140513,,,,,,,,,,스왑(미래에셋증권_231030),59.564257793574455,스왑(키움증권)_231030_1,36.65145724003663,스왑(NH투자증권)_6285_240716,2.822420707473449,스왑(KB증권)_6285_250219,0.6031374357619668,TIGER 이머징마켓MSCI레버리지(합성 H),0.3587268231535003,2026-05-07 11:19:49,9월 6일 국내 ETF 1020개 데이터.xlsx / 국내 월배당 ETF 총정리.xlsx / 9월 1주 국내 월배당 ETF 분배금 지급현황.xlsx
427120,427120.KS,RISE 플랫폼테마,K55223DT7141,국내주식,전략,,,,,,,Y,Y,2,-0.368681331145,-0.004447465684,-2.739841155988,-3.999912164697,10.43794575584,19.266152377038,44.682846110705,0.120231300807,0.45,0.61,0.6344,7870,-50,-0.6313131313131313,533.53887351,8851,0.6990726,0.057932978046,KB운용,FnGuide 플랫폼테마 지수(시장가격지수),패시브,비과세,20220517,,,,,,,,,,카카오,10.299955802529162,NAVER,10.210636827137588,디어유,8.194855346537802,SOOP,7.432495401181222,카페24,7.288974587125767,2026-05-07 11:19:49,9월 6일 국내 ETF 1020개 데이터.xlsx / 국내 월배당 ETF 총정리.xlsx / 9월 1주 국내 월배당 ETF 분배금 지급현황.xlsx
0092C0,0092C0.KS,SOL 27-12 회사채(AA-이상)액티브,K55210EM3463,채권,국내채권,,,채권,,,,Y,Y,5,0.030472398102,-0.009507583096,,,,,,,0.05,,,50065,5,0.00998801438274071,1231.48925413,14878,7.4482131,0.004833368291,신한자산운용,"KAP 27-12 크레딧 채권지수(AA-이상, 총수익)",액티브,배당소득세(보유기간과세),20250819,,,,,,,,,,현대커머셜531-5,7.546634452577621,아이비케이캐피탈317-5,7.477637063642112,우리카드258-4,7.470812198600415,코웨이7-1,7.445311526001796,케이비캐피탈553-5,7.441379060546255,2026-05-07 11:19:49,9월 6일 국내 ETF 1020개 데이터.xlsx / 국내 월배당 ETF 총정리.xlsx / 9월 1주 국내 월배당 ETF 분배금 지급현황.xlsx
449780,449780.KS,KIWOOM 미국S&P500(H),K55206DZ1378,해외주식,시장대표,해외시장지수(환헷지),미국 S&P500,미국/테크,,,,Y,Y,2,0.841180171002,-0.011251159891,2.604459731227,8.512670102018,11.087691344319,9.029221822631,16.355400554881,,0.04,0.31,0.5696,16215,155,0.9651307596513076,291.13725734,3984,0.64541755,0.028313323829,키움투자운용,S&P 500,패시브,배당소득세(보유기간과세),20221220,,,,,,,,,,NVIDIA CORP,7.639427906266519,MICROSOFT CORP,6.896103032313323,APPLE INC,6.539082876221891,AMAZON.COM INC,3.9203208536987386,META PLATFORMS INC-CLASS A,2.9377562855354795,2026-05-07 11:19:49,9월 6일 국내 ETF 1020개 데이터.xlsx / 국내 월배당 ETF 총정리.xlsx / 9월 1주 국내 월배당 ETF 분배금 지급현황.xlsx
448290,448290.KS,TIGER 미국S&P500(H),K55301DY6612,해외주식,시장대표,해외시장지수(환헷지),미국 S&P500,미국/테크,,,,Y,Y,2,0.836599233014,-0.011898221401,2.623609819049,8.509115251855,11.363524420792,9.173189545994,16.214527759184,,0.07,0.18,0.2479,15415,150,0.982640026203734,4052.26542648,84497,13.01166988,0.014862059595,미래에셋운용,S&P 500 Total Return Index,패시브,배당소득세(보유기간과세),20221125,,,,,,,,,,NVIDIA CORP,7.620007533773795,MICROSOFT CORP,6.8783264760483585,APPLE INC,6.5225500814521125,AMAZON.COM INC,3.9104480505005967,META PLATFORMS INC-CLASS A,2.9299805794564984,2026-05-07 11:19:49,9월 6일 국내 ETF 1020개 데이터.xlsx / 국내 월배당 ETF 총정리.xlsx / 9월 1주 국내 월배당 ETF 분배금 지급현황.xlsx
449180,449180.KS,KODEX 미국S&P500(H),K55105DY7584,해외주식,시장대표,해외시장지수(환헷지),미국 S&P500,미국/테크,,,,Y,Y,2,0.834223738859,-0.013987211506,2.613026562919,8.377045324446,11.558347796917,9.364611378887,16.203928777612,,0.0099,0.16,0.2893,14890,160,1.0862186014935507,7163.34815476,186468,27.71246889,0.018733857683,삼성운용,S&P 500 Index,패시브,배당소득세(보유기간과세),20221202,,,,,,,,,,NVIDIA Corp,7.386114141393079,MICROSOFT,6.667750196555293,APPLE Inc,6.322200199929129,Amazon.com Inc,3.7904548943644762,iShares S&P500 Index Fund,2.934719408861395,2026-05-07 11:19:49,9월 6일 국내 ETF 1020개 데이터.xlsx / 국내 월배당 ETF 총정리.xlsx / 9월 1주 국내 월배당 ETF 분배금 지급현황.xlsx
0041E0,0041E0.KS,KODEX 미국S&P500액티브,K55105EJ6188,해외주식,시장대표,,,미국/테크,,,,Y,Y,2,0.861169441609,-0.016192257684,2.769085800921,13.409693159597,,,,,0.45,0.49,0.5964,12415,140,1.140529531568228,235.39078613,8704,1.07854325,-0.067935796838,삼성운용,S&P 500 Index (Price Return),액티브,배당소득세(보유기간과세),20250422,,,,,,,,,,Emini S&P500 FUT(ES) 2025 09,7.630302690370974,MICROSOFT,6.5192269409090065,NVIDIA Corp,6.332467299076541,Direxion Daily S&P 500 Bull 3X,6.302610955565607,APPLE Inc,5.538419568338832,2026-05-07 11:19:49,9월 6일 국내 ETF 1020개 데이터.xlsx / 국내 월배당 ETF 총정리.xlsx / 9월 1주 국내 월배당 ETF 분배금 지급현황.xlsx
0007F0,0007F0.KS,KODEX 27-12 회사채(AA-이상)액티브,K55105EG9086,채권,국내채권,,,채권,,,,Y,Y,5,0.029108255452,-0.018974519653,0.172462538875,0.794190325122,2.048419166648,,,,0.09,0.1,0.1003,10280,0,0,4324.74201972,11249,1.15603122,0.02360993285,삼성운용,KAP 27-12 회사채 총수익 지수(AA- 이상),액티브,배당소득세(보유기간과세),20250114,,,,,,,,,,현대커머셜543-4,4.6992252101194465,우리카드231-9(사),2.423741596025012,케이비국민카드415-1,2.3760579407131,엔에이치농협캐피탈240-5,2.370281070767714,신한캐피탈503-2,2.367966406267563,2026-05-07 11:19:49,9월 6일 국내 ETF 1020개 데이터.xlsx / 국내 월배당 ETF 총정리.xlsx / 9월 1주 국내 월배당 ETF 분배금 지급현황.xlsx
336160,336160.KS,RISE 금융채액티브,K55223CW3484,채권,국내채권,,,"월배당, 채권",Y,Y,Y,Y,Y,5,0.033448102998,-0.031623943971,0.156962686672,0.757391525684,2.01134364007,2.806864554123,4.700325206747,16.109202884997,0.07,0.09,0.0939,103760,55,0.05303505134757244,445.98608038,235,0.2437906,0.028264124957,KB운용,KIS 종합채권금융채 2.5Y-3Y 지수 (총수익),액티브,배당소득세(보유기간과세),20191029,채권,0.1956,20250827,20250829,203,3.094,3208,12,Y,신한은행28-11-이-3-A,20.682174055123177,우리은행29-04-이표03-갑-23,20.509497025441227,신한카드2244-1,6.230368890623473,우리카드259-3,6.204602674582679,JB 우리캐피탈533-5,6.186258952046345,2026-05-07 11:19:49,9월 6일 국내 ETF 1020개 데이터.xlsx / 국내 월배당 ETF 총정리.xlsx / 9월 1주 국내 월배당 ETF 분배금 지급현황.xlsx
0094K0,0094K0.KS,TIGER 28-04 회사채(A+이상)액티브,K55301EM5013,채권,국내채권,,,채권,,,,Y,Y,5,0.031924923639,-0.031764445365,,,,,,,0.1,,,99885,15,0.015019525382997898,1564.80356019,205580,205.33031725,0.019219318457,미래에셋운용,KIS 회사채 2804만기형 지수(총수익),액티브,배당소득세(보유기간과세),20250826,,,,,,,,,,롯데캐피탈465-2,6.121094849729564,알씨아이파이낸셜서비스코리아131,5.986160643668917,케이비캐피탈560-7,5.933052653802419,한국투자캐피탈124-1,5.9308171513370525,알씨아이파이낸셜서비스코리아130,5.926804891187043,2026-05-07 11:19:49,9월 6일 국내 ETF 1020개 데이터.xlsx / 국내 월배당 ETF 총정리.xlsx / 9월 1주 국내 월배당 ETF 분배금 지급현황.xlsx
241390,241390.KS,RISE V&S셀렉트밸류채권혼합,K55223BB7382,자산배분,주식+채권,,,채권,,,,Y,Y,4,-0.005183854028,-0.035490785609,0.320950006096,5.732794060837,10.060568795527,11.951628068279,9.587104548881,21.866770674529,0.23,0.42,0.4293,12795,30,0.23501762632197415,152.77413753,9508,1.21484575,0.015075017061,KB운용,FnGuide 셀렉트벨류 채권혼합지수,패시브,배당소득세(보유기간과세),20160412,,,,,,,,,,국고채권03000-2909(24-7),22.4693596441235,국고채권03250-2706(24-4),14.863396650197501,국고채권02875-2712(24-12),14.781092872655236,RISE V&S셀렉트밸류,10.078144538198051,삼성전자,9.762972739628916,2026-05-07 11:19:49,9월 6일 국내 ETF 1020개 데이터.xlsx / 국내 월배당 ETF 총정리.xlsx / 9월 1주 국내 월배당 ETF 분배금 지급현황.xlsx
433870,433870.KS,PLUS TDF2050액티브,K55213DU6068,자산배분,주식+채권,,,채권,,,,Y,Y,2,0.469624801471,-0.038244733168,1.762717969799,7.923071509811,6.863845832566,6.302765894705,18.168866132835,44.055287170804,0.18,0.46,1.3187,14965,-30,-0.20006668889629878,31.56089233,1495,0.2246358,0.0055433453,한화운용,Morningstar Korea Lifetime Allocation Moderate 2050 Index (Gross Return),액티브,배당소득세(보유기간과세),20220630,,,,,,,,,,ISHARES MSCI WORLD ETF,22.300672447820336,PLUS 미국S&P500성장주,17.932608399084533,PLUS 국채선물10년,17.306164814223134,ISHARES CORE MSCI EMERGING,11.35923656009543,KIWOOM 국고채10년,9.163752541949762,2026-05-07 11:19:49,9월 6일 국내 ETF 1020개 데이터.xlsx / 국내 월배당 ETF 총정리.xlsx / 9월 1주 국내 월배당 ETF 분배금 지급현황.xlsx
439860,439860.KS,KODEX ESG종합채권(A-이상)액티브,K55105DR2899,채권,국내채권,종합채권,종합채권,채권,,,,Y,Y,5,0.03850728151,-0.040039131062,0.128495994194,0.767346652017,2.001746383742,2.746572375566,4.608220715603,17.374432663658,0.07,0.09,0.1016,116595,35,0.03002745367192862,2746.22993972,159,0.18528375,0.047937262794,삼성운용,KAP ESG 종합채권지수(A-이상 총수익),액티브,배당소득세(보유기간과세),20220823,,,,,,,,,,하나캐피탈440-3(지),5.470217318713769,도로공사855,2.9277528639242796,신한캐피탈483-2,2.916629068220288,케이씨씨75-2,2.820024482490168,주택금융공사95(사),2.791157621092542,2026-05-07 11:19:49,9월 6일 국내 ETF 1020개 데이터.xlsx / 국내 월배당 ETF 총정리.xlsx / 9월 1주 국내 월배당 ETF 분배금 지급현황.xlsx
136340,136340.KS,RISE 중기우량회사채,KR5223970371,채권,국내채권,,,"월배당, 채권",Y,Y,Y,Y,Y,5,0.039381022488,-0.041160723215,0.143297908675,0.738144745787,1.997085317529,2.775435110037,4.470858526702,15.881607347209,0.07,0.1,0.1049,107645,35,0.03252485828454604,1799.18674559,2022,2.1761053,0.026794161398,KB운용,KOBI 크레딧 지수(총수익),패시브,배당소득세(보유기간과세),20110415,채권,0.1161,20250827,20250829,125,2.6542,2855,12,Y,국고채권02625-3003(25-3),7.831085422148669,3년국채 F 202509,7.396323718356859,우리은행28-08-이표05-갑-30,5.270762930015349,우리카드260-5(사),5.211212002260122,우리금융캐피탈526-2(녹),5.201374960710265,2026-05-07 11:19:49,9월 6일 국내 ETF 1020개 데이터.xlsx / 국내 월배당 ETF 총정리.xlsx / 9월 1주 국내 월배당 ETF 분배금 지급현황.xlsx
0089B0,0089B0.KS,PLUS 미국나스닥100미국채혼합50,K55213EM5556,자산배분,주식+채권,,,"채권, 미국/테크",,,,Y,Y,4,0.373808198553,-0.042270398957,,,,,,,0.15,,,10045,50,0.5002501250625313,90.23778918,184127,18.49513446,-0.060289304103,한화운용,Nasdaq-100 US T-Bills 1-3 Month 50/50 Index (USD),패시브,배당소득세(보유기간과세),20250819,,,,,,,,,,VANGUARD 0-3M T-BILL ETF,12.934242282656946,GLOBAL X 1-3 MONTH T-BILL,12.932268170602438,B 12/18/25,7.918853682895971,B 01/15/26,7.896943289415361,B 02/12/26,7.874167715886247,2026-05-07 11:19:49,9월 6일 국내 ETF 1020개 데이터.xlsx / 국내 월배당 ETF 총정리.xlsx / 9월 1주 국내 월배당 ETF 분배금 지급현황.xlsx
321410,321410.KS,KODEX 멀티에셋하이인컴(H),K55105CK0701,자산배분,주식+채권,,,채권,,,,Y,Y,4,0.371743962802,-0.050479116441,1.918121873512,3.078793415365,5.223566061939,7.774804798292,4.06967319169,12.636699785204,0.25,0.43,0.6316,10345,15,0.1452081316553727,51.67847179,49,0.0050678,0.178716672502,삼성운용,Morningstar Multi-Asset High Income 10% Capped Index,패시브,배당소득세(보유기간과세),20190605,,,,,,,,,,iShares Latin America 40 ETF,10.84705850859935,iShares Core 1-5 Year USD Bond ETF,10.728761099378483,ISHARES FLOATING RATE BOND E,10.705937734586671,iShares Broad USD High Yield C,10.701215924445181,iShares Global REIT ETF,10.640851101567632,2026-05-07 11:19:49,9월 6일 국내 ETF 1020개 데이터.xlsx / 국내 월배당 ETF 총정리.xlsx / 9월 1주 국내 월배당 ETF 분배금 지급현황.xlsx
251600,251600.KS,PLUS 고배당주채권혼합,K55213BG0095,자산배분,주식+채권,,,"월배당, 배당, 채권",Y,Y,Y,Y,Y,4,0.058005728427,-0.050951980404,0.241687082215,4.498743271508,14.579385806015,15.965315780682,14.843994781715,43.816438786314,0.2,0.25,0.3118,13920,20,0.14388489208633093,3619.74191203,195240,27.14102007,0.348450697425,한화운용,FnGuide 고배당 채권혼합 지수,패시브,배당소득세(보유기간과세),20160811,자산배분,0.324,20250827,20250829,45,3.7516,520,12,Y,3년국채 F 202509,11.981868443744188,국고채권02875-2712(24-12),10.755610978920123,국고채권02625-3003(25-3),10.711352939508783,PLUS 머니마켓액티브,6.701932416417759,국고채권02250-2806(25-4),6.641625772687605,2026-05-07 11:19:49,9월 6일 국내 ETF 1020개 데이터.xlsx / 국내 월배당 ETF 총정리.xlsx / 9월 1주 국내 월배당 ETF 분배금 지급현황.xlsx
143850,143850.KS,TIGER 미국S&P500선물(H),KR5225A46688,해외주식,시장대표,해외시장지수(환헷지),미국 S&P500,미국/테크,,,,Y,,2,0.837019871007,-0.058719675305,2.417159967184,7.840688537333,10.713961562547,8.037685781077,13.853169532849,49.274656052833,0.3,0.36,0.3936,68855,660,0.9678128895080285,1133.15354639,26421,18.17503995,0.001973714518,미래에셋운용,S&P 500 Futures Index(ER),패시브,배당소득세(보유기간과세),20110718,,,,,,,,,,S&P500 EMINI FUT SEP25,96.41571342211313,SPDR S&P 500 ETF TRUST,2.242784203741768,ISHARES CORE S&P 500 ETF,1.341502374145104,설정현금액,0,미달러선물25년09월물,0,2026-05-07 11:19:49,9월 6일 국내 ETF 1020개 데이터.xlsx / 국내 월배당 ETF 총정리.xlsx / 9월 1주 국내 월배당 ETF 분배금 지급현황.xlsx
267450,267450.KS,RISE 미국장기국채선물인버스(H),K55223BN1092,레버리지/인버스,1X 인버스,,,인버스,,,,,,2,-0.287939170481,-0.05994715233,0.577871380834,-1.39864325833,2.274108889787,-1.787090448027,8.724722459998,17.761091945256,0.4,0.91,1.0446,10955,-75,-0.6799637352674524,55.18222336,2,0.0002191,-0.239987027532,KB운용,S&P U.S. Treasury Bond Futures Excess Return Index,패시브,배당소득세(보유기간과세),20170420,,,,,,,,,,RISE 머니마켓액티브,9.780497099822846,RISE 단기통안채,7.412189538809251,RISE 중기우량회사채,3.8527657835158284,PROSHARES ULTRASHORT 20+Y TR,1.8017865014138545,FX스왑 USD 250904-58,0.4043992409733782,2026-05-07 11:19:49,9월 6일 국내 ETF 1020개 데이터.xlsx / 국내 월배당 ETF 총정리.xlsx / 9월 1주 국내 월배당 ETF 분배금 지급현황.xlsx
0049M0,0049M0.KS,ACE 미국배당퀄리티+커버드콜액티브,K55101EK7344,해외주식,전략,,,"월배당, 커버드콜, 배당",Y,Y,,Y,Y,2,0.42854104129,-0.061996280274,2.477730928812,8.686213070201,,,,,0.15,0.28,0.4267,10630,40,0.3777148253068933,403.677029,63078,6.70429628,0.074849286135,한국투자신탁운용,Bloomberg WisdomTree U.S. Quality Dividend & B500 Premium Decrement 50:50 Index,액티브,배당소득세(보유기간과세),20250513,,,,,,,,,,JPMorgan Nasdaq Equity Premium Income Ac,21.976920670795216,JPMorgan US Equity Premium Income Active,21.663506515893886,Global X Nasdaq 100 Covered Call UCITS E,8.405044227780886,JPMorgan Nasdaq Equity Premium Income ET,6.864578675570791,JPMorgan Equity Premium Income ETF,6.7302667653500885,2026-05-07 11:19:49,9월 6일 국내 ETF 1020개 데이터.xlsx / 국내 월배당 ETF 총정리.xlsx / 9월 1주 국내 월배당 ETF 분배금 지급현황.xlsx
219480,219480.KS,KODEX 미국S&P500선물(H),K55105B29847,해외주식,시장대표,해외시장지수(환헷지),미국 S&P500,미국/테크,,,,Y,,2,0.84568531075,-0.065354386584,2.566637759248,8.234917004864,11.380285493827,8.922346840642,15.02606135994,53.100941893832,0.05,0.1,0.1633,28935,280,0.9771418600593265,1472.35838099,15055,4.35244912,0.034387096343,삼성운용,S&P500 Futures Total Return Index,패시브,배당소득세(보유기간과세),20150529,,,,,,,,,,Emini S&P500 FUT(ES) 2025 09,91.6555563700844,SPDR S&P500 ETF,8.34444362991561,설정현금액,0,2025-09 달러선물,0,원화현금,0,2026-05-07 11:19:49,9월 6일 국내 ETF 1020개 데이터.xlsx / 국내 월배당 ETF 총정리.xlsx / 9월 1주 국내 월배당 ETF 분배금 지급현황.xlsx
251350,251350.KS,KODEX MSCI선진국,K55105BF7266,해외주식,시장대표,,,,,,,Y,Y,3,0.732336061172,-0.065865186894,3.282950273852,10.256911319299,8.178488612436,7.831290107056,22.817467621092,69.83518441295,0.3,0.37,0.3785,33400,280,0.8454106280193237,3993.40012452,61279,20.47032059,-0.030840229163,삼성운용,MSCI World Index(원화환산),패시브,배당소득세(해외주식투자전용ETF),20160817,,,,,,,,,,MSCI World Index Futures 2025 09,6.270879282630502,NVIDIA Corp,5.036690584701334,MICROSOFT,4.3179692846797275,APPLE Inc,4.3066157260100475,Amazon.com Inc,2.6114654146114145,2026-05-07 11:19:49,9월 6일 국내 ETF 1020개 데이터.xlsx / 국내 월배당 ETF 총정리.xlsx / 9월 1주 국내 월배당 ETF 분배금 지급현황.xlsx
298340,298340.KS,PLUS 국채선물3년,K55213C88959,채권,국내채권,,,채권,,,,Y,,5,0.037512270002,-0.066841622653,0.05812982505,0.466234448831,1.363139268656,1.73524210286,3.057015959267,10.845528496377,0.1,0.15,0.197,57315,0,0,201.82298866,0,0,0.011211142473,한화운용,국채선물지수,패시브,배당소득세(보유기간과세),20180608,,,,,,,,,,3년국채 F 202509,97.35544287389956,PLUS KOFR금리,2.6445571261004317,설정현금액,0,원화현금,0,,,2026-05-07 11:19:49,9월 6일 국내 ETF 1020개 데이터.xlsx / 국내 월배당 ETF 총정리.xlsx / 9월 1주 국내 월배당 ETF 분배금 지급현황.xlsx
442570,442570.KS,RISE TDF2050액티브,K55223DX5255,자산배분,주식+채권,,,채권,,,,Y,Y,2,0.668845534917,-0.068181405737,1.953685409634,7.950784697814,6.762034134778,7.1794791191,18.078100018284,,0.01,0.11,0.1755,14345,95,0.6666666666666666,350.83149164,13152,1.88265953,0.113507016885,KB운용,iSelect 전략적자산배분 TDF 2050 지수,액티브,배당소득세(보유기간과세),20220922,,,,,,,,,,RISE 미국S&P500,24.97338485342273,RISE 미국나스닥100,20.45397793528044,VANGUARD FTSE EUROPE ETF,11.681506708511062,RISE 종합채권(A-이상)액티브,11.264137049923814,RISE 200,5.345987921392701,2026-05-07 11:19:49,9월 6일 국내 ETF 1020개 데이터.xlsx / 국내 월배당 ETF 총정리.xlsx / 9월 1주 국내 월배당 ETF 분배금 지급현황.xlsx
438560,438560.KS,SOL 국고채3년,K55210DW6796,채권,국내채권,,,채권,,,,Y,Y,5,0.040160219943,-0.068629293937,0.082179968887,0.503683600521,1.543045524189,1.995041905673,3.616274825453,12.695643039053,0.05,0.08,0.0839,103615,55,0.053109308613364235,215.49169266,219,0.2269475,0.005101535679,신한자산운용,KAP 국고채3년지수(총수익지수),패시브,배당소득세(보유기간과세),20220906,,,,,,,,,,국고02875-2712(24-12),36.64855769322723,국고02625-3003(25-3),26.460870655081155,국고채03250-2706(24-4),23.032890399101344,2025-09 국채선물3(신),7.035523882697115,국고03125-2606(23-4),4.569574636951404,2026-05-07 11:19:49,9월 6일 국내 ETF 1020개 데이터.xlsx / 국내 월배당 ETF 총정리.xlsx / 9월 1주 국내 월배당 ETF 분배금 지급현황.xlsx
0060H0,0060H0.KS,TIGER 토탈월드스탁액티브,K55301EK7888,해외주식,시장대표,,,,,,,Y,Y,2,0.616793236317,-0.069200616749,3.132704983893,,,,,,0.25,0.37,0.5298,10790,90,0.8411214953271028,2452.90479409,404493,43.58632119,0.070419911093,미래에셋운용,FTSE Global All Cap Index(PR),액티브,배당소득세(보유기간과세),20250624,,,,,,,,,,VANGUARD FTSE EMERGING MARKE,4.968279653289107,NVIDIA CORP,4.498664481266323,MICROSOFT CORP,4.222906911442327,APPLE INC,3.9604938799050986,AMAZON.COM INC,2.4423794977254327,2026-05-07 11:19:49,9월 6일 국내 ETF 1020개 데이터.xlsx / 국내 월배당 ETF 총정리.xlsx / 9월 1주 국내 월배당 ETF 분배금 지급현황.xlsx
114100,114100.KS,RISE 국고채3년,KR5223149026,채권,국내채권,,,채권,,,,Y,Y,5,0.046368164105,-0.070385767826,0.071909862043,0.505083396837,1.542549748109,1.99350923271,3.593061139702,12.355780276925,0.115,0.14,0.1411,110360,135,0.1224767520979814,629.54788165,426,0.46992835,0.016128077596,KB운용,KTB INDEX(시장가격),패시브,배당소득세(보유기간과세),20090729,,,,,,,,,,국고채권02875-2712(24-12),42.45101456748403,국고채권02625-3003(25-3),41.04327272560895,국고채권03250-2903(24-1),8.501828185689712,국고채권03250-2706(24-4),8.003884521217305,설정현금액,0,2026-05-07 11:19:49,9월 6일 국내 ETF 1020개 데이터.xlsx / 국내 월배당 ETF 총정리.xlsx / 9월 1주 국내 월배당 ETF 분배금 지급현황.xlsx
114820,114820.KS,TIGER 국채3년,KR5225151061,채권,국내채권,,,채권,,,,Y,Y,5,0.040409234282,-0.070432058816,0.072762017689,0.479979221554,1.472825839178,1.914622224109,3.468133758425,12.264199488537,0.15,0.17,0.1736,106840,80,0.07493443237167478,1055.40301107,1627,1.73858695,0.006847423909,미래에셋운용,KTB INDEX(시장가격),패시브,배당소득세(보유기간과세),20090827,,,,,,,,,,국고채권03250-2706(24-4),33.50270947184149,국고채권02875-2712(24-12),33.31719342645743,국고채권02625-3003(25-3),33.18009710170108,설정현금액,0,원화현금,0,2026-05-07 11:19:49,9월 6일 국내 ETF 1020개 데이터.xlsx / 국내 월배당 ETF 총정리.xlsx / 9월 1주 국내 월배당 ETF 분배금 지급현황.xlsx
114470,114470.KS,KIWOOM 국고채3년,KR5206150033,채권,국내채권,,,채권,,,,Y,Y,5,0.041273967588,-0.07130179205,0.078450579698,0.504081777905,1.53545588243,1.980467609673,3.545383506469,12.651689457773,0.05,0.09,0.0945,111270,70,0.06294964028776978,299.2713856,122,0.1357568,0.006061752588,키움투자운용,KTB INDEX(시장가격),패시브,배당소득세(보유기간과세),20090731,,,,,,,,,,국고채권03250-2706(24-4),33.50270947184149,국고채권02875-2712(24-12),33.31719342645743,국고채권02625-3003(25-3),33.18009710170108,원화현금,0,,,2026-05-07 11:19:49,9월 6일 국내 ETF 1020개 데이터.xlsx / 국내 월배당 ETF 총정리.xlsx / 9월 1주 국내 월배당 ETF 분배금 지급현황.xlsx
432600,432600.KS,RISE 국채선물3년,K55223DU5613,채권,국내채권,,,채권,,,,Y,,5,0.031161679033,-0.071601818575,0.048132854578,0.394104999004,1.278107282695,1.622941802988,2.853731517386,10.566698173829,0.07,0.12,0.1371,55775,115,0.2066115702479339,56.84134981,4,0.002231,-0.001518957876,KB운용,국채선물지수,패시브,배당소득세(보유기간과세),20220614,,,,,,,,,,3년국채 F 202509,100,설정현금액,0,원화현금,0,,,,,2026-05-07 11:19:49,9월 6일 국내 ETF 1020개 데이터.xlsx / 국내 월배당 ETF 총정리.xlsx / 9월 1주 국내 월배당 ETF 분배금 지급현황.xlsx
114260,114260.KS,KODEX 국고채3년,KR5105149383,채권,국내채권,,,채권,,,,Y,Y,5,0.039583936281,-0.073806263508,0.069400974167,0.489901666226,1.490306596929,1.924416149817,3.506290954851,12.448605632728,0.15,0.17,0.1757,63025,50,0.0793965859468043,6028.47241858,12877,8.11604811,-0.006913401494,삼성운용,MKF 국고채 지수(총수익),패시브,배당소득세(보유기간과세),20090729,,,,,,,,,,국고채03250-2706(24-4),33.502709294937056,국고02875-2712(24-12),33.31719338236331,국고02625-3003(25-3),33.18009732269964,설정현금액,0,원화현금,0,2026-05-07 11:19:49,9월 6일 국내 ETF 1020개 데이터.xlsx / 국내 월배당 ETF 총정리.xlsx / 9월 1주 국내 월배당 ETF 분배금 지급현황.xlsx
114460,114460.KS,ACE 국고채3년,KR5101148215,채권,국내채권,,,채권,,,,Y,Y,5,0.040702599526,-0.073975761205,0.067233833644,0.484175206318,1.481166109336,1.912177632525,3.477241218002,12.343381881397,0.15,0.19,0.191,104035,30,0.02884476707850584,124.35382079,127,0.13216255,0.002668041806,한국투자신탁운용,KTB INDEX(시장가격),패시브,배당소득세(보유기간과세),20090731,,,,,,,,,,국고채03250-2706(24-4),33.50270947184149,국고02875-2712(24-12),33.31719342645743,국고02625-3003(25-3),33.18009710170108,원화현금,0,,,2026-05-07 11:19:49,9월 6일 국내 ETF 1020개 데이터.xlsx / 국내 월배당 ETF 총정리.xlsx / 9월 1주 국내 월배당 ETF 분배금 지급현황.xlsx
215620,215620.KS,HK S&P코리아로우볼,K55224B12636,국내주식,전략,,,,,,,Y,Y,3,0.069218566776,-0.075396274403,-0.48487833833,5.775309392812,21.757287863229,27.571722231106,21.705664034849,41.551598363388,0.4,0.61,0.6639,15645,0,0,99.27616206,0,0,-0.231310362624,흥국운용,S&P Korea 저변동성 지수,패시브,비과세,20150325,,,,,,,,,,대신증권,3.3433650409632785,LG유플러스,3.2533850208825688,다우기술,2.8876280194159176,iM금융지주,2.833562607028827,기업은행,2.6720978455955953,2026-05-07 11:19:49,9월 6일 국내 ETF 1020개 데이터.xlsx / 국내 월배당 ETF 총정리.xlsx / 9월 1주 국내 월배당 ETF 분배금 지급현황.xlsx
438330,438330.KS,TIGER 우량회사채액티브,K55301DW0609,채권,국내채권,,,"월배당, 채권",Y,Y,Y,Y,Y,5,0.050786734714,-0.077527703687,0.126866832124,1.001959999025,2.441605810194,3.346765924081,5.54619081964,19.57304034787,0.1,0.12,0.1395,117600,70,0.05955926146515783,5908.2974465,34524,40.59469772,0.034592712681,미래에셋운용,KIS 투자등급회사채 지수(총수익),액티브,배당소득세(보유기간과세),20220823,채권,0.1997,20250827,20250829,235,1.0053,1181,5,Y,현대카드903-4(녹),2.579243046018662,롯데카드531-3,2.4943518121881314,케이비국민카드424-7,2.475089321200155,에스케이실트론52-2,2.471287586723333,JB 우리캐피탈490-3,1.3254259638331776,2026-05-07 11:19:49,9월 6일 국내 ETF 1020개 데이터.xlsx / 국내 월배당 ETF 총정리.xlsx / 9월 1주 국내 월배당 ETF 분배금 지급현황.xlsx
329650,329650.KS,KODEX TRF3070,K55105CS1271,자산배분,주식+채권,,,"월배당, 채권",Y,Y,,Y,Y,4,0.247574220703,-0.086691660517,0.890859350731,3.454036216737,3.495891440936,4.18137524465,10.191375590231,29.745741337698,0.24,0.29,0.3019,14085,35,0.2491103202846975,2392.25765971,37367,5.26199013,-0.073818262565,삼성운용,Fnguide TRF 3070 지수,패시브,배당소득세(보유기간과세),20190704,,,,,,,,,,ISHARES MSCI WORLD ETF,27.01834386881307,물가01625-3206(22-6),12.914839181799236,국고02375-3112(21-11),8.186941755070634,케이비캐피탈559-4(녹),6.166973626555006,평택도시공사2024-3(사),4.452755136879393,2026-05-07 11:19:49,9월 6일 국내 ETF 1020개 데이터.xlsx / 국내 월배당 ETF 총정리.xlsx / 9월 1주 국내 월배당 ETF 분배금 지급현황.xlsx
304670,304670.KS,KODEX 미국30년국채울트라선물인버스(H),K55105CD0213,레버리지/인버스,1X 인버스,,,인버스,,,,,,1,-0.372078979831,-0.090083684983,1.134299849037,-0.82620063117,4.294078920945,-0.531618120983,12.501930792849,26.361946633971,0.3,0.36,0.4741,11880,-95,-0.7933194154488518,59.72391486,5,0.00059382,-0.100392398588,삼성운용,S&P Ultra T-Bond Futures Excess Return Index,패시브,배당소득세(보유기간과세),20180912,,,,,,,,,,Proshares Short 20+ Year Treasury,18.596473439986433,설정현금액,0,2025-09 달러선물,0,원화현금,0,US ULT30YR NOTE (CBT) 2025 12,81.40352656001356,2026-05-07 11:19:49,9월 6일 국내 ETF 1020개 데이터.xlsx / 국내 월배당 ETF 총정리.xlsx / 9월 1주 국내 월배당 ETF 분배금 지급현황.xlsx
442560,442560.KS,RISE TDF2040액티브,K55223DX5248,자산배분,주식+채권,,,채권,,,,Y,Y,3,0.60448401483,-0.092160478288,1.672200281439,7.042320622029,5.652028820166,6.176590298191,15.964466983132,,0.01,0.21,0.2561,13955,110,0.7945106536655833,104.47668382,4407,0.6141844,0.030439504507,KB운용,iSelect 전략적자산배분 TDF 2040 지수,액티브,배당소득세(보유기간과세),20220922,,,,,,,,,,RISE 미국S&P500,21.417026790887633,RISE 미국나스닥100,17.796628325463928,RISE 종합채권(A-이상)액티브,15.853163046407195,VANGUARD FTSE EUROPE ETF,10.283022786110914,RISE 단기채권알파액티브,6.242513571602948,2026-05-07 11:19:49,9월 6일 국내 ETF 1020개 데이터.xlsx / 국내 월배당 ETF 총정리.xlsx / 9월 1주 국내 월배당 ETF 분배금 지급현황.xlsx
225060,225060.KS,TIGER 이머징마켓MSCI레버리지(합성 H),K55301B52703,레버리지/인버스,2X 레버리지,,,레버리지,,,,,,1,-0.892173434202,-0.093502157239,3.542549014045,14.378959893406,28.57461335114,30.685748359003,27.667341536948,32.465114778234,0.58,0.65,0.6743,9920,35,0.35407182599898834,104.53927902,386,0.0382,-1.139705121299,미래에셋운용,MSCI EM Index,패시브,배당소득세(보유기간과세),20150729,,,,,,,,,,ISHARES MSCI EMERGING MARKET,89.12270940635237,MSCI이머징마켓 TRS(한국투자증권),5.333381297191427,MSCI이머징마켓 TRS(미래에셋증권),3.0175710270715617,MSCI이머징마켓 TRS(메리츠증권),2.0701938912764057,MSCI이머징마켓 TRS(키움증권),0.45614437810823655,2026-05-07 11:19:49,9월 6일 국내 ETF 1020개 데이터.xlsx / 국내 월배당 ETF 총정리.xlsx / 9월 1주 국내 월배당 ETF 분배금 지급현황.xlsx
469530,469530.KS,RISE 미국달러선물인버스,K55223E65788,레버리지/인버스,1X 인버스,,,인버스,,,,,,3,0.12713872746,-0.094158047051,-0.244612411634,-2.536134750668,3.823696424361,4.9101685228,-4.458345047325,,0.05,0.1,0.2112,9370,30,0.32119914346895073,60.02960129,635,0.05940515,-0.13307262319,KB운용,미국달러선물지수,패시브,배당소득세(보유기간과세),20231109,,,,,,,,,,설정현금액,,미달러선물25년09월물,,원화현금,,,,,,2026-05-07 11:19:49,9월 6일 국내 ETF 1020개 데이터.xlsx / 국내 월배당 ETF 총정리.xlsx / 9월 1주 국내 월배당 ETF 분배금 지급현황.xlsx
261270,261270.KS,KODEX 미국달러선물인버스,K55105BJ8609,레버리지/인버스,1X 인버스,,,인버스,,,,,,3,0.129579645115,-0.098443774171,-0.263192249807,-2.588718427403,3.739966334538,4.805037990705,-4.643834890581,-2.891722586494,0.45,0.48,0.6042,8080,5,0.06191950464396285,740.17276635,7779,0.62854378,-0.134456913898,삼성운용,미국달러선물지수,패시브,배당소득세(보유기간과세),20161227,,,,,,,,,,설정현금액,,2025-09 달러선물,,원화현금,,,,,,2026-05-07 11:19:49,9월 6일 국내 ETF 1020개 데이터.xlsx / 국내 월배당 ETF 총정리.xlsx / 9월 1주 국내 월배당 ETF 분배금 지급현황.xlsx
139660,139660.KS,KIWOOM 미국달러선물인버스,KR5206A16343,레버리지/인버스,1X 인버스,,,인버스,,,,,,3,0.126695669863,-0.100533050685,-0.279495415397,-2.615961891574,3.586236943433,4.596384134715,-4.875989624816,-3.072075620424,0.49,0.52,0.633,8405,5,0.05952380952380952,574.01331845,7,0.00058795,-0.126312550995,키움투자운용,미국달러선물지수,패시브,배당소득세(보유기간과세),20110401,,,,,,,,,,설정현금액,,미달러선물25년09월물,,원화현금,,,,,,2026-05-07 11:19:49,9월 6일 국내 ETF 1020개 데이터.xlsx / 국내 월배당 ETF 총정리.xlsx / 9월 1주 국내 월배당 ETF 분배금 지급현황.xlsx
272570,272570.KS,RISE 중장기국공채액티브,K55223BR5958,채권,국내채권,,,채권,,,,Y,Y,5,0.079690552609,-0.101542321254,0.001955446858,0.718501548953,1.661833517308,2.209405757836,4.111750919536,14.295976409034,0.07,0.09,0.092,111985,110,0.09832402234636871,251.99337142,16,0.0179158,0.000246248259,KB운용,KIS 종합채권국공채4~5Y지수,액티브,배당소득세(보유기간과세),20170629,,,,,,,,,,국고채권03000-2909(24-7),46.6416861942827,국고채권03250-2903(24-1),17.650228543115396,국고채권03500-2809(23-6),11.051236177102968,한국전력공사채권1413,7.73392938859102,RISE 국채선물5년추종,7.09027842367922,2026-05-07 11:19:49,9월 6일 국내 ETF 1020개 데이터.xlsx / 국내 월배당 ETF 총정리.xlsx / 9월 1주 국내 월배당 ETF 분배금 지급현황.xlsx
225040,225040.KS,TIGER 미국S&P500레버리지(합성 H),K55301B52687,레버리지/인버스,2X 레버리지,,,"미국/테크, 레버리지",,,,,,1,1.655052964106,-0.102440130077,5.000417626768,17.055407817179,20.055672947731,14.192099590838,26.878591315674,114.00651600005,0.25,0.31,0.3279,52185,1100,2.153273955172751,602.25553077,13494,7.01879665,-0.003007389635,미래에셋운용,S&P 500,패시브,배당소득세(보유기간과세),20150729,,,,,,,,,,미국S&P500 TRS(한국투자증권),51.61352210916565,미국S&P500 TRS(미래에셋증권),22.24045341043128,TIGER 미국S&P500선물(H),22.217879714117448,SPDR S&P 500 ETF TRUST,3.928144766285623,설정현금액,0,2026-05-07 11:19:49,9월 6일 국내 ETF 1020개 데이터.xlsx / 국내 월배당 ETF 총정리.xlsx / 9월 1주 국내 월배당 ETF 분배금 지급현황.xlsx
329660,329660.KS,KODEX TRF5050,K55105CS1263,자산배분,주식+채권,,,"월배당, 채권",Y,Y,,Y,Y,4,0.355591494218,-0.105297768182,1.518916847312,5.323829593716,5.007621748214,5.426202808497,13.855654317174,41.334070305844,0.17,0.23,0.2725,16910,125,0.7447125409591897,880.08734411,30047,5.07935055,-0.145366443604,삼성운용,Fnguide TRF 5050 지수,패시브,배당소득세(보유기간과세),20190704,,,,,,,,,,ISHARES MSCI WORLD ETF,26.20811203483674,iShares MSCI ACWI ETF,11.340882071615857,SPDR Portfolio MSCI Global Sto,8.883193317880295,케이비캐피탈559-4(녹),7.542142851308537,하나캐피탈459-4,6.284644343276479,2026-05-07 11:19:49,9월 6일 국내 ETF 1020개 데이터.xlsx / 국내 월배당 ETF 총정리.xlsx / 9월 1주 국내 월배당 ETF 분배금 지급현황.xlsx
442550,442550.KS,RISE TDF2030액티브,K55223DX5230,자산배분,주식+채권,,,채권,,,,Y,Y,4,0.525593528928,-0.105389016889,1.287550710521,5.551526622786,4.286245659407,4.934250183283,12.728323885585,,0.01,0.24,0.2835,13345,65,0.4894578313253012,73.24628019,1929,0.2567699,0.018160454852,KB운용,iSelect 전략적자산배분 TDF 2030 지수,액티브,배당소득세(보유기간과세),20220922,,,,,,,,,,RISE 미국S&P500,17.225356173935083,RISE 종합채권(A-이상)액티브,16.878049992076633,RISE 미국나스닥100,14.75796867170159,RISE 단기채권알파액티브,9.059900916410957,VANGUARD FTSE EUROPE ETF,7.708933833833032,2026-05-07 11:19:49,9월 6일 국내 ETF 1020개 데이터.xlsx / 국내 월배당 ETF 총정리.xlsx / 9월 1주 국내 월배당 ETF 분배금 지급현황.xlsx
452250,452250.KS,ACE 미국30년국채선물레버리지(합성 H),K55101DZ9039,레버리지/인버스,2X 레버리지,,,레버리지,,,,,,1,0.590665166799,-0.105667979123,-2.49974082058,0.840409149479,-10.880035813131,-3.218177076033,-25.588365291222,,0.25,0.32,0.3305,5490,100,1.8552875695732838,810.02668384,176495,9.68414875,-0.200787843851,한국투자신탁운용,S&P Ultra T-Bond Futures Index(ER),패시브,배당소득세(보유기간과세),20230207,,,,,,,,,,스왑(미래에셋증권),1.413440496776573,설정현금액,0,원화현금,0,스왑(키움증권),19.108600461297353,스왑(KB증권),79.47795904192607,2026-05-07 11:19:49,9월 6일 국내 ETF 1020개 데이터.xlsx / 국내 월배당 ETF 총정리.xlsx / 9월 1주 국내 월배당 ETF 분배금 지급현황.xlsx
329670,329670.KS,KODEX TRF7030,K55105CS1255,자산배분,주식+채권,,,"월배당, 채권",Y,Y,,Y,Y,3,0.488996080796,-0.108435979567,2.230332771047,7.465506429611,6.61578788281,6.932052528949,18.08330115454,51.967860744075,0.1,0.16,0.2096,19910,85,0.4287515762925599,698.83972388,43456,8.649423,-0.092374117994,삼성운용,Fnguide TRF 7030 지수,패시브,배당소득세(보유기간과세),20190704,,,,,,,,,,ISHARES MSCI WORLD ETF,27.152503690240604,SPDR Portfolio MSCI Global Sto,22.46347732491726,iShares MSCI ACWI ETF,20.070359513345352,엔에이치농협캐피탈242-5,6.147141470660518,BNK캐피탈378-6,4.590162633623603,2026-05-07 11:19:49,9월 6일 국내 ETF 1020개 데이터.xlsx / 국내 월배당 ETF 총정리.xlsx / 9월 1주 국내 월배당 ETF 분배금 지급현황.xlsx
272910,272910.KS,ACE 중장기국공채액티브,K55101BQ9602,채권,국내채권,,,채권,,,,Y,Y,5,0.058502074403,-0.114200304388,0.002111358913,0.734230370993,1.68946280569,2.471872817307,4.327745279554,15.70335961011,0.08,0.1,0.1048,109380,100,0.09150805270863836,634.58103762,171,0.18704035,-0.009592757195,한국투자신탁운용,KIS 종합채권국공채1-10Y지수,액티브,배당소득세(보유기간과세),20170629,,,,,,,,,,국고03375-3206(22-5),10.96185355552542,한국전력1086,8.78945087924529,국고채권01375-3006(20-4),7.61318472435593,국고03500-2809(23-6),7.32027718253172,국고03000-2909(24-7),7.20884297989185,2026-05-07 11:19:49,9월 6일 국내 ETF 1020개 데이터.xlsx / 국내 월배당 ETF 총정리.xlsx / 9월 1주 국내 월배당 ETF 분배금 지급현황.xlsx
157490,157490.KS,TIGER 소프트웨어,KR5301AA1269,국내주식,업종섹터,,,,,,,Y,Y,1,0.107485837109,-0.117062918221,1.524345107382,12.083078581003,13.886909027787,22.013170285011,26.355466330416,-5.645846682519,0.4,0.45,0.4838,9275,45,0.4875406283856988,1721.92648589,461082,42.71957551,-0.028469718821,미래에셋운용,FnGuide 소프트웨어 지수,패시브,비과세,20120516,,,,,,,,,,카카오,27.382914662704568,NAVER,26.932708860142295,크래프톤,14.771192788038936,삼성에스디에스,9.026382547617661,엔씨소프트,5.398893988994066,2026-05-07 11:19:49,9월 6일 국내 ETF 1020개 데이터.xlsx / 국내 월배당 ETF 총정리.xlsx / 9월 1주 국내 월배당 ETF 분배금 지급현황.xlsx
0040X0,0040X0.KS,SOL 팔란티어미국채커버드콜혼합,K55210EI9243,자산배분,주식+채권,,,"월배당, 커버드콜, 채권",Y,Y,,Y,Y,3,0.532121374831,-0.122725147014,-0.416711200934,10.771340020861,,,,,0.35,0.4,0.5965,11110,75,0.6796556411418215,332.53036566,184298,20.46777639,0.088618486382,신한자산운용,KEDI 팔란티어미국채커버드콜혼합지수(NTR),패시브,배당소득세(보유기간과세),20250422,,,,,,,,,,Palantir Technologies Inc,28.913089531169923,iShares 20+ Year Treasury Bond ETF,23.276364325148652,Vanguard Long-Term Treasury,21.393099679614554,SPDR Portfolio Long Term Treas,15.899865868525389,iShares 0-3 Month Treasury Bon,8.165421263704559,2026-05-07 11:19:49,9월 6일 국내 ETF 1020개 데이터.xlsx / 국내 월배당 ETF 총정리.xlsx / 9월 1주 국내 월배당 ETF 분배금 지급현황.xlsx
448330,448330.KS,KODEX 삼성전자채권혼합,K55105DX9797,자산배분,주식+채권,,,"월배당, 채권",Y,Y,Y,Y,Y,4,-0.195135381624,-0.124671746524,-0.11091114192,5.782653498573,9.902897168016,10.7329650514,4.361023743891,,0.07,0.14,0.1569,11415,25,0.21949078138718173,1357.14316206,111198,12.69262272,-0.055217798936,삼성운용,Wise 삼성전자 채권 혼합 지수,패시브,배당소득세(보유기간과세),20221129,자산배분,0.1921,20250812,20250814,22,1.5927,182,11,Y,삼성전자,25.789110738858223,국고02625-3003(25-3),16.370575144724,국고03000-2909(24-7),15.144498490568804,국고02875-2712(24-12),14.943833092745464,KODEX 국고채3년,13.355284395968193,2026-05-07 11:19:49,9월 6일 국내 ETF 1020개 데이터.xlsx / 국내 월배당 ETF 총정리.xlsx / 9월 1주 국내 월배당 ETF 분배금 지급현황.xlsx
459750,459750.KS,RISE 글로벌주식분산액티브,K55223E32523,해외주식,시장대표,,,,,,,Y,Y,2,0.45758610402,-0.132607113791,3.099899094705,10.080298032179,8.72020646936,9.392155107728,22.84206839779,,0.2,0.39,0.4556,15120,15,0.09930486593843098,166.67774214,22418,3.3952285,0.006657971248,KB운용,Bloomberg Global Equity Market Weighted Index(Price Return),액티브,배당소득세(보유기간과세),20230627,,,,,,,,,,RISE 미국S&P500,25.281759215254596,SPDR S&P 500 ETF TRUST,25.198920638456364,VANGUARD FTSE DEVELOPED ETF,24.73333778872643,VANGUARD FTSE EMERGING MARKE,14.052860852977668,ISHARES MSCI EAFE ETF,4.931279758162616,2026-05-07 11:19:49,9월 6일 국내 ETF 1020개 데이터.xlsx / 국내 월배당 ETF 총정리.xlsx / 9월 1주 국내 월배당 ETF 분배금 지급현황.xlsx
433980,433980.KS,KODEX TDF2040액티브,K55105DT5361,자산배분,주식+채권,,,채권,,,,Y,Y,3,0.471211858518,-0.140062664183,1.832534728253,6.575642052858,5.422999304744,5.880511651821,15.487707286025,43.433996511742,0.25,0.31,0.3656,14460,80,0.5563282336578581,504.93687493,23487,3.39301116,0.079894303461,삼성운용,Samsung Korea Target Date 2040 Index,액티브,배당소득세(보유기간과세),20220630,,,,,,,,,,SPDR Portfolio MSCI Global Sto,25.24046594852585,Vanguard Total World Stock ETF,23.678958855183467,KODEX 종합채권(AA-이상)액티브,11.6355746268087,iShares MSCI ACWI ETF,11.119030836506733,KODEX 국고채10년액티브,8.340146153003186,2026-05-07 11:19:49,9월 6일 국내 ETF 1020개 데이터.xlsx / 국내 월배당 ETF 총정리.xlsx / 9월 1주 국내 월배당 ETF 분배금 지급현황.xlsx
475720,475720.KS,RISE 200위클리커버드콜,K55223E88442,국내주식,전략,,,"월배당, 커버드콜",Y,Y,Y,Y,Y,2,0.087195718828,-0.148142565724,-0.174065459633,13.910193851535,24.177598917073,26.904042600562,18.715878757618,,0.3,0.33,0.4068,9275,25,0.2702702702702703,4781.04947718,713598,66.17775046,-0.008664694154,KB운용,코스피 200 위클리 커버드콜 ATM 지수,패시브,배당소득세(보유기간과세),20240305,국내주식,1.5145,20250827,20250829,141,17.2125,1595,12,Y,삼성전자,20.290016829398454,SK하이닉스,9.196856528825636,RISE 200,8.387633460835989,선물2025년09월물,2.2906338846736527,KB금융,2.213544478048082,2026-05-07 11:19:49,9월 6일 국내 ETF 1020개 데이터.xlsx / 국내 월배당 ETF 총정리.xlsx / 9월 1주 국내 월배당 ETF 분배금 지급현황.xlsx
0013R0,0013R0.KS,RISE 테슬라미국채타겟커버드콜혼합(합성),K55223EH6161,자산배분,주식+채권,,,"월배당, 커버드콜, 채권",Y,Y,Y,Y,Y,2,0.672942536189,-0.14839679272,2.746506850359,5.787103607661,2.572590539759,,,,0.25,0.32,0.3275,9025,55,0.6131549609810479,161.81150039,35414,3.19862878,0.13839499787,KB운용,KEDI 테슬라미국30년국채15%타겟프리미엄 혼합지수(TR),패시브,배당소득세(보유기간과세),20250218,자산배분,1.3956,20250827,20250829,127,8.388,749,6,Y,스왑(메리츠증권)_250519,75.00755370989887,스왑(미래에셋증권)_250820,12.496223145050568,스왑(한국투자증권)_250820,12.496223145050568,설정현금액,0,원화현금,0,2026-05-07 11:19:49,9월 6일 국내 ETF 1020개 데이터.xlsx / 국내 월배당 ETF 총정리.xlsx / 9월 1주 국내 월배당 ETF 분배금 지급현황.xlsx
433970,433970.KS,KODEX TDF2030액티브,K55105DT5353,자산배분,주식+채권,,,채권,,,,Y,Y,3,0.386049171618,-0.150105441502,1.125053394035,4.626415442135,3.629036180368,4.367252202353,11.754472178447,34.25805557252,0.2,0.26,0.3034,13350,55,0.41368935690109065,533.11329935,35266,4.70836924,0.054139871367,삼성운용,Samsung Korea Target Date 2030 Index,액티브,배당소득세(보유기간과세),20220630,,,,,,,,,,Vanguard Total World Stock ETF,22.760251174335142,KODEX 종합채권(AA-이상)액티브,17.668440276981507,KODEX 국고채10년액티브,12.840788825085834,SPDR Portfolio MSCI Global Sto,11.803970546130595,KODEX 국고채30년액티브,11.702650300915112,2026-05-07 11:19:49,9월 6일 국내 ETF 1020개 데이터.xlsx / 국내 월배당 ETF 총정리.xlsx / 9월 1주 국내 월배당 ETF 분배금 지급현황.xlsx
0005A0,0005A0.KS,KODEX 미국S&P500데일리커버드콜OTM,K55105EG1950,해외주식,전략,,,"월배당, 커버드콜, 미국/테크",Y,Y,Y,Y,Y,1,0.495263952505,-0.15682761259,2.544249228977,10.853533799392,4.955907818822,,,,0.25,0.31,0.5111,9305,50,0.5402485143165856,1116.68620248,139072,12.93680773,-0.032759236659,삼성운용,S&P 500 Covered Call 1% OTM Daily Index (Total Return),패시브,배당소득세(보유기간과세),20250107,해외주식,1.2466,20250827,20250829,116,9.4818,878,8,Y,NVIDIA Corp,7.115825278261309,VANGUARD S&P 500 ETF,6.473803439419542,MICROSOFT,6.423088172917433,APPLE Inc,6.0914157306951005,Amazon.com Inc,3.6514195499570623,2026-05-07 11:19:49,9월 6일 국내 ETF 1020개 데이터.xlsx / 국내 월배당 ETF 총정리.xlsx / 9월 1주 국내 월배당 ETF 분배금 지급현황.xlsx
434060,434060.KS,KODEX TDF2050액티브,K55105DT5379,자산배분,주식+채권,,,채권,,,,Y,Y,3,0.514761601986,-0.158114138723,2.190037920274,7.745076344324,6.469766199478,6.717916174077,18.045344988486,50.147735294787,0.3,0.36,0.4118,15250,90,0.5936675461741425,2715.11646301,92358,14.07976576,0.09583325805,삼성운용,Samsung Korea Target Date 2050 Index,액티브,배당소득세(보유기간과세),20220630,,,,,,,,,,Vanguard Total World Stock ETF,25.92363429331543,SPDR Portfolio MSCI Global Sto,25.519347731613628,iShares MSCI ACWI ETF,19.305682005629443,KODEX 종합채권(AA-이상)액티브,8.468843442896125,KODEX 국고채10년액티브,6.034017289545457,2026-05-07 11:19:49,9월 6일 국내 ETF 1020개 데이터.xlsx / 국내 월배당 ETF 총정리.xlsx / 9월 1주 국내 월배당 ETF 분배금 지급현황.xlsx
454780,454780.KS,KIWOOM 종합채권(AA-이상)액티브,K55206E15705,채권,국내채권,종합채권,종합채권,채권,,,,Y,Y,5,0.066210130093,-0.158567422034,-0.262122971139,0.642140607432,0.97122338696,2.202370305853,4.847164659412,,0.025,0.04,0.0544,109635,115,0.1050036523009496,4789.61673246,16,0.01754085,0.036380160562,키움투자운용,KIS 종합 채권시장지수(AA-이상)(총수익지수),액티브,배당소득세(보유기간과세),20230411,,,,,,,,,,국고채권02625-5509(25-7),11.183542698169083,KIWOOM 단기채권ESG액티브,4.756806952703518,우리은행28-09-이표05-갑-19,2.968140591415534,KIWOOM 머니마켓액티브,2.301899055807429,KIWOOM 단기자금,2.229065721290997,2026-05-07 11:19:49,9월 6일 국내 ETF 1020개 데이터.xlsx / 국내 월배당 ETF 총정리.xlsx / 9월 1주 국내 월배당 ETF 분배금 지급현황.xlsx
461500,461500.KS,HANARO 종합채권(AA-이상)액티브,K55232E28837,채권,국내채권,종합채권,종합채권,채권,,,,Y,Y,5,0.060113602618,-0.160042812406,-0.266978294596,0.580805365018,0.658334034345,1.705932888976,4.380827680403,,0.02,0.04,0.0452,115150,150,0.13043478260869565,1095.13103122,43,0.0495158,0.007418673638,NH-Amundi운용,KAP 종합채권 총수익 지수(AA-이상),액티브,배당소득세(보유기간과세),20231026,,,,,,,,,,국가철도공단채권426,8.964559248692641,국고채권02625-5503(25-2),6.470786287968881,케이비캐피탈524-8,4.883494591136284,하나캐피탈376-4,4.826556959426707,국고채권03000-3412(24-13),4.7931136872366125,2026-05-07 11:19:49,9월 6일 국내 ETF 1020개 데이터.xlsx / 국내 월배당 ETF 총정리.xlsx / 9월 1주 국내 월배당 ETF 분배금 지급현황.xlsx
498180,498180.KS,파워 종합채권(AA-이상)액티브,K55207EF7450,채권,국내채권,종합채권,종합채권,채권,,,,Y,Y,5,0.062807770966,-0.163113961602,-0.315960695423,0.504190055401,0.694079281242,1.727231445988,,,0.036,0.05,0.055,102785,0,0,1293.07998359,0,0,0.013101638652,교보악사운용,"KIS 한국종합채권지수(AA-이상, 총수익)",액티브,배당소득세(보유기간과세),20241126,,,,,,,,,,국고02625-5503(25-2),6.883448643144472,하나캐피탈421-1,6.0599470982701265,지에스리테일36-1,6.053142293255709,국고03250-5403(24-2),4.373287091890112,국고02625-3509(국고15-6),4.156533726924988,2026-05-07 11:19:49,9월 6일 국내 ETF 1020개 데이터.xlsx / 국내 월배당 ETF 총정리.xlsx / 9월 1주 국내 월배당 ETF 분배금 지급현황.xlsx
322400,322400.KS,HANARO e커머스,K55232CN9911,국내주식,업종섹터,,,,,,,Y,Y,2,0.246907124368,-0.167165153259,-2.102089833785,7.17341880663,14.652781342478,26.310697081485,27.482447628339,-6.642236208533,0.45,0.52,0.5344,11515,70,0.6116207951070336,523.35374401,1626,0.1871043,0.088423909966,NH-Amundi운용,FnGuide e커머스 지수,패시브,비과세,20190423,,,,,,,,,,카카오,21.945264540807532,NAVER,21.625442080832972,이마트,7.314145986442738,실리콘투,7.00873560240593,제일기획,6.445799218356002,2026-05-07 11:19:49,9월 6일 국내 ETF 1020개 데이터.xlsx / 국내 월배당 ETF 총정리.xlsx / 9월 1주 국내 월배당 ETF 분배금 지급현황.xlsx
407300,407300.KS,HANARO Fn골프테마,K55232DO9380,국내주식,업종섹터,,,,,,,Y,Y,2,0.022779800642,-0.168984727273,-2.178120051056,7.417883585803,36.916325869487,57.995425707512,43.852260535451,20.126787851523,0.45,0.75,0.7743,8145,35,0.4315659679408138,44.6769606,23,0.0018728,-0.080341407748,NH-Amundi운용,FnGuide 골프 테마 지수,패시브,비과세,20211124,,,,,,,,,,미스토홀딩스,12.14210831490228,두산에너빌리티,10.561580535681859,강원랜드,10.21554373501879,삼성물산,10.158545951980653,금호석유화학,9.22262654921666,2026-05-07 11:19:49,9월 6일 국내 ETF 1020개 데이터.xlsx / 국내 월배당 ETF 총정리.xlsx / 9월 1주 국내 월배당 ETF 분배금 지급현황.xlsx
0040Y0,0040Y0.KS,SOL 팔란티어커버드콜OTM채권혼합,K55210EI9250,자산배분,주식+채권,,,"월배당, 커버드콜, 채권",Y,Y,,Y,Y,3,0.229631067436,-0.169034973813,-1.910385335513,3.7868803771,,,,,0.35,0.39,0.5389,10070,15,0.14917951268025859,1248.63322739,431250,43.43564187,0.361779264884,신한자산운용,KEDI 팔란티어커버드콜OTM 채권혼합지수(NTR),패시브,배당소득세(보유기간과세),20250422,,,,,,,,,,Palantir Technologies Inc,50.334002766633986,국고02250-2806(25-4),43.41614789227104,국고02875-2712(24-12),5.297713932693362,설정현금액,0,원화현금,0,2026-05-07 11:19:49,9월 6일 국내 ETF 1020개 데이터.xlsx / 국내 월배당 ETF 총정리.xlsx / 9월 1주 국내 월배당 ETF 분배금 지급현황.xlsx
451540,451540.KS,TIGER 종합채권(AA-이상)액티브,K55301DZ7460,채권,국내채권,종합채권,종합채권,채권,,,,Y,Y,5,0.062107296897,-0.169877914506,-0.273915450745,0.58616365701,0.992643344543,2.093221703386,4.750684685917,,0.03,0.05,0.0622,57010,80,0.14052344985069384,9752.4466771,13788,7.86184895,0.00088569272,미래에셋운용,KIS 종합채권 AA-이상 총수익 지수(Total return Index),액티브,배당소득세(보유기간과세),20230201,,,,,,,,,,국고채권02750-5409(24-8),4.869891203755741,국고채권02625-5503(25-2),3.7477476753627816,국고채권03250-5403(24-2),2.4270679325414224,국고채권03625-5309(23-7),2.1267613049736953,신한은행29-06-이-1.5-B,2.0927098575638747,2026-05-07 11:19:49,9월 6일 국내 ETF 1020개 데이터.xlsx / 국내 월배당 ETF 총정리.xlsx / 9월 1주 국내 월배당 ETF 분배금 지급현황.xlsx
273130,273130.KS,KODEX 종합채권(AA-이상)액티브,K55105BR0838,채권,국내채권,종합채권,종합채권,채권,,,,Y,Y,5,0.068595859262,-0.171833485122,-0.276047650038,0.488178257727,0.84752737067,1.945420369914,4.603777995008,17.335733008261,0.045,0.06,0.082,118935,215,0.18109838274932616,35704.41646355,38232,45.47711862,0.002790019191,삼성운용,"KAP 한국종합채권지수(AA-이상, 총수익)",액티브,배당소득세(보유기간과세),20170629,,,,,,,,,,국고01875-5103(21-2),3.8613869776393845,국고02625-5503(25-2),3.169627741807559,2025-09 국채선물10(신),2.657763091506065,국고02000-4903(19-2),1.6498186924293472,국고01500-4009(20-7),1.413560824663603,2026-05-07 11:19:49,9월 6일 국내 ETF 1020개 데이터.xlsx / 국내 월배당 ETF 총정리.xlsx / 9월 1주 국내 월배당 ETF 분배금 지급현황.xlsx
451000,451000.KS,PLUS 종합채권(AA-이상)액티브,K55213DZ2997,채권,국내채권,종합채권,종합채권,채권,,,,Y,Y,5,0.064375366113,-0.175190320321,-0.269258343704,0.587228014131,0.944784786585,2.040448578884,4.756398178063,,0.045,0.06,0.0642,115900,0,0,4484.67507342,0,0,0.025860255838,한화운용,"KAP 종합채권지수(AA-이상, 총수익)",액티브,배당소득세(보유기간과세),20230110,,,,,,,,,,국고채권02625-5503(25-2),11.945406615448405,국고채권03250-5403(24-2),3.788304120886293,국고채권02625-3506(25-5),3.37321955193451,국고채권03250-4209(22-11),2.4327091197626602,인천항만공사9,2.3008962209007158,2026-05-07 11:19:49,9월 6일 국내 ETF 1020개 데이터.xlsx / 국내 월배당 ETF 총정리.xlsx / 9월 1주 국내 월배당 ETF 분배금 지급현황.xlsx
385540,385540.KS,RISE 종합채권(A-이상)액티브,K55223DJ2177,채권,국내채권,종합채권,종합채권,채권,,,,Y,Y,5,0.063089750521,-0.177650831304,-0.26216849635,0.572318386122,0.964636662634,2.099471632449,4.785992125952,17.710294195117,0.012,0.03,0.0436,110465,125,0.11328620627152437,16254.00171998,5221,5.76812415,0.00046706545,KB운용,KIS 종합채권 지수(A-이상)(총수익지수),액티브,배당소득세(보유기간과세),20210526,,,,,,,,,,국고채권02625-5503(25-2),4.317247138060607,10년국채 F 202509,3.807505023701743,국고채권02750-5409(24-8),3.2826424078412733,국고채권02625-3003(25-3),2.218375719905311,국고채권03250-5403(24-2),2.1297914686951422,2026-05-07 11:19:49,9월 6일 국내 ETF 1020개 데이터.xlsx / 국내 월배당 ETF 총정리.xlsx / 9월 1주 국내 월배당 ETF 분배금 지급현황.xlsx
397420,397420.KS,RISE 국채선물5년추종,K55223DM4517,채권,국내채권,,,채권,,,,Y,,5,0.060836062409,-0.178920862074,-0.104887329324,0.481084097571,0.94348710845,1.648495956376,2.836840096886,11.084394173416,0.07,0.14,0.1565,52340,150,0.28741138149070705,53.33272457,11,0.00574957,-0.034206929038,KB운용,5년 국채선물 추종 지수,패시브,배당소득세(보유기간과세),20210831,,,,,,,,,,3년국채 F 202509,68.94246493731417,10년국채 F 202509,31.057535062685822,설정현금액,0,원화현금,0,,,2026-05-07 11:19:49,9월 6일 국내 ETF 1020개 데이터.xlsx / 국내 월배당 ETF 총정리.xlsx / 9월 1주 국내 월배당 ETF 분배금 지급현황.xlsx
472920,472920.KS,HK 종합채권(AA-이상)액티브,K55224E73350,채권,국내채권,종합채권,종합채권,채권,,,,Y,Y,5,0.062431906815,-0.180881198594,-0.232454141562,0.649539534451,0.924447507833,2.070575161126,4.596396099711,,0.036,0.05,0.0508,111615,0,0,1668.08941871,0,0,0.007758844411,흥국운용,KAP 종합채권 AA- 이상 지수(총수익),액티브,배당소득세(보유기간과세),20231128,,,,,,,,,,국고채권03625-5309(23-7),7.664341400132859,국고채권02625-5503(25-2),7.024581498618405,신한캐피탈497-5,6.863318746593387,국가철도공단채권405,6.811297655002616,신한카드2209-3,6.792082788934873,2026-05-07 11:19:49,9월 6일 국내 ETF 1020개 데이터.xlsx / 국내 월배당 ETF 총정리.xlsx / 9월 1주 국내 월배당 ETF 분배금 지급현황.xlsx
356540,356540.KS,ACE 종합채권(AA-이상)KIS액티브,K55101D34156,채권,국내채권,종합채권,종합채권,채권,,,,Y,Y,5,0.064871454824,-0.182959211581,-0.265799223732,0.627905610136,1.053909109471,2.217772497594,4.735270359521,18.543412640245,0.02,0.03,0.0406,108995,125,0.11481583540001837,8730.60978647,1860,2.02715555,0.024406319906,한국투자신탁운용,KIS 종합채권 AA-이상 총수익 지수(Total return Index),액티브,배당소득세(보유기간과세),20200721,,,,,,,,,,국고03250-5403(24-2),4.596082428508082,국고02500-5203(22-2),4.332572257524165,국고02625-5503(25-2),4.16734966242444,국고02000-3106(21-5),3.6614535271352766,국고02375-2812(18-10),3.124985787627669,2026-05-07 11:19:49,9월 6일 국내 ETF 1020개 데이터.xlsx / 국내 월배당 ETF 총정리.xlsx / 9월 1주 국내 월배당 ETF 분배금 지급현황.xlsx
385600,385600.KS,ACE 2차전지&친환경차액티브,K55101DH7878,국내주식,전략,국내주식테마/섹터,2차전지,,,,,Y,Y,1,-0.700518003533,-0.184069713004,-1.088555678109,14.375264733235,-7.227478488619,1.976839178336,-29.138630412659,-28.299568993425,0.29,0.36,0.422,6590,-10,-0.15151515151515152,151.53797909,13130,0.86372048,-0.092501349912,한국투자신탁운용,FnGuide 친환경 자동차 밸류체인 지수,액티브,배당소득세(보유기간과세),20210525,,,,,,,,,,LG화학,8.456987848040379,현대모비스,8.197654144657703,LG에너지솔루션,8.021561489924265,현대차,8.012102279850488,기아,7.91894797904393,2026-05-07 11:19:49,9월 6일 국내 ETF 1020개 데이터.xlsx / 국내 월배당 ETF 총정리.xlsx / 9월 1주 국내 월배당 ETF 분배금 지급현황.xlsx
436140,436140.KS,SOL 종합채권(AA-이상)액티브,K55210DV5914,채권,국내채권,종합채권,종합채권,채권,,,,Y,Y,5,0.065929792679,-0.18531517636,-0.288565432403,0.582688225599,0.976098244037,2.099902755464,4.748700211194,18.170145396524,0.04,0.05,0.0585,115380,125,0.10845516463493991,9753.8776779,106,0.1222985,0.01875855049,신한자산운용,"KAP K-종합채권지수(AA-이상, 총수익)",액티브,배당소득세(보유기간과세),20220809,,,,,,,,,,국고02625-5503(25-2),4.699261909738814,국고채권03500-3406(24-5),3.6522596753740837,국고02625-5509(25-7),3.104328307310827,국고채권01375-3006(20-4),2.5901333953057692,국고03250-5403(24-2),2.511550849337546,2026-05-07 11:19:49,9월 6일 국내 ETF 1020개 데이터.xlsx / 국내 월배당 ETF 총정리.xlsx / 9월 1주 국내 월배당 ETF 분배금 지급현황.xlsx
0017Y0,0017Y0.KS,1Q 종합채권(AA-이상)액티브,K55102EI0573,채권,국내채권,종합채권,종합채권,채권,,,,Y,Y,5,0.062702927769,-0.186438544043,-0.296427985112,0.633476405862,0.849818683151,,,,0.025,0.03,0.03,101395,130,0.12837604305534983,574.47718186,2,0.0020279,0.001796732301,하나운용,KIS 종합채권형 지수(AA-이상)(총수익),액티브,배당소득세(보유기간과세),20250225,,,,,,,,,,국고02625-5503(25-2),15.438869969975027,국고02625-2703(25-1),11.053315026922263,국고02625-3003(25-3),7.340411102251512,국고02875-4409(24-10),5.677154527916095,국고02875-2712(24-12),5.5280546119743414,2026-05-07 11:19:49,9월 6일 국내 ETF 1020개 데이터.xlsx / 국내 월배당 ETF 총정리.xlsx / 9월 1주 국내 월배당 ETF 분배금 지급현황.xlsx
0019K0,0019K0.KS,TIMEFOLIO 미국나스닥100채권혼합50액티브,K553J1EI5410,자산배분,주식+채권,,,"채권, 미국/테크",,,,Y,Y,4,0.450372660761,-0.190837962046,0.295223150932,8.638778896512,,,,,0.25,0.33,0.4656,11015,75,0.6855575868372943,516.69734907,75414,8.29647028,0.052698401211,타임폴리오자산운용,FnGuide 미국나스닥100 단기채권혼합 지수,액티브,배당소득세(보유기간과세),20250325,,,,,,,,,,KIWOOM 통안채1년,16.129874747597217,RISE 단기통안채,13.027135174658506,ACE 단기통안채,10.647504364457296,메리츠 KAP 통안채 6개월 ETN,9.323107194346754,ALPHABET INC-CL A,4.0523500996840855,2026-05-07 11:19:49,9월 6일 국내 ETF 1020개 데이터.xlsx / 국내 월배당 ETF 총정리.xlsx / 9월 1주 국내 월배당 ETF 분배금 지급현황.xlsx
0053M0,0053M0.KS,더제이 중소형포커스액티브,K553H6EK8245,국내주식,규모,,,,,,,Y,Y,2,1.144554408853,-0.194723982788,-2.153117721658,,,,,,0.685,0.69,0.6991,9430,85,0.9095773140716961,94.56497909,520,0.04902875,-0.081942023796,더제이운용,코스피 200 중소형주지수,액티브,배당소득세(보유기간과세),20250722,,,,,,,,,,효성중공업,5.9912964929035555,한국항공우주,5.8353249917990535,파마리서치,5.762693422490686,에스엘,5.717963924453257,효성,5.50336575467831,2026-05-07 11:19:49,9월 6일 국내 ETF 1020개 데이터.xlsx / 국내 월배당 ETF 총정리.xlsx / 9월 1주 국내 월배당 ETF 분배금 지급현황.xlsx
488720,488720.KS,WON 종합채권(AA-이상)액티브,K55107E34441,채권,국내채권,종합채권,종합채권,채권,,,,Y,Y,5,0.064980583457,-0.198691347913,-0.278705149914,0.62914261546,1.006635248255,2.096462094217,4.733512345227,,0.045,0.06,0.0723,52245,95,0.18216682646212848,508.46043671,1523,0.79559995,0.008073372871,우리운용,KIS 종합채권시장 총수익지수(AA-이상),액티브,배당소득세(보유기간과세),20240806,,,,,,,,,,국고04125-3312(23-11),10.293700494670974,국고02625-5503(25-2),10.142731901867116,국고02625-3003(25-3),7.674612091116769,국고02750-5409(24-8),7.101781665002954,국고03250-2903(24-1),5.254043334935475,2026-05-07 11:19:49,9월 6일 국내 ETF 1020개 데이터.xlsx / 국내 월배당 ETF 총정리.xlsx / 9월 1주 국내 월배당 ETF 분배금 지급현황.xlsx
466940,466940.KS,TIGER 은행고배당플러스TOP10,K55301E61591,국내주식,전략,,,"월배당, 배당",Y,Y,Y,Y,Y,2,0.03792690092,-0.203012380985,-0.416141432215,14.610742883508,42.92802041853,46.426832163846,41.927113472049,,0.3,0.36,0.3988,19040,25,0.1314751511964239,6808.17125287,727336,138.33998521,-0.008992470489,미래에셋운용,FnGuide 은행고배당플러스TOP10 지수(시장가격 지수),패시브,비과세,20231017,국내주식,0.3671,20250827,20250829,70,4.3915,836,12,Y,우리금융지주,15.948901856853146,기업은행,15.32737467991542,신한지주,14.812667824823803,하나금융지주,14.225919974613438,KB금융,13.789259300462529,2026-05-07 11:19:49,9월 6일 국내 ETF 1020개 데이터.xlsx / 국내 월배당 ETF 총정리.xlsx / 9월 1주 국내 월배당 ETF 분배금 지급현황.xlsx
430500,430500.KS,KIWOOM 물가채KIS,K55206DT2960,채권,국내채권,,,채권,,,,Y,Y,5,0.101313342328,-0.204566949768,-0.502845876077,0.513999895979,0.882541384523,2.425616579513,4.408211747475,18.027818033029,0.15,0.2,0.2007,117080,215,0.1839729602532837,116.97367643,252,0.2950101,-0.005857771051,키움투자운용,KIS TIPS 지수(총수익),패시브,배당소득세(보유기간과세),20220531,,,,,,,,,,물가연동국고채권01125-3006(20-5),43.464542823210685,물가연동국고채권01625-3206(22-6),29.26710110349156,물가연동국고채권00750-3406(24-6),27.268356073297756,설정현금액,0,원화현금,0,2026-05-07 11:19:49,9월 6일 국내 ETF 1020개 데이터.xlsx / 국내 월배당 ETF 총정리.xlsx / 9월 1주 국내 월배당 ETF 분배금 지급현황.xlsx
0074K0,0074K0.KS,KoAct K수출핵심기업TOP30액티브,K553N9EL0774,국내주식,업종섹터,,,,,,,Y,Y,2,0.298223175097,-0.206634269245,0.63147924012,,,,,,0.5,0.5,0.6285,10900,40,0.3683241252302026,861.1085815,106391,11.5884853,0.042525845287,삼성액티브자산운용,KEDI K수출핵심기업TOP30 지수(PR),액티브,비과세,20250708,,,,,,,,,,현대로템,8.05303681390924,HD현대중공업,7.519365305099787,파마리서치,6.732902028959542,원텍,6.134671104753213,삼양식품,6.117952694625865,2026-05-07 11:19:49,9월 6일 국내 ETF 1020개 데이터.xlsx / 국내 월배당 ETF 총정리.xlsx / 9월 1주 국내 월배당 ETF 분배금 지급현황.xlsx
476030,476030.KS,SOL 미국나스닥100,K55210E88118,해외주식,시장대표,해외시장지수(환노출),미국 나스닥100,미국/테크,,,,Y,Y,2,0.826290696092,-0.217504646952,2.157166007899,11.456162444025,11.222219579214,6.863069949486,30.259808189511,,0.05,0.28,0.4497,13885,170,1.2395187750637988,490.53404719,23953,3.32182216,0.029400539798,신한자산운용,NASDAQ 100,패시브,배당소득세(보유기간과세),20240312,,,,,,,,,,NVIDIA,9.552024351662888,MICROSOFT,8.611565376909487,APPLE INC,8.172103396584962,Amazon.com Inc,5.5046537057885585,BROADCOM INC,5.395530688130356,2026-05-07 11:19:49,9월 6일 국내 ETF 1020개 데이터.xlsx / 국내 월배당 ETF 총정리.xlsx / 9월 1주 국내 월배당 ETF 분배금 지급현황.xlsx
379810,379810.KS,KODEX 미국나스닥100,K55105DF7272,해외주식,시장대표,해외시장지수(환노출),미국 나스닥100,미국/테크,,,,Y,Y,2,0.83337303958,-0.217800325522,2.172852367204,11.522587660737,11.273482524709,6.96597955731,30.63087713592,101.147174060267,0.0062,0.1,0.157,22015,270,1.2416647505173604,31090.80932801,1361618,299.39707704,0.038522979164,삼성운용,NASDAQ 100 Index,패시브,배당소득세(보유기간과세),20210409,,,,,,,,,,NVIDIA Corp,9.550526874375466,MICROSOFT,8.616493178159253,APPLE Inc,8.170910334517753,Amazon.com Inc,5.503943273454007,BROADCOM LTD,5.394696711975955,2026-05-07 11:19:49,9월 6일 국내 ETF 1020개 데이터.xlsx / 국내 월배당 ETF 총정리.xlsx / 9월 1주 국내 월배당 ETF 분배금 지급현황.xlsx
367380,367380.KS,ACE 미국나스닥100,K55101DB1182,해외주식,시장대표,해외시장지수(환노출),미국 나스닥100,미국/테크,,,,Y,Y,2,0.831798474294,-0.219494954738,2.169961293882,11.520874992104,11.276263312947,6.904639794489,30.46694661001,100.097144835498,0.0062,0.09,0.1179,25200,310,1.245480112494978,17258.03501604,262314,66.03003753,0.031684906101,한국투자신탁운용,NASDAQ 100,패시브,배당소득세(보유기간과세),20201029,,,,,,,,,,NVIDIA Corp,9.66091026866337,MICROSOFT,8.701202689808294,APPLE Inc,8.265883866702938,Amazon.com Inc,5.56240858953732,BROADCOM LTD,5.445594298379439,2026-05-07 11:19:49,9월 6일 국내 ETF 1020개 데이터.xlsx / 국내 월배당 ETF 총정리.xlsx / 9월 1주 국내 월배당 ETF 분배금 지급현황.xlsx
133690,133690.KS,TIGER 미국나스닥100,KR5225652084,해외주식,시장대표,해외시장지수(환노출),미국 나스닥100,미국/테크,,,,Y,Y,2,0.828940510298,-0.222467462906,2.169270243746,11.504919764907,11.222931527739,6.894426964628,30.411352106801,99.824031951834,0.0068,0.12,0.1485,146540,1755,1.2121421417964569,56105.59841928,410157,600.39800926,0.037280622582,미래에셋운용,NASDAQ 100,패시브,배당소득세(해외주식투자전용ETF),20101018,,,,,,,,,,NVIDIA CORP,9.550160396880042,MICROSOFT CORP,8.615428164236405,APPLE INC,8.17046329456141,AMAZON.COM INC,5.503652798526704,BROADCOM INC,5.39321301212957,2026-05-07 11:19:49,9월 6일 국내 ETF 1020개 데이터.xlsx / 국내 월배당 ETF 총정리.xlsx / 9월 1주 국내 월배당 ETF 분배금 지급현황.xlsx
105010,105010.KS,TIGER 라틴35,KR5225844749,해외주식,시장대표,,,,,,,Y,Y,2,0.97114074669,-0.224164016467,5.735532466672,10.695497606519,14.271458371667,18.652432645506,17.653601881274,37.711884809895,0.49,0.66,0.6865,4845,45,0.9375,58.16590885,7342,0.35393426,-0.191980746316,미래에셋운용,BNY Latin Amereica 35 ADR Index,패시브,배당소득세(해외주식투자전용ETF),20080827,,,,,,,,,,ITAU UNIBANCO H-SPON PRF ADR,10.793586199479021,VALE SA-SP ADR,10.682185260490858,PETROLEO BRASIL-SP PREF  ADR,7.149534010816397,PETROLEO BRASILEIRO-SPON ADR,6.682732252541884,AMERICA MOVIL SAB DE CV,5.3465613734159385,2026-05-07 11:19:49,9월 6일 국내 ETF 1020개 데이터.xlsx / 국내 월배당 ETF 총정리.xlsx / 9월 1주 국내 월배당 ETF 분배금 지급현황.xlsx
251590,251590.KS,PLUS 고배당저변동50,K55213BG0087,국내주식,전략,배당,국내,배당,,,,Y,Y,3,-0.00793676298,-0.224692920711,-1.815008276223,5.106054106722,22.620752490019,26.778800722025,25.189785683653,66.264982459574,0.23,0.3,0.3358,15250,-35,-0.2289826627412496,99.08792544,1382,0.21041454,0.108507349424,한화운용,FnGuide 고배당저변동50 지수,패시브,비과세,20160811,,,,,,,,,,우리금융지주,3.291719700217357,KT&G,3.2091024053775628,기업은행,3.177895668723984,LG유플러스,3.029522825987719,SK텔레콤,2.9160555106084476,2026-05-07 11:19:49,9월 6일 국내 ETF 1020개 데이터.xlsx / 국내 월배당 ETF 총정리.xlsx / 9월 1주 국내 월배당 ETF 분배금 지급현황.xlsx
261260,261260.KS,KODEX 미국달러선물인버스2X,K55105BJ8617,레버리지/인버스,2X 인버스,,,인버스,,,,,,1,0.214695309747,-0.225747994714,-0.739576759569,-5.770703086108,5.904812250276,7.466669277002,-11.936335692697,-15.470316850223,0.45,0.48,0.7106,5480,15,0.2744739249771272,2930.732459,439152,24.04363605,-0.099982231655,삼성운용,미국달러선물지수,패시브,배당소득세(보유기간과세),20161227,,,,,,,,,,KODEX 미국달러선물인버스,82.05900693640729,KIWOOM 미국달러선물인버스2X,6.991836954652885,KIWOOM 미국달러선물인버스,6.035675151340961,RISE 미국달러선물인버스,4.9134809575988685,설정현금액,0,2026-05-07 11:19:49,9월 6일 국내 ETF 1020개 데이터.xlsx / 국내 월배당 ETF 총정리.xlsx / 9월 1주 국내 월배당 ETF 분배금 지급현황.xlsx
488500,488500.KS,TIGER 미국S&P500동일가중,K55301EC3069,해외주식,시장대표,,,미국/테크,,,,Y,Y,2,0.618836536415,-0.226224752756,2.511623940958,8.770166219049,3.26945780503,2.453663524966,14.275316308848,,0.2,0.32,0.4804,11040,50,0.4549590536851683,1277.5735861,41640,4.59757091,-0.19616176006,미래에셋운용,S&P 500 Equal Weight Index(PR),패시브,배당소득세(보유기간과세),20240723,,,,,,,,,,WESTERN DIGITAL CORP,0.2964325924933734,ARISTA NETWORKS INC,0.27984735695248075,INVESCO LTD,0.27639673010492866,WYNN RESORTS LTD,0.27520868332752296,NEWMONT CORP,0.2715013695356153,2026-05-07 11:19:49,9월 6일 국내 ETF 1020개 데이터.xlsx / 국내 월배당 ETF 총정리.xlsx / 9월 1주 국내 월배당 ETF 분배금 지급현황.xlsx
435420,435420.KS,TIGER 미국나스닥100채권혼합Fn,K55301DU4926,자산배분,주식+채권,,,"채권, 미국/테크",,,,Y,Y,4,0.318784771589,-0.22711794242,0.575842441926,3.818869293677,3.994764061209,3.347385615924,10.875587071233,35.202513655981,0.25,0.37,0.381,13315,50,0.3769317753486619,2208.13261501,59205,7.88154154,0.060759708183,미래에셋운용,FnGuide 나스닥100 채권혼합 지수(총수익 지수),패시브,배당소득세(보유기간과세),20220706,,,,,,,,,,국고채권03500-3406(24-5),17.50926129299571,국고채권03000-3412(24-13),16.85109715444643,국고채권03250-2706(24-4),11.311353911547384,국고채권02875-2712(24-12),11.24871904772022,국고채권02625-3003(25-3),11.202431894420132,2026-05-07 11:19:49,9월 6일 국내 ETF 1020개 데이터.xlsx / 국내 월배당 ETF 총정리.xlsx / 9월 1주 국내 월배당 ETF 분배금 지급현황.xlsx
452440,452440.KS,VITA 밸류알파액티브,K55236DY2686,국내주식,전략,,,,,,,Y,Y,2,-0.391806980088,-0.228566306554,-0.737636077236,6.634221755561,16.742691288393,27.143186751777,30.377015090513,,0.6,0.7,0.7656,14855,-40,-0.2685464921114468,104.40880845,114271,17.08939945,-0.309908574105,한국투자밸류운용,FnGuide 밸류알파지수,액티브,배당소득세(보유기간과세),20230221,,,,,,,,,,삼성전자,18.02075405614127,에스엠,5.895372127885225,삼성전기,5.222240007782362,이마트,5.108756480526767,한국타이어앤테크놀로지,4.884009152710066,2026-05-07 11:19:49,9월 6일 국내 ETF 1020개 데이터.xlsx / 국내 월배당 ETF 총정리.xlsx / 9월 1주 국내 월배당 ETF 분배금 지급현황.xlsx
476260,476260.KS,HANARO 반도체핵심공정주도주,K55232E86629,국내주식,업종섹터,,,,,,,Y,Y,2,-0.091257557278,-0.228766176548,4.441896136365,5.533483317931,1.650439402206,11.223025967326,-2.149721443625,,0.45,0.71,0.7777,6380,-35,-0.5455962587685113,51.14903421,11527,0.73985326,0.016804932527,NH-Amundi운용,FnGuide 반도체 핵심공정 주도주 지수,패시브,비과세,20240227,,,,,,,,,,테스,14.493080986760559,파크시스템스,11.346748774361016,한미반도체,10.80595233725519,디아이,10.697749128554761,주성엔지니어링,8.686625123410952,2026-05-07 11:19:49,9월 6일 국내 ETF 1020개 데이터.xlsx / 국내 월배당 ETF 총정리.xlsx / 9월 1주 국내 월배당 ETF 분배금 지급현황.xlsx
302190,302190.KS,TIGER 중장기국채,K55301CA9094,채권,국내채권,,,채권,,,,Y,Y,4,0.075439715657,-0.230091210168,-0.181294673422,0.564608178698,0.950370153842,1.925180159491,3.519008438427,13.785024579703,0.15,0.17,0.1765,52795,75,0.1422610015174507,3334.26510764,1763,0.9305943,0.00725981827,미래에셋운용,KIS 국채 3-10년 지수(시장가격지수),패시브,배당소득세(보유기간과세),20180720,,,,,,,,,,국고채권03500-3406(24-5),25.702474108177537,국고채권03000-3412(24-13),24.736331258427597,국고채권03250-2706(24-4),16.604343048800178,국고채권02875-2712(24-12),16.512399080471205,국고채권02625-3003(25-3),16.444452504123483,2026-05-07 11:19:49,9월 6일 국내 ETF 1020개 데이터.xlsx / 국내 월배당 ETF 총정리.xlsx / 9월 1주 국내 월배당 ETF 분배금 지급현황.xlsx
435040,435040.KS,ACE 글로벌브랜드TOP10블룸버그,K55101DU3912,해외주식,전략,,,,,,,Y,Y,2,0.545753580116,-0.230222224177,2.450688005029,7.013166401234,4.297011103991,0.777140705904,21.350567766338,76.937218623256,0.5,0.76,0.847,17900,105,0.5900533857825232,125.04255933,368,0.06585145,-0.005636743347,한국투자신탁운용,Bloomberg Global Select Industry Leaders TOP10 Index(PR),패시브,배당소득세(보유기간과세),20220628,,,,,,,,,,NVIDIA CORP,12.294764347552885,APPLE INC,11.206950250157275,JPMORGAN CHASE & CO,10.885083104599167,MICROSOFT CORP,10.607902198624522,NETFLIX INC,9.79618195796674,2026-05-07 11:19:49,9월 6일 국내 ETF 1020개 데이터.xlsx / 국내 월배당 ETF 총정리.xlsx / 9월 1주 국내 월배당 ETF 분배금 지급현황.xlsx
368590,368590.KS,RISE 미국나스닥100,K55223DB4908,해외주식,시장대표,해외시장지수(환노출),미국 나스닥100,미국/테크,,,,Y,Y,2,0.831000685313,-0.235790396418,2.155281646269,11.454148297345,11.31847114481,7.001047022996,30.544415541053,100.404411675191,0.0062,0.12,0.1697,24420,300,1.243781094527363,11132.79602651,311839,76.07393493,0.02763597679,KB운용,NASDAQ 100,패시브,배당소득세(보유기간과세),20201106,,,,,,,,,,NVIDIA CORP,9.550262465686725,MICROSOFT CORP,8.61635595917043,APPLE INC,8.17067732627145,AMAZON.COM INC,5.503738363496586,BROADCOM INC,5.394508845594,2026-05-07 11:19:49,9월 6일 국내 ETF 1020개 데이터.xlsx / 국내 월배당 ETF 총정리.xlsx / 9월 1주 국내 월배당 ETF 분배금 지급현황.xlsx
261120,261120.KS,TIGER 미국달러선물인버스2X,K55301BK2346,레버리지/인버스,2X 인버스,,,인버스,,,,,,1,0.228073245972,-0.236452522586,-0.754416559262,-5.724031018446,5.890272700579,7.403123870848,-11.971940364442,-15.029914853965,0.05,0.08,0.2904,5495,25,0.4570383912248629,230.89894099,2414,0.132328,-0.10868250761,미래에셋운용,미국달러선물지수,패시브,배당소득세(보유기간과세),20161227,,,,,,,,,,KIWOOM 미국달러선물인버스2X,100,설정현금액,0,미달러선물25년09월물,0,원화현금,0,,,2026-05-07 11:19:49,9월 6일 국내 ETF 1020개 데이터.xlsx / 국내 월배당 ETF 총정리.xlsx / 9월 1주 국내 월배당 ETF 분배금 지급현황.xlsx
446700,446700.KS,RISE 배터리 리사이클링,K55223DY3945,국내주식,업종섹터,,,,,,,Y,Y,2,-0.844578734409,-0.244459542867,-3.391719148509,10.298281333925,-0.322932777773,2.226290210112,-12.428132311801,,0.4,0.48,0.5226,8745,-75,-0.8503401360544217,136.73783517,9899,0.86774385,-0.046698017066,KB운용,iSelect 배터리 리사이클링 지수,패시브,비과세,20221101,,,,,,,,,,고려아연,9.382012781518892,삼성SDI,8.659119335492768,LG에너지솔루션,7.301743872091199,POSCO홀딩스,7.2208445256134555,에코프로비엠,6.744751871591935,2026-05-07 11:19:49,9월 6일 국내 ETF 1020개 데이터.xlsx / 국내 월배당 ETF 총정리.xlsx / 9월 1주 국내 월배당 ETF 분배금 지급현황.xlsx
0007G0,0007G0.KS,PLUS 글로벌원자력밸류체인,K55213EG9010,해외주식,업종섹터,,,,,,,Y,Y,2,-1.884436286496,-0.244673064318,5.296300751799,30.014504094441,59.474426208139,,,,0.39,0.5,0.7381,13115,-215,-1.6129032258064515,378.23532221,127068,16.62452137,0.359918698702,한화운용,Solactive Global Nuclear Energy Value Chain Index(PR),패시브,배당소득세(보유기간과세),20250114,,,,,,,,,,CAMECO CORP,21.40849113697621,BWX TECHNOLOGIES INC,17.116154771461535,FLUOR CORP,13.268425243977214,URANIUM ENERGY CORP,11.657693473453653,NUSCALE POWER CORP,9.16698014337714,2026-05-07 11:19:49,9월 6일 국내 ETF 1020개 데이터.xlsx / 국내 월배당 ETF 총정리.xlsx / 9월 1주 국내 월배당 ETF 분배금 지급현황.xlsx
210780,210780.KS,TIGER 코스피고배당,KR5301AX7376,국내주식,전략,배당,국내,배당,,,,Y,Y,2,-0.027839227886,-0.245218818316,-0.901153323601,9.422735116724,27.741106630116,31.737078641297,29.361695332692,62.973138241037,0.29,0.32,0.3978,18745,45,0.24064171122994651,607.34772306,17739,3.3212578,-0.032796251289,미래에셋운용,코스피 고배당 50 지수,패시브,비과세,20141205,,,,,,,,,,DB손해보험,2.9259997002347253,우리금융지주,2.7408810874677436,기업은행,2.695156638003689,한국앤컴퍼니,2.6872844665351603,기아,2.680725814925213,2026-05-07 11:19:49,9월 6일 국내 ETF 1020개 데이터.xlsx / 국내 월배당 ETF 총정리.xlsx / 9월 1주 국내 월배당 ETF 분배금 지급현황.xlsx
0069M0,0069M0.KS,1Q 미국나스닥100,K55102EL5296,해외주식,시장대표,,,미국/테크,,,,Y,Y,2,0.822200139855,-0.251515876997,2.113605971607,,,,,,0.0055,0.01,0.01,11005,130,1.1954022988505748,262.98624156,38482,4.23015122,0.050328075929,하나운용,NASDAQ 100,패시브,배당소득세(보유기간과세),20250624,,,,,,,,,,NVIDIA CORP,9.558183755008937,MICROSOFT CORP,8.635805660009893,APPLE INC,8.180954178411698,AMAZON.COM INC,5.516984609719309,BROADCOM INC,5.400589568896991,2026-05-07 11:19:49,9월 6일 국내 ETF 1020개 데이터.xlsx / 국내 월배당 ETF 총정리.xlsx / 9월 1주 국내 월배당 ETF 분배금 지급현황.xlsx
486290,486290.KS,TIGER 미국나스닥100타겟데일리커버드콜,K55301EB5578,해외주식,전략,,,"월배당, 커버드콜, 미국/테크",Y,Y,Y,Y,Y,2,0.727041331665,-0.252460085557,2.026622992913,11.51642911921,10.794956443577,6.474726448118,29.080225898116,,0.25,0.36,0.4584,9990,80,0.8072653884964682,8172.36606952,760635,75.85800951,-0.017069344085,미래에셋운용,NASDAQ 100 Daily Covered Call Target Premium 15% 지수(TR),패시브,배당소득세(보유기간과세),20240625,해외주식,1.2531,20250827,20250829,125,14.9186,1477,12,Y,NVIDIA CORP,8.42119022032145,MICROSOFT CORP,7.597519427849067,APPLE INC,7.204774450939471,INVESCO QQQ TRUST SERIES 1,6.511283387669358,NASDAQ 100 E-MINI INDEX SEPT 2025,5.302238449883242,2026-05-07 11:19:49,9월 6일 국내 ETF 1020개 데이터.xlsx / 국내 월배당 ETF 총정리.xlsx / 9월 1주 국내 월배당 ETF 분배금 지급현황.xlsx
230480,230480.KS,KIWOOM 미국달러선물인버스2X,K55206B83279,레버리지/인버스,2X 인버스,,,인버스,,,,,,1,0.225943786024,-0.252556799255,-0.783460147709,-5.833294021483,5.671859732127,7.147330235019,-12.324126672786,-16.013197362715,0.64,0.75,0.9423,4785,5,0.10460251046025104,115.93621775,39956,1.90728505,-0.228899003895,키움투자운용,미국달러선물지수,패시브,배당소득세(보유기간과세),20151116,,,,,,,,,,KIWOOM 미국달러선물인버스,100,설정현금액,0,미달러선물25년09월물,0,원화현금,0,,,2026-05-07 11:19:49,9월 6일 국내 ETF 1020개 데이터.xlsx / 국내 월배당 ETF 총정리.xlsx / 9월 1주 국내 월배당 ETF 분배금 지급현황.xlsx
469150,469150.KS,ACE AI반도체포커스,K55101E67600,국내주식,업종섹터,국내주식테마/섹터,반도체,미국/테크,,,,Y,Y,2,0.646202817427,-0.259473628179,0.346985860724,12.375368701962,18.037885223547,25.97389941787,17.000883446914,,0.3,0.37,0.3944,15425,130,0.8499509643674403,695.19871574,90301,14.00411887,-0.083255658733,한국투자신탁운용,FnGuide AI 반도체 포커스 지수(시장가격),패시브,비과세,20231017,,,,,,,,,,삼성전자,27.39196995733678,SK하이닉스,26.205401058627476,한미반도체,21.823564902216507,이수페타시스,2.0226996732856715,삼성전기,1.8657960559670315,2026-05-07 11:19:49,9월 6일 국내 ETF 1020개 데이터.xlsx / 국내 월배당 ETF 총정리.xlsx / 9월 1주 국내 월배당 ETF 분배금 지급현황.xlsx
451150,451150.KS,에셋플러스 글로벌영에이지액티브,K55364DY2573,해외주식,시장대표,,,,,,,Y,Y,2,0.064009344823,-0.263431787139,4.203506522804,16.938562699865,26.342879595872,30.568994915832,68.386758917135,,0.99,1.46,1.7023,20400,70,0.3443187407771766,126.19357271,12,0.0024523,-0.021865703385,에셋플러스운용,S&P 500,액티브,배당소득세(보유기간과세),20230131,,,,,,,,,,XIAOMI CORP-CLASS B,7.23269599134576,POP MART INTERNATIONAL GROUP,6.298639927788171,ROBLOX,6.27236045546272,Tencent Music Entertainment - ADR,5.801176723378002,Lilly (Eli) & Co,5.523726660336411,2026-05-07 11:19:49,9월 6일 국내 ETF 1020개 데이터.xlsx / 국내 월배당 ETF 총정리.xlsx / 9월 1주 국내 월배당 ETF 분배금 지급현황.xlsx
189400,189400.KS,PLUS 글로벌MSCI(합성 H),KR5213AL1578,해외주식,시장대표,,,,,,,Y,Y,3,0.591975564219,-0.263611229261,2.540858517935,6.694883131924,11.401719696438,12.4651104329,14.938771588116,51.705116380296,0.4,0.51,0.5103,22090,170,0.7755474452554745,66.03658594,162,0.0356181,-0.085456624218,한화운용,MSCI AC World Daily TR Net USD,패시브,배당소득세(보유기간과세),20131210,,,,,,,,,,스왑(NH투자증권)_6281_240716,97.90653081479793,PLUS 선진국MSCI(합성 H),1.0774672714137608,PLUS 신흥국MSCI(합성 H),1.016001913788305,설정현금액,0,원화현금,0,2026-05-07 11:19:49,9월 6일 국내 ETF 1020개 데이터.xlsx / 국내 월배당 ETF 총정리.xlsx / 9월 1주 국내 월배당 ETF 분배금 지급현황.xlsx
498610,498610.KS,RISE 인도디지털성장,K55223EF1479,해외주식,업종섹터,,,,,,,Y,Y,2,-1.056124024829,-0.268142286139,-0.59986207076,-0.313693604164,,,,,0.3,0.52,0.6424,9890,-95,-0.9514271407110666,59.58420528,911,0.09001627,-0.685143786783,KB운용,MarketVector Digital India Index(INR)(Price Return),패시브,배당소득세(보유기간과세),20250401,,,,,,,,,,RELIANCE INDUSTRIES LTD,7.729400418653292,INFOSYS LTD,7.398535572147816,BHARTI AIRTEL LTD,7.23026841079784,ETERNAL LTD,7.115522267938349,TATA CONSULTANCY SVCS LTD,5.914304986942288,2026-05-07 11:19:49,9월 6일 국내 ETF 1020개 데이터.xlsx / 국내 월배당 ETF 총정리.xlsx / 9월 1주 국내 월배당 ETF 분배금 지급현황.xlsx
0047R0,0047R0.KS,RISE 팔란티어고정테크100,K55223EJ7035,해외주식,전략,,,미국/테크,,,,Y,Y,2,0.779144367059,-0.270525164354,1.536897934701,15.694503241061,,,,,0.2,0.27,0.5533,12375,125,1.0204081632653061,313.60433374,49805,6.1519118,0.35231118595,KB운용,KEDI 팔란티어고정테크100 지수(PR),패시브,배당소득세(보유기간과세),20250513,,,,,,,,,,PALANTIR TECHNOLOGIES INC-A,24.7051950021189,NVIDIA CORP,8.502002613969452,APPLE INC,7.939192436453657,MICROSOFT CORP,7.105400908473026,ALPHABET INC-CL A,6.109382720850965,2026-05-07 11:19:49,9월 6일 국내 ETF 1020개 데이터.xlsx / 국내 월배당 ETF 총정리.xlsx / 9월 1주 국내 월배당 ETF 분배금 지급현황.xlsx
0028X0,0028X0.KS,KODEX 미국금융테크액티브,K55105EI2691,해외주식,업종섹터,,,미국/테크,,,,Y,Y,2,0.939065347247,-0.271108168768,5.489049399395,23.886461831005,,,,,0.45,0.47,0.6842,12335,135,1.1065573770491803,259.1634618,16214,1.9945373,-0.152587593682,삼성운용,iSelect 미국 차세대 파이낸셜 테크 지수(시장가격),액티브,배당소득세(보유기간과세),20250527,,,,,,,,,,SHOPIFY-A,10.301430049309587,SOFI TECHNOLOGIES ORD,9.895983707347808,NU Holdings Ltd/Cayman Islands,9.731557236534693,BANK OF NEW YORK MELLON CORP,8.962316460813916,CME GROUP INC,7.399710832132417,2026-05-07 11:19:49,9월 6일 국내 ETF 1020개 데이터.xlsx / 국내 월배당 ETF 총정리.xlsx / 9월 1주 국내 월배당 ETF 분배금 지급현황.xlsx
453080,453080.KS,KIWOOM 미국나스닥100(H),K55206E01648,해외주식,시장대표,해외시장지수(환헷지),미국 나스닥100,미국/테크,,,,Y,Y,2,0.96640911822,-0.272404201179,1.792086641643,8.341103264727,14.395567572079,10.505790750774,22.469958891865,,0.04,0.16,0.5016,18945,240,1.2830793905372895,641.16818602,35455,6.7029209,0.045302339957,키움투자운용,NASDAQ 100,패시브,배당소득세(보유기간과세),20230314,,,,,,,,,,NVIDIA CORP,9.60296077737736,MICROSOFT CORP,8.663978474065681,APPLE INC,8.215721365488365,AMAZON.COM INC,5.534196969422187,BROADCOM INC,5.424235172296405,2026-05-07 11:19:49,9월 6일 국내 ETF 1020개 데이터.xlsx / 국내 월배당 ETF 총정리.xlsx / 9월 1주 국내 월배당 ETF 분배금 지급현황.xlsx
281990,281990.KS,RISE 중소형고배당,K55223BY3509,국내주식,전략,배당,국내,배당,,,,Y,Y,2,0.280257682276,-0.285022195078,-2.21454455201,7.819177506392,28.004497002039,39.978911658644,41.576866545124,45.809493348163,0.3,0.43,0.4634,14785,85,0.5782312925170068,103.41912448,457,0.06734185,-0.095678974058,KB운용,FnGuide 중소형고배당포커스 지수,패시브,비과세,20171102,,,,,,,,,,한국앤컴퍼니,4.621742588785846,한전KPS,4.134890471492917,제일기획,4.07373822592364,한국가스공사,4.032965519493314,풍산,4.005722842792257,2026-05-07 11:19:49,9월 6일 국내 ETF 1020개 데이터.xlsx / 국내 월배당 ETF 총정리.xlsx / 9월 1주 국내 월배당 ETF 분배금 지급현황.xlsx
298770,298770.KS,KODEX 한국대만IT프리미어,K55105C75384,해외주식,업종섹터,,,,,,,Y,Y,2,0.556645427316,-0.285314842141,1.508886008626,18.115578578243,20.666673503858,18.870871160266,30.258789985642,84.646911189687,0.55,0.67,0.8313,29845,395,1.3412563667232598,295.24365992,62728,18.58324102,-0.133210438589,삼성운용,한국 대만 IT 프리미어지수,패시브,배당소득세(보유기간과세),20180611,,,,,,,,,,삼성전자,20.222006074544765,TAIWAN SEMICONDUCTOR MANUFAC,19.992351992428997,SK하이닉스,8.604984900319193,HON HAI PRECISION INDUSTRY,6.6026158169577505,MEDIATEK INC,6.010631687378976,2026-05-07 11:19:49,9월 6일 국내 ETF 1020개 데이터.xlsx / 국내 월배당 ETF 총정리.xlsx / 9월 1주 국내 월배당 ETF 분배금 지급현황.xlsx
483290,483290.KS,KODEX 미국배당다우존스타겟커버드콜,K55105EA8589,해외주식,전략,,,"월배당, 커버드콜, 배당",Y,Y,Y,Y,Y,1,-0.034662077445,-0.286848312413,3.440931735325,6.490894216051,-7.461378925027,-6.800814258052,2.377145569069,,0.39,0.49,0.623,9225,5,0.05422993492407809,1713.34894264,96725,8.92226087,-0.002753487401,삼성운용,Dow Jones U.S. Dividend 100 10% Premium Covered Call Index(Total Return),패시브,배당소득세(보유기간과세),20240528,해외주식,1.0016,20250827,20250829,93,13.0009,1198,12,Y,CHEVRON CORP,4.210721987051396,ABBVIE INC,4.138558822219709,PEPSICO INC,4.128986335861729,ALTRIA GROUP INC,4.11113497172651,CONOCOPHILLIPS,4.0299863571794,2026-05-07 11:19:49,9월 6일 국내 ETF 1020개 데이터.xlsx / 국내 월배당 ETF 총정리.xlsx / 9월 1주 국내 월배당 ETF 분배금 지급현황.xlsx
475310,475310.KS,SOL 반도체후공정,K55210E84646,국내주식,업종섹터,,,,,,,Y,Y,2,0.347513993138,-0.296753442458,-0.728682594332,15.228042563817,19.009040831358,32.268482682911,24.840695103831,,0.45,0.54,0.5638,11950,70,0.5892255892255892,125.76574956,32741,3.95307112,-0.058209113413,신한자산운용,FnGuide 반도체 후공정 지수(PR),패시브,비과세,20240214,,,,,,,,,,이수페타시스,22.81600312164142,한미반도체,17.31024170856046,리노공업,14.827838784712704,한화비전,12.27208737904901,이오테크닉스,10.993526294278617,2026-05-07 11:19:49,9월 6일 국내 ETF 1020개 데이터.xlsx / 국내 월배당 ETF 총정리.xlsx / 9월 1주 국내 월배당 ETF 분배금 지급현황.xlsx
458760,458760.KS,TIGER 미국배당다우존스타겟커버드콜2호,K55301E27659,해외주식,전략,배당,미국,"월배당, 커버드콜, 배당",Y,Y,Y,Y,Y,2,0.029840876419,-0.300015544819,3.689174381516,7.204440411516,-6.044240609153,-5.207374148284,3.749690844082,,0.39,0.46,0.6013,9645,15,0.1557632398753894,9750.42419991,191039,18.41629231,0.027678095149,미래에셋운용,DowJones U.S. Dividend 100 7% Premium Covered Call 지수 (TR),패시브,배당소득세(보유기간과세),20230620,해외주식,0.8871,20250827,20250829,86,11.3645,1093,12,Y,SCHWAB US DVD EQUITY ETF,8.134454832978408,ALTRIA GROUP INC,4.236957393196826,CONOCOPHILLIPS,3.9179363818069697,CISCO SYSTEMS INC,3.9157636760620904,HOME DEPOT INC,3.904735572394166,2026-05-07 11:19:49,9월 6일 국내 ETF 1020개 데이터.xlsx / 국내 월배당 ETF 총정리.xlsx / 9월 1주 국내 월배당 ETF 분배금 지급현황.xlsx
284980,284980.KS,RISE 200금융,K55223C02611,국내주식,업종섹터,,,,,,,Y,Y,2,0.076623087708,-0.300578471615,-0.311430841365,10.953381705656,41.285477054143,44.136624962729,38.39503917261,133.667141643073,0.19,0.25,0.2588,15300,65,0.426649163111257,180.47289834,5699,0.87234625,-0.00440175621,KB운용,코스피 200 금융,패시브,비과세,20171208,,,,,,,,,,KB금융,18.537560911387583,신한지주,14.177685609833922,하나금융지주,11.019236136507484,우리금융지주,8.664568338749513,삼성화재,7.293127251862287,2026-05-07 11:19:49,9월 6일 국내 ETF 1020개 데이터.xlsx / 국내 월배당 ETF 총정리.xlsx / 9월 1주 국내 월배당 ETF 분배금 지급현황.xlsx
457690,457690.KS,KODEX 33-06 국고채액티브,K55105E17036,채권,국내채권,만기매칭채권,AA+이상,채권,,,,Y,Y,5,0.099823553203,-0.303840501443,-0.287156074595,0.999675325258,1.236294855244,2.605716576614,4.553198640382,,0.15,0.16,0.16,11275,25,0.2222222222222222,280.4008042,7681,0.86604805,-0.007868251549,삼성운용,KAP 33-06 국고채 총수익 지수,액티브,배당소득세(보유기간과세),20230531,,,,,,,,,,국고03250-3306(23-5),100,원화현금,0,,,,,,,2026-05-07 11:19:49,9월 6일 국내 ETF 1020개 데이터.xlsx / 국내 월배당 ETF 총정리.xlsx / 9월 1주 국내 월배당 ETF 분배금 지급현황.xlsx
139270,139270.KS,TIGER 200 금융,KR5225A18034,국내주식,업종섹터,,,,,,,Y,Y,2,0.062754312104,-0.30947395504,-0.364316138196,10.87374152756,41.071558653432,43.847425984267,38.090957739522,132.992785124003,0.4,0.44,0.4505,11470,40,0.34995625546806647,291.19997425,71868,8.2146525,0.01218724546,미래에셋운용,코스피 200 금융,패시브,비과세,20110406,,,,,,,,,,KB금융,18.509507182942304,신한지주,14.46316306672258,하나금융지주,10.978549825530813,우리금융지주,8.65054995303704,삼성화재,7.170246642107062,2026-05-07 11:19:49,9월 6일 국내 ETF 1020개 데이터.xlsx / 국내 월배당 ETF 총정리.xlsx / 9월 1주 국내 월배당 ETF 분배금 지급현황.xlsx
266360,266360.KS,KODEX K콘텐츠,K55105BM5626,국내주식,업종섹터,,,,,,,Y,Y,1,0.410303519116,-0.312875002727,2.807408618587,9.303258393187,13.782145999701,24.609585940185,31.511896332372,-5.403706175418,0.45,0.47,0.4921,13485,65,0.4843517138599106,836.89751624,62556,8.45622755,-0.085307273793,삼성운용,KRX K콘텐츠,패시브,비과세,20170328,,,,,,,,,,카카오,25.247095883664002,NAVER,21.3090458448843,크래프톤,14.997934656770067,하이브,9.19345090833879,엔씨소프트,5.194902802211333,2026-05-07 11:19:49,9월 6일 국내 ETF 1020개 데이터.xlsx / 국내 월배당 ETF 총정리.xlsx / 9월 1주 국내 월배당 ETF 분배금 지급현황.xlsx
426150,426150.KS,WON 대한민국국고채액티브,K55107DT5260,채권,국내채권,,,채권,,,,Y,Y,5,0.091518880275,-0.317382646345,-0.663571682933,0.431963480666,0.040212149396,1.440351270468,4.807991948129,18.47572456467,0.07,0.09,0.0942,58645,150,0.256432173690059,636.26505995,1218,0.7143596,0.022223151516,우리운용,KAP 한국 국고채 총수익 지수,액티브,배당소득세(보유기간과세),20220511,,,,,,,,,,국고03250-5403(24-2),10.787737519590838,국고02625-5503(25-2),10.376447331775475,하나 금융기관영업부 20241224-365-1,8.093409791948162,국고02250-2806(25-4),7.824839519746789,국고02375-3112(21-11),7.224980657288212,2026-05-07 11:19:49,9월 6일 국내 ETF 1020개 데이터.xlsx / 국내 월배당 ETF 총정리.xlsx / 9월 1주 국내 월배당 ETF 분배금 지급현황.xlsx
138530,138530.KS,TIGER LG그룹+펀더멘털,KR5225A04026,국내주식,전략,,,,,,,Y,Y,2,-0.630706262267,-0.323390814512,-2.098690234284,13.634223582746,20.670490750519,19.755994986041,2.758147445754,-11.510685658682,0.15,0.21,0.255,7405,-25,-0.3364737550471063,111.14529208,3065,0.22680009,-0.015131505053,미래에셋운용,MKF LG그룹+ FW,패시브,비과세,20110310,,,,,,,,,,LG화학,25.717015594561655,LG유플러스,16.21786470308211,LG전자,13.270603964307057,LG디스플레이,8.403925818638523,LG이노텍,7.338120752347287,2026-05-07 11:19:49,9월 6일 국내 ETF 1020개 데이터.xlsx / 국내 월배당 ETF 총정리.xlsx / 9월 1주 국내 월배당 ETF 분배금 지급현황.xlsx
448300,448300.KS,TIGER 미국나스닥100(H),K55301DY5762,해외주식,시장대표,해외시장지수(환헷지),미국 나스닥100,미국/테크,,,,Y,Y,2,0.928220112194,-0.324109269025,1.753618399321,8.307755941674,15.161818217324,11.1741435916,22.976233763106,,0.07,0.21,0.2818,18905,250,1.3401232913428036,2756.42172484,86630,16.34871105,0.025565273319,미래에셋운용,NASDAQ-100 Total Return Index,패시브,배당소득세(보유기간과세),20221125,,,,,,,,,,NVIDIA CORP,9.553679803807958,MICROSOFT CORP,8.622002170127752,APPLE INC,8.175868410882623,AMAZON.COM INC,5.507691429258009,BROADCOM INC,5.394933463847717,2026-05-07 11:19:49,9월 6일 국내 ETF 1020개 데이터.xlsx / 국내 월배당 ETF 총정리.xlsx / 9월 1주 국내 월배당 ETF 분배금 지급현황.xlsx
276650,276650.KS,RISE 글로벌테크놀로지(합성 H),K55223BU6548,해외주식,업종섹터,,,미국/테크,,,,Y,Y,1,0.58050192961,-0.324999501111,1.689287209275,12.92194480709,19.784914788827,12.622516489147,24.73969057897,100.148860242411,0.4,0.55,0.5595,35565,140,0.3952011291460833,266.01767936,233,0.0826932,-0.121481386326,KB운용,S&P Global 1200 Information Technology and Interactive Media & Services Index,패시브,배당소득세(보유기간과세),20170817,,,,,,,,,,스왑(NH투자증권) 230525_4464,58.80047380980685,스왑(삼성증권)_250424,40.44809822205579,스왑(키움증권)_241125,0.7514279681373595,설정현금액,0,원화현금,0,2026-05-07 11:19:49,9월 6일 국내 ETF 1020개 데이터.xlsx / 국내 월배당 ETF 총정리.xlsx / 9월 1주 국내 월배당 ETF 분배금 지급현황.xlsx
0010E0,0010E0.KS,ACE FTSE WGBI Korea,K55101EH2993,채권,국내채권,,,채권,,,,Y,Y,5,0.093287212236,-0.33174679416,-0.687816371547,0.299408375596,-0.171417504744,,,,0.15,0.2,0.201,100990,340,0.33780427223050175,201.65178665,65,0.06564125,0.036611990361,한국투자신탁운용,FTSE Korean Government Bond Index(TR),패시브,배당소득세(보유기간과세),20250218,,,,,,,,,,국고02750-5409(24-8),22.841652088316632,국고03250-2803(23-1),11.77717095826508,국고03000-2909(24-7),11.722086021047682,국고03000-3412(24-13),11.551755200718016,국고02875-4409(24-10),11.495611813260696,2026-05-07 11:19:49,9월 6일 국내 ETF 1020개 데이터.xlsx / 국내 월배당 ETF 총정리.xlsx / 9월 1주 국내 월배당 ETF 분배금 지급현황.xlsx
0018C0,0018C0.KS,PLUS 고배당주위클리고정커버드콜,K55213EH5827,국내주식,전략,,,"월배당, 커버드콜, 배당",Y,Y,Y,Y,Y,2,0.038318951793,-0.333520160528,0.147656945871,9.401112300033,31.581287905466,,,,0.3,0.33,0.3576,11885,-5,-0.04205214465937763,582.04997922,221636,26.29997648,0.052722930159,한화운용,코스피 고배당 위클리 고정 커버드콜 지수,패시브,배당소득세(보유기간과세),20250305,국내주식,1.2495,20250812,20250814,150,6.2068,737,6,Y,기아,5.502705760074917,현대차,5.376004860969525,기업은행,5.273961840795186,DB손해보험,5.270417949605205,우리금융지주,5.0875290630264836,2026-05-07 11:19:49,9월 6일 국내 ETF 1020개 데이터.xlsx / 국내 월배당 ETF 총정리.xlsx / 9월 1주 국내 월배당 ETF 분배금 지급현황.xlsx
449190,449190.KS,KODEX 미국나스닥100(H),K55105DY7576,해외주식,시장대표,해외시장지수(환헷지),미국 나스닥100,미국/테크,,,,Y,Y,2,0.931502492937,-0.336603658333,1.757637612072,8.095495258013,14.966040404166,11.024429047463,22.749979304293,,0.0099,0.13,0.2429,18330,250,1.3827433628318584,4823.71709151,199048,36.40114459,0.045508565057,삼성운용,NASDAQ 100 Index,패시브,배당소득세(보유기간과세),20221202,,,,,,,,,,NVIDIA Corp,9.550323201797855,MICROSOFT,8.616711199079797,APPLE Inc,8.170874670385997,Amazon.com Inc,5.5038906802726695,BROADCOM LTD,5.39460397181275,2026-05-07 11:19:49,9월 6일 국내 ETF 1020개 데이터.xlsx / 국내 월배당 ETF 총정리.xlsx / 9월 1주 국내 월배당 ETF 분배금 지급현황.xlsx
458750,458750.KS,TIGER 미국배당다우존스타겟커버드콜1호,K55301E27642,해외주식,전략,배당,미국,"월배당, 커버드콜, 배당",Y,Y,Y,Y,Y,2,0.152437634567,-0.336953878858,3.996416902235,8.104692867088,-4.96382030503,-4.010877463314,5.354372057332,,0.39,0.49,0.5854,11005,20,0.18206645425580337,670.09361058,40443,4.44281828,-0.019022901915,미래에셋운용,DowJones U.S. Dividend 100 3% Premium Covered Call 지수 (TR),패시브,배당소득세(보유기간과세),20230620,해외주식,0.4789,20250812,20250814,51,6.4002,702,12,Y,SCHWAB US DVD EQUITY ETF,4.653837064949351,CHEVRON CORP,4.173680169687593,ABBVIE INC,4.102238761819425,PEPSICO INC,4.092658232186192,ALTRIA GROUP INC,4.0751371872140085,2026-05-07 11:19:49,9월 6일 국내 ETF 1020개 데이터.xlsx / 국내 월배당 ETF 총정리.xlsx / 9월 1주 국내 월배당 ETF 분배금 지급현황.xlsx
195920,195920.KS,TIGER 일본TOPIX(합성 H),KR5301AR6046,해외주식,시장대표,해외시장지수(환헷지),일본 TOPIX&Nikkei225,,,,,Y,Y,2,1.011339857606,-0.342278959745,5.537607897774,10.403123987616,14.211271915792,10.98520127624,18.062894558112,64.48530857719,0.24,0.29,0.2945,26315,195,0.7465543644716692,131.73504814,245,0.06412848,-0.918202294692,미래에셋운용,TOPIX 지수,패시브,배당소득세(보유기간과세),20140430,,,,,,,,,,일본TOPIX TRS(미래에셋증권) TRS 230605-0,54.047209892636644,일본TOPIX TRS(KB증권) TRS 230605-02,32.4348077435754,NEXT FUNDS TOPIX ETF,13.517982363787956,설정현금액,0,원화현금,0,2026-05-07 11:19:49,9월 6일 국내 ETF 1020개 데이터.xlsx / 국내 월배당 ETF 총정리.xlsx / 9월 1주 국내 월배당 ETF 분배금 지급현황.xlsx
291680,291680.KS,RISE 차이나H선물인버스(H),K55223C53507,레버리지/인버스,1X 인버스,,,인버스,,,,,,1,1.445192325126,-0.34359711424,-0.698447331028,-5.032069907144,-9.858918142055,-21.877501162582,-36.415207443181,-39.879500028386,0.59,1.36,1.7642,7705,-110,-1.4075495841330774,39.14067554,435,0.03347905,-0.411221582671,KB운용,Hang Seng China Enterprises Futures Index(Price Return),패시브,배당소득세(보유기간과세),20180323,,,,,,,,,,CSOP HANG SENG CHINA ENT-HKD,2.9345263747296353,설정현금액,0,원화현금,0,H-SHARES IDX FUT SEPT 2025,97.06547362527037,,,2026-05-07 11:19:49,9월 6일 국내 ETF 1020개 데이터.xlsx / 국내 월배당 ETF 총정리.xlsx / 9월 1주 국내 월배당 ETF 분배금 지급현황.xlsx
364990,364990.KS,TIGER 게임TOP10,K55301DA5588,국내주식,업종섹터,,,,,,,Y,Y,1,0.317633016684,-0.352129575202,0.110361478733,1.711656464146,14.870297062588,8.875443666844,3.005641653333,-13.78258651239,0.4,0.44,0.5049,5600,40,0.7194244604316546,353.17550688,63392,3.5397402,-0.047780492641,미래에셋운용,KRX 게임 K-뉴딜지수,패시브,비과세,20201007,,,,,,,,,,넷마블,32.70197787704369,엔씨소프트,26.386569841242103,크래프톤,20.40926414862985,펄어비스,5.720154380331773,카카오게임즈,3.292742758132329,2026-05-07 11:19:49,9월 6일 국내 ETF 1020개 데이터.xlsx / 국내 월배당 ETF 총정리.xlsx / 9월 1주 국내 월배당 ETF 분배금 지급현황.xlsx
493420,493420.KS,SOL 미국배당다우존스2호,K55210EE8074,해외주식,전략,,,"월배당, 배당",Y,Y,,Y,Y,2,0.249651435459,-0.361527062685,4.250012545328,8.703127638062,-3.587460554781,-2.504041013088,,,0.01,0.13,0.4264,10380,20,0.19305019305019305,300.67904268,26345,2.73487196,-0.028020762343,신한자산운용,Dow Jones U.S. Dividend 100 Index(TR),패시브,배당소득세(보유기간과세),20241008,,,,,,,,,,CHEVRON,4.382978508146758,ABBV,4.3078345460253065,PEPSICO INC,4.297514788906976,Altria Group Inc,4.279306545113801,ConocoPhillips,4.194770699201379,2026-05-07 11:19:49,9월 6일 국내 ETF 1020개 데이터.xlsx / 국내 월배당 ETF 총정리.xlsx / 9월 1주 국내 월배당 ETF 분배금 지급현황.xlsx
458730,458730.KS,TIGER 미국배당다우존스,K55301E27634,해외주식,전략,배당,미국,"월배당, 배당",Y,Y,Y,Y,Y,2,0.251466546302,-0.363348448468,4.280474500057,8.777782549536,-3.528369514479,-2.359386160945,6.899340020936,,0.01,0.07,0.1136,12235,25,0.20475020475020475,22196.08908845,780173,95.45646381,0.000421751135,미래에셋운용,Dow Jones U.S. Dividend 100 Price Return Index,패시브,배당소득세(보유기간과세),20230620,해외주식,0.2846,20250827,20250829,35,3.5936,438,12,Y,CHEVRON CORP,4.3829229660702875,ABBVIE INC,4.30880468726898,PEPSICO INC,4.296959843738335,ALTRIA GROUP INC,4.279881978100202,CONOCOPHILLIPS,4.195490927968624,2026-05-07 11:19:49,9월 6일 국내 ETF 1020개 데이터.xlsx / 국내 월배당 ETF 총정리.xlsx / 9월 1주 국내 월배당 ETF 분배금 지급현황.xlsx
402970,402970.KS,ACE 미국배당다우존스,K55101DN4471,해외주식,전략,배당,미국,"월배당, 배당",Y,Y,Y,Y,Y,3,0.253719470992,-0.366638979608,4.255309223547,8.772146878266,-3.511464071725,-2.336935398553,7.056787280017,28.841549978277,0.01,0.07,0.1463,12445,35,0.28203062046736505,6561.47302884,169837,21.13630906,-0.010861572,한국투자신탁운용,Dow Jones U.S. Dividend 100 Price Return Index,패시브,배당소득세(보유기간과세),20211021,해외주식,0.1665,20250812,20250814,20,3.7997,471,12,Y,CHEVRON CORP,4.387294331095428,ABBVIE INC,4.302899094212291,PEPSICO INC,4.293538375738181,ALTRIA GROUP INC,4.277812689579476,CONOCOPHILLIPS,4.1971342061778305,2026-05-07 11:19:49,9월 6일 국내 ETF 1020개 데이터.xlsx / 국내 월배당 ETF 총정리.xlsx / 9월 1주 국내 월배당 ETF 분배금 지급현황.xlsx
446720,446720.KS,SOL 미국배당다우존스,K55210DY2868,해외주식,전략,배당,미국,"월배당, 배당",Y,Y,Y,Y,Y,2,0.252755852714,-0.366835314331,4.272967968884,8.773979322245,-3.639789847791,-2.474891321328,6.841819957778,,0.01,0.08,0.1647,11230,35,0.31263957123715946,7935.97622591,193866,21.75128197,-0.016981345969,신한자산운용,Dow Jones U.S. Dividend 100 Price Return Index,패시브,배당소득세(보유기간과세),20221115,해외주식,0.2839,20250827,20250829,32,3.6134,404,12,Y,CHEVRON,4.382848164312318,ABBV,4.307791498800195,PEPSICO INC,4.297790374682721,Altria Group Inc,4.279284831836782,ConocoPhillips,4.194776505351491,2026-05-07 11:19:49,9월 6일 국내 ETF 1020개 데이터.xlsx / 국내 월배당 ETF 총정리.xlsx / 9월 1주 국내 월배당 ETF 분배금 지급현황.xlsx
489250,489250.KS,KODEX 미국배당다우존스,K55105EC8025,해외주식,전략,,,"월배당, 배당",Y,Y,Y,Y,Y,2,0.250431969819,-0.367063846225,4.291356538936,8.807305516125,-3.641284236358,-2.496698957462,6.862849052862,,0.0099,0.09,0.2475,10525,25,0.23809523809523808,3624.59676796,182635,19.2128984,0.00136376197,삼성운용,Dow Jones U.S. Dividend 100 Index(Price Return),패시브,배당소득세(보유기간과세),20240813,해외주식,0.2165,20250812,20250814,22,3.5688,374,12,Y,CHEVRON CORP,4.3828453758089045,ABBVIE INC,4.3078438677191775,PEPSICO INC,4.297901635942781,ALTRIA GROUP INC,4.279256944061279,CONOCOPHILLIPS,4.194774705524202,2026-05-07 11:19:49,9월 6일 국내 ETF 1020개 데이터.xlsx / 국내 월배당 ETF 총정리.xlsx / 9월 1주 국내 월배당 ETF 분배금 지급현황.xlsx
448490,448490.KS,HANARO 32-10 국고채액티브,K55232DY8190,채권,국내채권,만기매칭채권,AA+이상,채권,,,,Y,Y,5,0.119168433769,-0.377786394221,-0.534963252056,0.669476755909,0.5493624198,1.899728982544,4.392285392839,,0.05,0.07,0.0746,57935,200,0.3464103230276262,342.5372574,396,0.22941255,0.012246356846,NH-Amundi운용,KAP 32-10 국고채 10년 총수익지수,액티브,배당소득세(보유기간과세),20221122,,,,,,,,,,국고채권01500-3609(16-6),33.45819921212931,국고채권03750-3312(13-8),31.474525906422862,국고채권02625-3509(15-6),28.99295719573454,국고채권03500-3406(24-5),3.095334862592628,국고채권03000-3412(24-13),2.9789828231206616,2026-05-07 11:19:49,9월 6일 국내 ETF 1020개 데이터.xlsx / 국내 월배당 ETF 총정리.xlsx / 9월 1주 국내 월배당 ETF 분배금 지급현황.xlsx
148070,148070.KS,KIWOOM 국고채10년,KR5206A65050,채권,국내채권,,,채권,,,,Y,Y,4,0.108672288872,-0.385115361616,-0.384230801164,0.810634680728,0.755412778548,2.290194529893,3.992002948036,16.12359939495,0.05,0.07,0.0776,116830,300,0.2574444349094654,5558.14458603,13904,16.24419527,-0.002948012789,키움투자운용,KIS 국고채 10년(총수익),패시브,배당소득세(보유기간과세),20111020,,,,,,,,,,국고채권04125-3312(23-11),34.71900794903734,국고채권03500-3406(24-5),33.26571662617129,국고채권03000-3412(24-13),32.01527542479137,설정현금액,0,원화현금,0,2026-05-07 11:19:49,9월 6일 국내 ETF 1020개 데이터.xlsx / 국내 월배당 ETF 총정리.xlsx / 9월 1주 국내 월배당 ETF 분배금 지급현황.xlsx
363570,363570.KS,KODEX 장기종합채권(AA-이상)액티브,K55105D79160,채권,국내채권,,,채권,,,,Y,Y,4,0.109668133374,-0.385215261371,-0.789390113111,0.363198808212,-0.013888150966,1.524122972299,5.306164349885,20.386992047361,0.045,0.06,0.0683,102440,235,0.22993004256151853,3868.75962822,331,0.3391353,0.00985905379,삼성운용,"KAP한국장기종합채권지수(AA-이상, 총수익)",액티브,배당소득세(보유기간과세),20200925,,,,,,,,,,국고02625-5503(25-2),21.919893214922077,국고02625-3003(25-3),11.477186828644804,국고03000-3412(24-13),10.358636149222754,국고03250-5403(24-2),6.875081091718354,국고02875-4409(24-10),6.0131699324919445,2026-05-07 11:19:49,9월 6일 국내 ETF 1020개 데이터.xlsx / 국내 월배당 ETF 총정리.xlsx / 9월 1주 국내 월배당 ETF 분배금 지급현황.xlsx
304940,304940.KS,KODEX 미국나스닥100선물(H),K55105CC4992,해외주식,시장대표,해외시장지수(환헷지),미국 나스닥100,미국/테크,,,,Y,,2,0.947571884505,-0.385283735984,1.687537309434,7.873634995357,14.577357028942,10.427222522948,21.474613829824,77.254674971881,0.05,0.13,0.1922,27095,365,1.3655069210624766,1145.31367184,30859,8.33643533,0.048130635182,삼성운용,NASDAQ 100 Price Return Index,패시브,배당소득세(보유기간과세),20180830,,,,,,,,,,Nasdaq100 Emini 2025 09,92.6398451573179,INVESCO QQQ TRUST,7.3601548426821,설정현금액,0,2025-09 달러선물,0,원화현금,0,2026-05-07 11:19:49,9월 6일 국내 ETF 1020개 데이터.xlsx / 국내 월배당 ETF 총정리.xlsx / 9월 1주 국내 월배당 ETF 분배금 지급현황.xlsx
365780,365780.KS,ACE 국고채10년,K55101D95314,채권,국내채권,,,채권,,,,Y,Y,4,0.101903661281,-0.388524915796,-0.341342009664,0.84680725837,0.739330115107,2.127452639531,3.88869026283,16.08109693948,0.02,0.05,0.0551,91805,245,0.26758409785932724,3003.10962128,7347,6.74338213,0.015710076486,한국투자신탁운용,KIS 10년 국고채 지수 (총수익),패시브,배당소득세(보유기간과세),20201015,,,,,,,,,,국고04125-3312(23-11),34.71900782213233,국고채권03500-3406(24-5),33.265716735098515,국고03000-3412(24-13),32.01527544276916,설정현금액,0,원화현금,0,2026-05-07 11:19:49,9월 6일 국내 ETF 1020개 데이터.xlsx / 국내 월배당 ETF 총정리.xlsx / 9월 1주 국내 월배당 ETF 분배금 지급현황.xlsx
475080,475080.KS,KODEX 테슬라커버드콜채권혼합액티브,K55105E76727,자산배분,주식+채권,,,"월배당, 커버드콜, 채권",Y,Y,Y,Y,Y,3,0.246396407381,-0.391116854911,2.979376048455,4.1772770919,6.28424065585,-1.472645666663,9.39190634311,,0.39,0.48,0.6245,8755,10,0.11435105774728416,3100.86148251,231327,20.2678665,-0.158966829162,삼성운용,KEDI 테슬라 인컴 프리미엄 밸런스드 지수(Total Return),액티브,배당소득세(보유기간과세),20240123,자산배분,1.2245,20250827,20250829,108,15.7352,1373,12,Y,TESLA MOTORS,24.33844904830104,국고채03250-2706(24-4),16.23753999986147,Yieldmax Tsla Option Income ETF,11.896552606667628,통안03340-2601-02,7.823017623896246,국고03875-2612(23-10),7.170807562148876,2026-05-07 11:19:49,9월 6일 국내 ETF 1020개 데이터.xlsx / 국내 월배당 ETF 총정리.xlsx / 9월 1주 국내 월배당 ETF 분배금 지급현황.xlsx
438570,438570.KS,SOL 국고채10년,K55210DW6804,채권,국내채권,,,채권,,,,Y,Y,5,0.102713549106,-0.394648777169,-0.378953440648,0.79757664271,0.660924025132,2.173212003243,3.949752754824,16.509698816193,0.05,0.07,0.0725,109695,240,0.21926819240783885,1339.94866608,63,0.06911995,0.003130027097,신한자산운용,KAP 국고채10년지수(총수익지수),패시브,배당소득세(보유기간과세),20220906,,,,,,,,,,국고03000-3412(24-13),46.33861679723859,국고채권03500-3406(24-5),23.170971161838107,국고04125-3312(23-11),19.674508475396966,2025-09 국채선물10(신),4.300321943932062,국고00000-3506(25-5),3.6665910081317454,2026-05-07 11:19:49,9월 6일 국내 ETF 1020개 데이터.xlsx / 국내 월배당 ETF 총정리.xlsx / 9월 1주 국내 월배당 ETF 분배금 지급현황.xlsx
0008S0,0008S0.KS,TIGER 미국배당다우존스타겟데일리커버드콜,K55301EG7256,해외주식,전략,,,"월배당, 커버드콜, 배당",Y,Y,Y,Y,Y,2,0.187710248952,-0.394753710852,4.176385443955,8.729905720684,-3.596762406072,,,,0.25,0.3,0.4677,8955,20,0.2238388360380526,1639.52422504,127065,11.37449905,0.044894742023,미래에셋운용,Dow Jones U.S. Dividend 100 10% Daily Premium Covered Call 지수,패시브,배당소득세(보유기간과세),20250117,해외주식,1.0162,20250812,20250814,88,7.2214,644,7,Y,SCHWAB US DVD EQUITY ETF,8.730152959267066,CHEVRON CORP,3.9360571979540335,ABBVIE INC,3.8686091701684497,PEPSICO INC,3.859704230197952,ALTRIA GROUP INC,3.843301119530736,2026-05-07 11:19:49,9월 6일 국내 ETF 1020개 데이터.xlsx / 국내 월배당 ETF 총정리.xlsx / 9월 1주 국내 월배당 ETF 분배금 지급현황.xlsx
481430,481430.KS,RISE 국고채10년액티브,K55223EB1440,채권,국내채권,,,채권,,,,Y,Y,5,0.121323177715,-0.402798618061,-0.500278050281,0.632809652549,0.472127539955,1.388158428773,3.303740512451,,0.012,0.03,0.0351,107930,360,0.33466579901459514,1660.14656588,72,0.077687,-0.004776085641,KB운용,KAP 국고채 10년 지수(총수익),액티브,배당소득세(보유기간과세),20240521,,,,,,,,,,국고채권02625-3506(25-5),52.322515985520965,국고채권03000-3412(24-13),26.038065790764083,국고채권03500-3406(24-5),15.782113091452612,10년국채 F 202509,4.440911096763758,RISE 국채선물10년,1.4163940354985807,2026-05-07 11:19:49,9월 6일 국내 ETF 1020개 데이터.xlsx / 국내 월배당 ETF 총정리.xlsx / 9월 1주 국내 월배당 ETF 분배금 지급현황.xlsx
447430,447430.KS,ACE 주주환원가치주액티브,K55101DY4338,국내주식,전략,,,,,,,Y,Y,2,0.366232432489,-0.403897112783,-1.468537721376,1.834083176096,13.521358731604,23.894884466313,34.872077799731,,0.7,0.77,0.8305,15175,10,0.06594131223211341,805.97451602,20138,3.05477726,-0.005235729969,한국투자신탁운용,FnGuide 올라운드 가치주 지수,액티브,배당소득세(보유기간과세),20221115,,,,,,,,,,세아제강지주,10.252398988384355,영원무역홀딩스,9.87012909561731,더블유게임즈,7.462138076404102,SK가스,7.263683856746562,세아제강,7.085113544035964,2026-05-07 11:19:49,9월 6일 국내 ETF 1020개 데이터.xlsx / 국내 월배당 ETF 총정리.xlsx / 9월 1주 국내 월배당 ETF 분배금 지급현황.xlsx
471230,471230.KS,KODEX 국고채10년액티브,K55105E67924,채권,국내채권,,,채권,,,,Y,Y,5,0.120052837973,-0.411216471953,-0.524317291203,0.686146666285,0.491130991165,1.675567537903,3.488656507868,,0.015,0.03,0.0376,114400,335,0.2936921930478236,4267.884778,65829,75.3364829,0.011480043341,삼성운용,KAP 국고채 10년 지수(TR),액티브,배당소득세(보유기간과세),20231114,,,,,,,,,,국고00000-3506(25-5),53.22720209593048,국고03000-3412(24-13),46.77279790406952,원화현금,0,,,,,2026-05-07 11:19:49,9월 6일 국내 ETF 1020개 데이터.xlsx / 국내 월배당 ETF 총정리.xlsx / 9월 1주 국내 월배당 ETF 분배금 지급현황.xlsx
300610,300610.KS,TIGER K게임,K55301CB3302,국내주식,업종섹터,,,,,,,Y,Y,1,0.435136484357,-0.412458282573,-2.998465123918,-0.999406390834,5.70702635229,3.177132680698,-2.576348951596,-27.655836519263,0.5,0.55,0.6273,7030,20,0.28530670470756064,140.42659181,8895,0.62277795,-0.009017332167,미래에셋운용,WISE K게임 테마 지수,패시브,비과세,20180724,,,,,,,,,,넷마블,10.691666517664807,엔씨소프트,10.388174012354895,시프트업,10.350959468810123,크래프톤,10.22394149007044,펄어비스,8.831945138900396,2026-05-07 11:19:49,9월 6일 국내 ETF 1020개 데이터.xlsx / 국내 월배당 ETF 총정리.xlsx / 9월 1주 국내 월배당 ETF 분배금 지급현황.xlsx
410870,410870.KS,TIMEFOLIO K컬처액티브,K553J1DP1767,국내주식,전략,,,,,,,Y,Y,1,0.351091028915,-0.413662911262,4.710903898392,6.697316304678,29.645717280748,43.89763994723,39.508391758311,100.146193267128,0.8,0.89,1.2344,13130,5,0.0380952380952381,513.10712841,93035,12.29151966,0.009718069548,타임폴리오자산운용,FnGuide K-컬처 지수,액티브,배당소득세(보유기간과세),20211215,,,,,,,,,,에이피알,11.651622234892113,와이지엔터테인먼트,10.71413538840654,파마리서치,7.140205940988073,JYP Ent.,6.805006562407925,GS피앤엘,6.4514400945905095,2026-05-07 11:19:49,9월 6일 국내 ETF 1020개 데이터.xlsx / 국내 월배당 ETF 총정리.xlsx / 9월 1주 국내 월배당 ETF 분배금 지급현황.xlsx
476750,476750.KS,ACE 미국30년국채엔화노출액티브(H),K55101E91790,채권,해외채권,,,"월배당, 채권",Y,Y,Y,Y,Y,5,0.807072013015,-0.414695370123,-1.497553481014,-0.357607289984,-8.940601536184,-1.210528713727,-13.523091570959,,0.15,0.22,0.2279,8780,30,0.34285714285714286,1176.46023926,78348,6.87985178,-0.129215639635,한국투자신탁운용,Bloomberg U.S. Treasury 20+ Year Total Return Index T1530 JPY Currency Hedged,액티브,배당소득세(보유기간과세),20240312,채권,0.2516,20250827,20250829,22,3.0887,269,12,Y,ISHARES 20+ US TR BD JPY HED,25.762165575668945,DRX DLY 20+ YR TREAS BULL 3X,20.989336366469978,T 4 5/8 02/15/55,9.260991627176333,T 4 1/8 08/15/53,6.370371684727155,T 4 3/4 11/15/53,5.922027225699893,2026-05-07 11:19:49,9월 6일 국내 ETF 1020개 데이터.xlsx / 국내 월배당 ETF 총정리.xlsx / 9월 1주 국내 월배당 ETF 분배금 지급현황.xlsx
461460,461460.KS,PLUS 국고채10년액티브,K55213E35667,채권,국내채권,,,채권,,,,Y,Y,5,0.126237923301,-0.415054143144,-0.494668158476,0.679742504775,0.613548091741,1.904741235295,3.571664247776,,0.045,0.06,0.0661,56425,155,0.2754576150701973,475.55792884,868,0.489678,0.029581602327,한화운용,KAP 국고채 10년 동일가중 지수(총수익),액티브,배당소득세(보유기간과세),20230718,,,,,,,,,,국고채권02625-3506(25-5),44.965279021798096,국고채권03000-3412(24-13),29.49665115326487,국고채권03500-3406(24-5),19.702748516716554,PLUS 국채선물10년,3.767471191701339,10년국채 F 202509,2.0678501165191405,2026-05-07 11:19:49,9월 6일 국내 ETF 1020개 데이터.xlsx / 국내 월배당 ETF 총정리.xlsx / 9월 1주 국내 월배당 ETF 분배금 지급현황.xlsx
498860,498860.KS,RISE 코리아금융고배당,K55223EG3144,국내주식,전략,,,"월배당, 배당",Y,Y,Y,Y,Y,2,0.239457033003,-0.422652214352,1.137130427201,14.239378155626,41.680955417625,49.028037772116,,,0.1,0.15,0.1713,13520,25,0.1852537977028529,1365.63647827,30063,4.0593668,0.065740830053,KB운용,iSelect 코리아 금융 고배당 지수,패시브,비과세,20241209,국내주식,0.4071,20250812,20250814,55,2.1722,293,8,Y,DB손해보험,11.521982039670245,키움증권,10.893502124140822,신영증권,10.485821263995751,우리금융지주,10.402870001377805,삼성증권,9.736661824061951,2026-05-07 11:19:49,9월 6일 국내 ETF 1020개 데이터.xlsx / 국내 월배당 ETF 총정리.xlsx / 9월 1주 국내 월배당 ETF 분배금 지급현황.xlsx
152380,152380.KS,KODEX 국채선물10년,KR5105A81382,채권,국내채권,,,채권,,,,Y,,4,0.126037197288,-0.422817270285,-0.411555530704,0.759013876118,0.327893122156,1.923710410194,3.249034741161,13.633749929666,0.07,0.09,0.122,70950,190,0.26851328434143584,1178.12175137,10768,7.63899472,-0.017095062238,삼성운용,10년국채선물지수,패시브,배당소득세(보유기간과세),20120120,,,,,,,,,,2025-09 국채선물10(신),100,설정현금액,0,원화현금,0,,,,,2026-05-07 11:19:49,9월 6일 국내 ETF 1020개 데이터.xlsx / 국내 월배당 ETF 총정리.xlsx / 9월 1주 국내 월배당 ETF 분배금 지급현황.xlsx
289670,289670.KS,PLUS 국채선물10년,K55213C26454,채권,국내채권,,,채권,,,,Y,,4,0.125049682476,-0.423584100187,-0.433047275974,0.778934678685,0.177696083141,1.697904939873,2.899451337883,12.299885124001,0.05,0.1,0.1451,56750,160,0.28273546562997,70.28356467,205,0.1163087,0.011884672723,한화운용,10년국채선물지수,패시브,배당소득세(보유기간과세),20180207,,,,,,,,,,10년국채 F 202509,100,설정현금액,0,원화현금,0,,,,,2026-05-07 11:19:49,9월 6일 국내 ETF 1020개 데이터.xlsx / 국내 월배당 ETF 총정리.xlsx / 9월 1주 국내 월배당 ETF 분배금 지급현황.xlsx
300950,300950.KS,KODEX 게임산업,K55105CB0603,국내주식,업종섹터,,,,,,,Y,Y,1,0.360122994083,-0.426505862494,-1.249274747046,-2.326291007528,6.126974229509,3.679788427394,-1.397600439726,-21.624560008446,0.45,0.51,0.5716,6795,30,0.4434589800443459,224.82455143,38315,2.60037309,0.020956456092,삼성운용,FnGuide 게임산업 지수,패시브,비과세,20180724,,,,,,,,,,엔씨소프트,23.285775648415544,크래프톤,23.19926395582234,넷마블,13.090251014658147,시프트업,9.306676357383408,펄어비스,8.341591667390773,2026-05-07 11:19:49,9월 6일 국내 ETF 1020개 데이터.xlsx / 국내 월배당 ETF 총정리.xlsx / 9월 1주 국내 월배당 ETF 분배금 지급현황.xlsx
295000,295000.KS,RISE 국채선물10년,K55223C82712,채권,국내채권,,,채권,,,,Y,,4,0.12257605414,-0.432908996171,-0.455101671293,0.721340189512,0.26072584773,1.727513582689,2.90126721991,12.376762773417,0.07,0.12,0.1383,55915,145,0.25999641384256766,59.22272083,516,0.28853695,-0.025993077711,KB운용,10년국채선물지수,패시브,배당소득세(보유기간과세),20180511,,,,,,,,,,10년국채 F 202509,100,설정현금액,0,원화현금,0,,,,,2026-05-07 11:19:49,9월 6일 국내 ETF 1020개 데이터.xlsx / 국내 월배당 ETF 총정리.xlsx / 9월 1주 국내 월배당 ETF 분배금 지급현황.xlsx
352560,352560.KS,KODEX 미국부동산리츠(H),K55105D15560,부동산,,,,"월배당, 리츠/부동산",Y,Y,Y,Y,Y,2,0.690644699173,-0.44050708347,0.84743790248,1.915258789841,-1.751049466654,3.368123267494,-3.16819391968,4.068578229016,0.09,0.21,0.2746,11915,95,0.8037225042301185,338.92610454,48431,5.7658174,0.014148937118,삼성운용,Dow Jones US Real Estate Index,패시브,배당소득세(분리과세부동산ETF),20200513,부동산,0.3187,20250827,20250829,38,4.1404,489,12,Y,WELLTOWER INC,7.347113867173294,PROLOGIS INC,7.2721480909538245,AMERICAN TOWER CORP,6.490215205017171,Dow Jones US REAL 2025 09,5.307831055524813,EQUINIX,5.2654761610489835,2026-05-07 11:19:49,9월 6일 국내 ETF 1020개 데이터.xlsx / 국내 월배당 ETF 총정리.xlsx / 9월 1주 국내 월배당 ETF 분배금 지급현황.xlsx
219390,219390.KS,RISE 미국S&P원유생산기업(합성 H),K55223B28170,해외주식,업종섹터,해외주식테마/섹터,에너지&화학&원유,,,,,Y,Y,1,1.18454068219,-0.441530120949,6.407455371697,9.077027892816,5.99089667892,-1.298981197769,-1.763619160693,-9.375244482556,0.25,0.4,0.4,5855,75,1.2975778546712802,162.46215952,19951,1.16648863,-0.654271472626,KB운용,S&P Oil & Gas E&P Select Industry (PR),패시브,배당소득세(보유기간과세),20150602,,,,,,,,,,스왑(미래에셋증권)_240109,80.72820478148472,스왑(NH투자증권) 200605 - 4443,15.353204504575295,스왑(키움증권) 200723_4443,3.9185907139399854,설정현금액,0,원화현금,0,2026-05-07 11:19:49,9월 6일 국내 ETF 1020개 데이터.xlsx / 국내 월배당 ETF 총정리.xlsx / 9월 1주 국내 월배당 ETF 분배금 지급현황.xlsx
104530,104530.KS,KIWOOM 고배당,KR5206853842,국내주식,전략,배당,국내,"월배당, 배당",Y,Y,Y,Y,Y,2,-0.275991835004,-0.443165920369,0.361233847475,11.995064933141,34.509689611951,39.728889393382,43.425123438497,118.054497856055,0.19,0.24,0.3022,14665,-20,-0.13619339462036092,455.10552067,25540,3.7434894,0.085906190786,키움투자운용,MF 웰스 고배당 20,패시브,비과세,20080729,국내주식,0.2718,20250812,20250814,40,4.755,700,11,Y,BNK금융지주,6.610521592569339,DB손해보험,6.025253721145182,우리금융지주,5.83639085847636,기업은행,5.753829406309973,기아,5.712189148962397,2026-05-07 11:19:49,9월 6일 국내 ETF 1020개 데이터.xlsx / 국내 월배당 ETF 총정리.xlsx / 9월 1주 국내 월배당 ETF 분배금 지급현황.xlsx
494420,494420.KS,PLUS 미국배당증가성장주데일리커버드콜,K55213EF1380,해외주식,전략,,,"월배당, 커버드콜, 배당",Y,Y,Y,Y,Y,2,0.424435218634,-0.444175527773,1.309381507255,8.162622874596,1.984294023846,2.521817902211,,,0.39,0.6,0.8831,9340,50,0.5382131324004306,186.25721925,11411,1.06429189,0.116009715738,한화운용,Bloomberg U.S. Dividend Growth Partial Covered Call Index,패시브,배당소득세(보유기간과세),20241022,해외주식,1.1656,20250812,20250814,107,11.5059,1067,10,Y,STRIVE 1000 DIVIDEND GROWTH,17.418943708571383,MICROSOFT CORP,5.027466503901253,JPMORGAN CHASE & CO,4.107756606657834,BROADCOM INC,3.2245752524312685,ELI LILLY & CO,3.0955855682027478,2026-05-07 11:19:49,9월 6일 국내 ETF 1020개 데이터.xlsx / 국내 월배당 ETF 총정리.xlsx / 9월 1주 국내 월배당 ETF 분배금 지급현황.xlsx
0089D0,0089D0.KS,KODEX 금융고배당TOP10,K55105EM2703,국내주식,업종섹터,,,"월배당, 배당",Y,Y,,Y,Y,2,-0.009102936628,-0.448922339216,,,,,,,0.3,,,9665,30,0.3113648157758173,1604.61041353,617707,59.54238331,-0.038516228914,삼성운용,코스피 200 금융 고배당 TOP 10 지수,패시브,비과세,20250812,,,,,,,,,,KB금융,17.38101806363627,신한지주,16.49585441180183,하나금융지주,15.882584315144944,우리금융지주,14.721164319460422,기업은행,13.280922182925307,2026-05-07 11:19:49,9월 6일 국내 ETF 1020개 데이터.xlsx / 국내 월배당 ETF 총정리.xlsx / 9월 1주 국내 월배당 ETF 분배금 지급현황.xlsx
452360,452360.KS,SOL 미국배당다우존스(H),K55210E06284,해외주식,전략,배당,미국,"월배당, 배당",Y,Y,Y,Y,Y,2,0.359790052827,-0.449043483254,3.865846097205,5.609372528648,-0.51230420795,1.174713400831,0.478124725278,,0.05,0.11,0.2379,11055,55,0.5,2274.33127693,91014,10.05493853,-0.018906215482,신한자산운용,Dow Jones U.S. Dividend 100 Price Return Index,패시브,배당소득세(보유기간과세),20230321,해외주식,0.2798,20250827,20250829,31,3.5452,390,12,Y,CHEVRON,4.3830429442381735,ABBV,4.307924620050725,PEPSICO INC,4.297909176755783,Altria Group Inc,4.279401152347768,ConocoPhillips,4.194916521344214,2026-05-07 11:19:49,9월 6일 국내 ETF 1020개 데이터.xlsx / 국내 월배당 ETF 총정리.xlsx / 9월 1주 국내 월배당 ETF 분배금 지급현황.xlsx
487130,487130.KS,KoAct AI인프라액티브,K553N9EC3266,국내주식,업종섹터,국내주식테마/섹터,AI&로봇,미국/테크,,,,Y,Y,2,1.010355660707,-0.454305941197,-0.331400392177,20.298065248377,30.444068924477,38.610357123849,47.83343807651,,0.5,0.56,1.542,10925,125,1.1574074074074074,71.09876027,1371,0.14984945,-0.058709915995,삼성액티브자산운용,Solactive AI인프라 지수,액티브,배당소득세(보유기간과세),20240709,,,,,,,,,,SK하이닉스,9.00065639685532,카카오,6.296374711998539,테크윙,6.037089340015405,NAVER,5.676990836582822,삼성SDI,4.651631258169184,2026-05-07 11:19:49,9월 6일 국내 ETF 1020개 데이터.xlsx / 국내 월배당 ETF 총정리.xlsx / 9월 1주 국내 월배당 ETF 분배금 지급현황.xlsx
181480,181480.KS,ACE 미국부동산리츠(합성 H),KR5101AJ9786,부동산,,,,"월배당, 리츠/부동산",Y,Y,Y,Y,Y,2,0.684195982922,-0.474155020652,0.695325253122,1.571554976775,-1.913278798845,3.289726053456,-2.761336141019,1.318022053728,0.3,0.43,0.4405,82590,1090,1.3374233128834356,98.77292296,71,0.0585872,-0.123924116898,한국투자신탁운용,Dow Jones US Real Estate Index,패시브,배당소득세(분리과세부동산ETF),20130801,부동산,0.304,20250827,20250829,250,3.9192,3204,12,Y,설정현금액,0,원화현금,0,스왑(NH투자증권),100,,,,,2026-05-07 11:19:49,9월 6일 국내 ETF 1020개 데이터.xlsx / 국내 월배당 ETF 총정리.xlsx / 9월 1주 국내 월배당 ETF 분배금 지급현황.xlsx
385720,385720.KS,TIMEFOLIO 코스피액티브,K553J1DJ0270,국내주식,시장대표,,,,,,,Y,Y,2,-0.187345143323,-0.474854122101,0.062461871877,9.663948797075,21.763369469042,33.082288643943,26.546943605727,42.965518338818,0.8,0.85,1.1454,11640,-20,-0.17152658662092624,992.66468588,202846,23.7219443,-0.098621584777,타임폴리오자산운용,코스피,액티브,배당소득세(보유기간과세),20210525,,,,,,,,,,삼성전자,15.631133382383954,SK하이닉스,7.514110344000715,삼양식품,4.551776435513256,두산에너빌리티,4.308724575501865,한화에어로스페이스,3.9922597330734835,2026-05-07 11:19:49,9월 6일 국내 ETF 1020개 데이터.xlsx / 국내 월배당 ETF 총정리.xlsx / 9월 1주 국내 월배당 ETF 분배금 지급현황.xlsx
300640,300640.KS,RISE 게임테마,K55223CB7639,국내주식,업종섹터,,,,,,,Y,Y,1,0.418809194341,-0.482613153715,-3.234275778653,-1.289401333876,4.578910502713,2.544609015869,-1.273794221563,-27.108159866346,0.3,0.35,0.3745,8330,50,0.6038647342995169,283.45400326,3095,0.2573756,-0.000528851419,KB운용,WISE 게임 테마 지수 (시장가격지수),패시브,비과세,20180724,,,,,,,,,,엔씨소프트,10.993928958131974,넷마블,10.163418140906382,크래프톤,8.58447819611589,펄어비스,8.076838262611997,시프트업,7.474499928692445,2026-05-07 11:19:49,9월 6일 국내 ETF 1020개 데이터.xlsx / 국내 월배당 ETF 총정리.xlsx / 9월 1주 국내 월배당 ETF 분배금 지급현황.xlsx
381560,381560.KS,HANARO Fn전기&수소차,K55232DH1816,국내주식,업종섹터,,,,,,,Y,Y,1,-0.558322072296,-0.504343755446,-0.84234949595,17.114819694459,10.996852428207,18.692839851107,3.992159095537,0.687307430857,0.45,0.52,0.5388,8000,-40,-0.4975124378109453,163.83009044,2022,0.16189222,-0.064013594685,NH-Amundi운용,FnGuide 전기&수소차 지수,패시브,비과세,20210402,,,,,,,,,,현대모비스,9.833155755426144,현대차,9.66877718934353,삼성SDI,8.435314352805541,SK이노베이션,8.09470899319126,포스코퓨처엠,8.026263653990851,2026-05-07 11:19:49,9월 6일 국내 ETF 1020개 데이터.xlsx / 국내 월배당 ETF 총정리.xlsx / 9월 1주 국내 월배당 ETF 분배금 지급현황.xlsx
381570,381570.KS,HANARO Fn친환경에너지,K55232DH1824,국내주식,업종섹터,국내주식테마/섹터,에너지&화학,,,,,Y,Y,1,0.356302475212,-0.51130662452,-3.984333604062,7.173720591196,12.350705326307,17.979593576215,-1.015770031654,-18.640888257727,0.45,0.63,0.6489,7350,20,0.2728512960436562,66.21277409,8082,0.59296017,0.02948402839,NH-Amundi운용,FnGuide 친환경에너지 지수,패시브,비과세,20210402,,,,,,,,,,삼성SDI,11.774410845425463,LG에너지솔루션,11.744789686065902,POSCO홀딩스,10.827082285907654,포스코인터내셔널,8.829573919095782,한화,8.303140092477808,2026-05-07 11:19:49,9월 6일 국내 ETF 1020개 데이터.xlsx / 국내 월배당 ETF 총정리.xlsx / 9월 1주 국내 월배당 ETF 분배금 지급현황.xlsx
0047P0,0047P0.KS,RISE 테슬라고정테크100,K55223EJ7027,해외주식,전략,,,미국/테크,,,,Y,Y,2,0.863501676733,-0.512118328004,4.567599953762,12.005227904374,,,,,0.2,0.25,0.5813,12015,125,1.0513036164844407,125.34616258,9854,1.18265862,0.076791137138,KB운용,KEDI 테슬라고정테크100 지수(PR),패시브,배당소득세(보유기간과세),20250513,,,,,,,,,,TESLA INC,24.96293682583201,NVIDIA CORP,8.644418163118473,APPLE INC,8.070394904517935,MICROSOFT CORP,7.222668795494407,ALPHABET INC-CL A,6.210126710715911,2026-05-07 11:19:49,9월 6일 국내 ETF 1020개 데이터.xlsx / 국내 월배당 ETF 총정리.xlsx / 9월 1주 국내 월배당 ETF 분배금 지급현황.xlsx
388420,388420.KS,RISE 비메모리반도체액티브,K55223DJ8901,국내주식,업종섹터,국내주식테마/섹터,반도체,,,,,Y,Y,1,0.349693818101,-0.520345042223,0.838247051742,11.2743384134,12.654586952486,19.210735501285,14.611188838332,55.820980850907,0.5,0.57,0.6221,11290,60,0.5342831700801425,2578.81017179,76191,8.6429129,-0.123900823736,KB운용,iSelect 비메모리반도체 지수(시장가격지수),액티브,배당소득세(보유기간과세),20210610,,,,,,,,,,삼성전자,15.276171789718441,한미반도체,10.270034609126236,리노공업,9.64361570781325,이수페타시스,6.809255678513076,파크시스템스,5.52954556788072,2026-05-07 11:19:49,9월 6일 국내 ETF 1020개 데이터.xlsx / 국내 월배당 ETF 총정리.xlsx / 9월 1주 국내 월배당 ETF 분배금 지급현황.xlsx
494300,494300.KS,KODEX 미국나스닥100데일리커버드콜OTM,K55105EE2919,해외주식,전략,,,"월배당, 커버드콜, 미국/테크",Y,Y,Y,Y,Y,1,0.553193385925,-0.524864022123,1.776213517339,10.893354986611,5.635881453957,2.640776027653,,,0.25,0.33,0.4877,9510,55,0.5817028027498677,3488.26902774,367575,34.97110336,0.034030934219,삼성운용,NASDAQ-100 Daily Covered Call 101 Index(Total Return),패시브,배당소득세(보유기간과세),20241022,해외주식,1.671,20250827,20250829,159,17.8682,1689,10,Y,NVIDIA Corp,9.511725988737686,MICROSOFT,8.581739967606719,APPLE Inc,8.137581422640316,Amazon.com Inc,5.481398360956587,BROADCOM LTD,5.372562996247473,2026-05-07 11:19:49,9월 6일 국내 ETF 1020개 데이터.xlsx / 국내 월배당 ETF 총정리.xlsx / 9월 1주 국내 월배당 ETF 분배금 지급현황.xlsx
387270,387270.KS,TIGER 글로벌이노베이션액티브,K55301DH6423,해외주식,시장대표,,,,,,,Y,Y,2,0.897053691897,-0.525906317547,1.977953252353,11.333656731496,12.19267923463,7.253516148438,28.42546071718,77.926486546556,0.55,0.59,0.7628,18395,170,0.9327846364883402,233.17943458,4470,0.82151404,-0.095078911953,미래에셋운용,NASDAQ 100,액티브,배당소득세(보유기간과세),20210525,,,,,,,,,,TIGER 미국나스닥100,26.760127345565778,INVESCO NASDAQ 100 ETF,22.554175225801668,DEFIANCE QUANTUM ETF,13.17912202550864,ISHARES U.S. TECH INDEPENDEN,12.984729476962276,INVESCO S&P 500 MOMENTUM ETF,11.559303998485312,2026-05-07 11:19:49,9월 6일 국내 ETF 1020개 데이터.xlsx / 국내 월배당 ETF 총정리.xlsx / 9월 1주 국내 월배당 ETF 분배금 지급현황.xlsx
266390,266390.KS,KODEX 경기소비재,K55105BM5592,국내주식,업종섹터,,,,,,,Y,Y,2,-0.134093099195,-0.527350072983,-2.315859730273,4.018835072354,18.517820931276,24.131979923289,15.25371120848,3.364012736034,0.45,0.47,0.4912,9570,15,0.15698587127158556,57.40086616,312,0.02981685,-0.044035236572,삼성운용,KRX 경기소비재,패시브,비과세,20170328,,,,,,,,,,코웨이,19.22444865089325,LG전자,13.18188067244114,강원랜드,6.91916498243667,호텔신라,5.026370989046232,실리콘투,4.874888012690221,2026-05-07 11:19:49,9월 6일 국내 ETF 1020개 데이터.xlsx / 국내 월배당 ETF 총정리.xlsx / 9월 1주 국내 월배당 ETF 분배금 지급현황.xlsx
475380,475380.KS,RISE 글로벌리얼티인컴,K55223E85695,부동산,,,,"월배당, 리츠/부동산",Y,Y,Y,Y,Y,2,0.462116241132,-0.529633403618,-0.75797726547,0.860739032377,-4.674692740658,-0.105984605164,-0.903697651266,,0.01,0.11,0.1581,10090,45,0.44798407167745147,347.557104,9501,0.95700714,-0.111421052128,KB운용,Solactive Global Realty Income Index(Price Return),패시브,배당소득세(분리과세부동산ETF),20240220,부동산,0.3243,20250827,20250829,33,4.3679,438,12,Y,REALTY INCOME CORP,18.62344111434443,맥쿼리인프라,18.134111470678153,PROLOGIS INC,8.72007224238833,DIGITAL REALTY TRUST INC,8.537304828036952,EASTGROUP PROPERTIES INC,8.17603262869029,2026-05-07 11:19:49,9월 6일 국내 ETF 1020개 데이터.xlsx / 국내 월배당 ETF 총정리.xlsx / 9월 1주 국내 월배당 ETF 분배금 지급현황.xlsx
457700,457700.KS,KODEX 53-09 국고채액티브,K55105E17044,채권,국내채권,만기매칭채권,AA+이상,채권,,,,Y,Y,5,0.111712217508,-0.53521639036,-1.477908117024,-0.220392616275,-2.1313063148,0.192635491754,6.049223631378,,0.15,0.16,0.16,12220,40,0.3284072249589491,212.22251938,2581,0.31527965,0.040519127622,삼성운용,KAP 53-09 국고채 총수익 지수,액티브,배당소득세(보유기간과세),20230531,,,,,,,,,,국고03625-5309(23-7),100,원화현금,0,,,,,,,2026-05-07 11:19:49,9월 6일 국내 ETF 1020개 데이터.xlsx / 국내 월배당 ETF 총정리.xlsx / 9월 1주 국내 월배당 ETF 분배금 지급현황.xlsx
0078V0,0078V0.KS,PLUS 미국로보택시,K55213EL7496,해외주식,업종섹터,,,,,,,Y,Y,2,0.20379779822,-0.536100056851,6.654325590934,,,,,,0.49,0.51,0.5787,10510,-25,-0.23730422401518747,83.97936499,2341,0.24599767,0.183263282262,한화운용,KEDI 미국로보택시 지수(PR),패시브,배당소득세(보유기간과세),20250722,,,,,,,,,,UBER TECHNOLOGIES INC,13.646496499537538,WERIDE INC-ADR,13.290168564345413,BAIDU INC - SPON ADR,13.0930584103788,PONY AI INC,12.434778092002587,TESLA INC,12.240080241526021,2026-05-07 11:19:49,9월 6일 국내 ETF 1020개 데이터.xlsx / 국내 월배당 ETF 총정리.xlsx / 9월 1주 국내 월배당 ETF 분배금 지급현황.xlsx
472870,472870.KS,RISE 미국30년국채엔화노출(합성 H),K55223E77825,채권,해외채권,,,"월배당, 채권",Y,Y,Y,Y,Y,2,1.384062834009,-0.552218810441,-1.103701111825,0.513651403232,-10.013451324814,-1.467152813722,-13.009756578651,,0.15,0.18,0.1892,8210,55,0.674432863274065,4254.38185179,606220,49.73936691,-0.099639042786,KB운용,KIS 미국채 30년 엔화노출 지수(USD/JPY 헤지)(총수익지수),패시브,배당소득세(보유기간과세),20231227,채권,0.2575,20250827,20250829,21,3.256,262,12,Y,설정현금액,0,원화현금,0,스왑(키움증권)_44F9_250807,9.637609848227145,스왑(미래에셋증권)_44F9_250724,20.907715922084467,스왑(메리츠증권)_44F9_250516,69.4546742296884,2026-05-07 11:19:49,9월 6일 국내 ETF 1020개 데이터.xlsx / 국내 월배당 ETF 총정리.xlsx / 9월 1주 국내 월배당 ETF 분배금 지급현황.xlsx
424460,424460.KS,HANARO 글로벌워터MSCI(합성),K55232DS6564,해외주식,전략,,,,,,,Y,Y,2,1.228348657732,-0.552630322741,0.549499586682,5.281005739829,9.180044735848,10.6239540095,17.08950070585,55.747602542816,0.5,0.63,0.63,15235,165,1.094890510948905,91.25763689,2097,0.3195721,-0.010932365293,NH-Amundi운용,MSCI ACWI IMI Water ESG Filtered (Price Return),패시브,배당소득세(보유기간과세),20220419,,,,,,,,,,스왑(미래에셋증권)_20220419,49.69127450833098,스왑(한국투자증권)_20220419,33.56397878951461,스왑(키움증권)_20220419,16.744746702154416,설정현금액,0,원화현금,0,2026-05-07 11:19:49,9월 6일 국내 ETF 1020개 데이터.xlsx / 국내 월배당 ETF 총정리.xlsx / 9월 1주 국내 월배당 ETF 분배금 지급현황.xlsx
117700,117700.KS,KODEX 건설,KR5105171502,국내주식,업종섹터,,,,,,,Y,Y,1,-0.032068069823,-0.561409478038,-3.836029432935,-1.792952522567,29.918787733975,48.541758657166,29.881258245955,41.014351585188,0.45,0.47,0.4923,4015,0,0,398.16434013,154648,6.20242127,0.021892815385,삼성운용,KRX 건설,패시브,비과세,20091030,,,,,,,,,,현대건설,25.806003517670856,삼성E&A,17.603982972352846,한전기술,10.251824074308383,DL이앤씨,7.481167337309319,GS건설,7.072301762611261,2026-05-07 11:19:49,9월 6일 국내 ETF 1020개 데이터.xlsx / 국내 월배당 ETF 총정리.xlsx / 9월 1주 국내 월배당 ETF 분배금 지급현황.xlsx
238720,238720.KS,ACE 일본Nikkei225(H),K55101BA8230,해외주식,시장대표,해외시장지수(환헷지),일본 TOPIX&Nikkei225,,,,,Y,Y,2,1.544340120898,-0.566380852836,5.792006890298,12.962686652679,14.943454115535,7.676716913978,17.685374509467,66.695040591102,0.3,0.52,0.6113,30795,260,0.8514819060094972,305.1051357,3572,1.10127385,0.215409506413,한국투자신탁운용,니케이225 지수,패시브,배당소득세(해외주식투자전용ETF),20160303,,,,,,,,,,NIKKEI225(OSE) SEP25,13.121891524666074,NEXT FUNDS Nikkei 225 Exchange Traded Fu,9.98756793423777,NIKKEI 225 MINI F2509,7.741915977615845,FAST RETAILING,7.653161271986135,SOFTBANK GROUP,4.7785112171722215,2026-05-07 11:19:49,9월 6일 국내 ETF 1020개 데이터.xlsx / 국내 월배당 ETF 총정리.xlsx / 9월 1주 국내 월배당 ETF 분배금 지급현황.xlsx
137610,137610.KS,TIGER 농산물선물Enhanced(H),KR5225987118,원자재,농산물,,,원자재,,,,Y,,2,-0.16388164275,-0.568763333393,0.966934317105,-4.743710495157,-5.385607682938,-6.788820065871,-7.806788744208,-32.764224158724,0.69,0.75,0.808,5170,-20,-0.3853564547206166,139.81051458,4289,0.22175166,0.007289050031,미래에셋운용,S&P GSCI Agriculture Enhanced Index(ER),패시브,배당소득세(보유기간과세),20110111,,,,,,,,,,CORN FUT CBOT JUL 2026,27.140180194010725,SOYBEAN FUT CBOT NOV 2025,24.014403285277545,WHEAT FUT CBOT DEC 2025,19.293282595270604,SUGAR FUT CBOT MAR 2026,13.637549861577439,TEUCRIUM CORN FUND,13.257624205424031,2026-05-07 11:19:49,9월 6일 국내 ETF 1020개 데이터.xlsx / 국내 월배당 ETF 총정리.xlsx / 9월 1주 국내 월배당 ETF 분배금 지급현황.xlsx
346000,346000.KS,HANARO KAP초장기국고채,K55232CX4522,채권,국내채권,,,채권,,,,Y,Y,3,0.150352962105,-0.569374737993,-1.052339730083,0.292648476296,-1.224776063135,0.451832054979,4.585521625663,18.802472323127,0.2,0.27,0.2777,40975,205,0.5028207014961982,36.49377465,211,0.08638635,0.020642225484,NH-Amundi운용,KAP 초장기 국고채 지수(총수익),패시브,배당소득세(보유기간과세),20200116,,,,,,,,,,국고채권03500-3406(24-5),34.65263207886744,국고채권02875-4409(24-10),33.187971870773815,국고채권02625-5503(25-2),32.15939605035875,설정현금액,0,원화현금,0,2026-05-07 11:19:49,9월 6일 국내 ETF 1020개 데이터.xlsx / 국내 월배당 ETF 총정리.xlsx / 9월 1주 국내 월배당 ETF 분배금 지급현황.xlsx
474390,474390.KS,SOL 국고채30년액티브,K55210E79489,채권,국내채권,,,채권,,,,Y,Y,3,0.118520427136,-0.580787324936,-1.60994377946,-0.1515339151,-2.425272215027,-0.211720000141,5.807892382239,,0.05,0.09,0.0904,56070,215,0.3849252528869394,89.52854865,35,0.0196211,0.061144925248,신한자산운용,KAP 국고채30년 지수(TR),액티브,배당소득세(보유기간과세),20240116,,,,,,,,,,국고02750-5409(24-8),39.690833852051135,국고02625-5503(25-2),35.394347867096364,국고03250-5403(24-2),24.914818280852497,원화현금,0,,,2026-05-07 11:19:49,9월 6일 국내 ETF 1020개 데이터.xlsx / 국내 월배당 ETF 총정리.xlsx / 9월 1주 국내 월배당 ETF 분배금 지급현황.xlsx
451600,451600.KS,PLUS 국고채30년액티브,K55213E00166,채권,국내채권,장기채권,국내,채권,,,,Y,Y,5,0.131674994341,-0.58821715365,-1.64282280804,-0.11889121415,-2.482329103176,-0.228694172444,5.646320204988,,0.05,0.07,0.0712,115605,425,0.36898767147074146,169.64569396,2,0.0023123,0.09792004676,한화운용,KAP 국고채 30년 지수(총수익),액티브,배당소득세(보유기간과세),20230207,,,,,,,,,,국고채권03250-5303(23-2),49.247352348493706,국고채권02625-5503(25-2),38.39683874055229,국고채권03250-5403(24-2),12.355808910954003,원화현금,0,,,2026-05-07 11:19:49,9월 6일 국내 ETF 1020개 데이터.xlsx / 국내 월배당 ETF 총정리.xlsx / 9월 1주 국내 월배당 ETF 분배금 지급현황.xlsx
418660,418660.KS,TIGER 미국나스닥100레버리지(합성),K55301DQ3577,레버리지/인버스,2X 레버리지,,,"미국/테크, 레버리지",,,,,,1,1.636702161292,-0.59225361219,3.857024100445,22.049521350337,18.003890180095,7.452594649114,57.576444404796,203.678653659857,0.25,0.37,0.3945,28645,680,2.43161094224924,1762.96313254,56597,16.18356017,-0.020410045515,미래에셋운용,NASDAQ 100,패시브,배당소득세(보유기간과세),20220222,,,,,,,,,,NASDAQ 100 E-MINI INDEX SEPT 2025,66.71540681722671,미국나스닥100 TRS 2,20.30663272687319,미국나스닥100 TRS 1,10.446983698609056,미국나스닥100 TRS 231103-01,1.7047708669985397,미국나스닥100 TRS 3,0.8262058902925075,2026-05-07 11:19:49,9월 6일 국내 ETF 1020개 데이터.xlsx / 국내 월배당 ETF 총정리.xlsx / 9월 1주 국내 월배당 ETF 분배금 지급현황.xlsx
439870,439870.KS,KODEX 국고채30년액티브,K55105DV4568,채권,국내채권,장기채권,국내,채권,,,,Y,Y,5,0.146860706957,-0.595010664048,-1.611274151008,-0.179771524581,-2.070809634908,0.076858633596,6.119103977119,25.932585739723,0.05,0.06,0.0748,120700,400,0.3325020781379884,6166.41649301,5244,6.32880311,0.045401582819,삼성운용,KAP 국고채 30년 총수익 지수,액티브,배당소득세(보유기간과세),20220823,,,,,,,,,,국고02625-5503(25-2),23.617723051989895,국고02625-4803(18-2),11.514397777643827,국고02875-4409(24-10),9.69537822205885,국고02000-4903(19-2),9.356046386606922,국고03125-5209(22-9),6.8889230679476015,2026-05-07 11:19:49,9월 6일 국내 ETF 1020개 데이터.xlsx / 국내 월배당 ETF 총정리.xlsx / 9월 1주 국내 월배당 ETF 분배금 지급현황.xlsx
426330,426330.KS,KIWOOM 미국ETF산업STOXX,K55206DR7912,해외주식,업종섹터,,,,,,,Y,Y,2,0.649598531204,-0.597680863489,-2.146624350433,7.662762888507,4.231428677806,2.654463065182,19.483322610752,52.720359010647,0.52,1.58,3.3046,15645,180,1.1639185257032008,31.27024292,69,0.0107963,-0.245539045187,키움투자운용,STOXX USA ETF Industry Index (KRW),패시브,배당소득세(보유기간과세),20220426,,,,,,,,,,BLACKROCK INC,10.779838916228718,S&P GLOBAL INC,10.303354688756762,SCHWAB (CHARLES) CORP,10.267476948629582,MOODYS CORP,10.119447916571492,CME GROUP INC,9.494650926706697,2026-05-07 11:19:49,9월 6일 국내 ETF 1020개 데이터.xlsx / 국내 월배당 ETF 총정리.xlsx / 9월 1주 국내 월배당 ETF 분배금 지급현황.xlsx
315270,315270.KS,TIGER 200커뮤니케이션서비스,K55301CI8700,국내주식,업종섹터,,,,,,,Y,Y,2,0.335114874713,-0.605181586549,1.800709691958,11.636002925728,15.341060298371,24.586220502095,31.819336190671,14.122794012499,0.4,0.44,0.4561,21640,55,0.2548065786425759,78.05849995,2943,0.63656805,-0.100641108638,미래에셋운용,코스피 200 커뮤니케이션서비스,패시브,비과세,20190115,,,,,,,,,,카카오,23.930010019878225,NAVER,20.154107312196196,KT,14.139298364017986,크래프톤,11.7465297824849,SK텔레콤,9.878310925251188,2026-05-07 11:19:49,9월 6일 국내 ETF 1020개 데이터.xlsx / 국내 월배당 ETF 총정리.xlsx / 9월 1주 국내 월배당 ETF 분배금 지급현황.xlsx
395280,395280.KS,HANARO Fn K-게임,K55232DL2875,국내주식,업종섹터,,,,,,,Y,Y,1,0.257897507492,-0.607816147107,-1.623317387576,-2.094013668672,7.036606090771,4.707738988479,-0.402962186346,-22.392237389199,0.45,0.53,0.5534,4155,25,0.6053268765133172,120.40379538,7944,0.328491,0.05206203652,NH-Amundi운용,FnGuide K-게임 지수,패시브,비과세,20210730,,,,,,,,,,크래프톤,23.468765573841193,엔씨소프트,21.97187574203162,넷마블,12.35748246797417,시프트업,8.776649005401381,펄어비스,7.871388682089534,2026-05-07 11:19:49,9월 6일 국내 ETF 1020개 데이터.xlsx / 국내 월배당 ETF 총정리.xlsx / 9월 1주 국내 월배당 ETF 분배금 지급현황.xlsx
291890,291890.KS,KODEX MSCI EM선물(H),K55105C52086,해외주식,시장대표,,,,,,,Y,,2,-0.312049598015,-0.614195441923,1.914769410391,7.048714766362,14.103608417745,16.578229164219,14.181138163329,20.960620808319,0.45,0.7,0.8391,9490,75,0.7966011683483802,51.8502788,39,0.00366455,0.010074222485,삼성운용,SGX Emerging Markets Futures Index(ER),패시브,배당소득세(보유기간과세),20180323,,,,,,,,,,MSCI EM Index Futures 2025 09,83.8024988104922,iShares MSCI Emerging MKT,16.197501189507808,설정현금액,0,2025-09 달러선물,0,원화현금,0,2026-05-07 11:19:49,9월 6일 국내 ETF 1020개 데이터.xlsx / 국내 월배당 ETF 총정리.xlsx / 9월 1주 국내 월배당 ETF 분배금 지급현황.xlsx
276000,276000.KS,TIGER 글로벌자원생산기업(합성 H),K55301BS2827,해외주식,업종섹터,,,,,,,Y,Y,2,-0.166196781723,-0.616755150576,5.189315986754,7.940719590924,15.621007300289,17.127633246849,9.005528202132,6.960791175542,0.4,0.49,0.4958,15955,5,0.03134796238244514,136.37910981,681,0.10838205,-1.090382458232,미래에셋운용,MorningStar Global Upstream Resources Index(PR),패시브,배당소득세(보유기간과세),20170801,,,,,,,,,,글로벌자원생산기업 TRS(한국투자증권),69.98127931071693,글로벌자원생산기업 TRS(KB증권),22.607336382707793,글로벌자원생산기업 TRS(키움증권),6.5181735334922015,FLEXSHARES GLOBAL UPSTREAM N,0.8932107730830741,설정현금액,0,2026-05-07 11:19:49,9월 6일 국내 ETF 1020개 데이터.xlsx / 국내 월배당 ETF 총정리.xlsx / 9월 1주 국내 월배당 ETF 분배금 지급현황.xlsx
395150,395150.KS,KODEX 웹툰&드라마,K55105DI5380,국내주식,업종섹터,,,,,,,Y,Y,1,0.774141642433,-0.626512153246,-1.178312781366,0.235797189982,6.819173106093,12.134983496094,14.186896962063,-44.47287026321,0.45,0.51,0.6029,3265,20,0.6163328197226502,127.13440231,111395,3.63130462,-0.027570103318,삼성운용,FnGuide 웹툰&드라마 지수,패시브,비과세,20210730,,,,,,,,,,카카오,18.761191116099322,NAVER,18.461202332457447,CJ ENM,15.654350756816921,스튜디오드래곤,12.520227530152663,SAMG엔터,7.330713122349672,2026-05-07 11:19:49,9월 6일 국내 ETF 1020개 데이터.xlsx / 국내 월배당 ETF 총정리.xlsx / 9월 1주 국내 월배당 ETF 분배금 지급현황.xlsx
471460,471460.KS,KIWOOM 국고채30년액티브,K55206E71195,채권,국내채권,,,"월배당, 채권",Y,Y,Y,Y,Y,5,0.151651001967,-0.634174216516,-1.656730971355,0.028178107673,-2.212617474187,-0.051418532366,6.058152275926,,0.035,0.06,0.0643,63645,200,0.3152336669556309,534.16238893,1931,1.22944667,0.021797251143,키움투자운용,KIS-키움 국고채30년 지수(총수익지수),액티브,배당소득세(보유기간과세),20231107,채권,0.1788,20250827,20250829,114,2.2679,1440,12,Y,국고00000-5503(25-2),69.49215151550507,국고00000-5509(25-7),15.954567408906914,신한 자금부 20250219-365-1,8.161890242368287,KIWOOM 국고채10년레버리지,5.6361259412749645,국고채원금01230-5403(24-2),0.7552648919447601,2026-05-07 11:19:49,9월 6일 국내 ETF 1020개 데이터.xlsx / 국내 월배당 ETF 총정리.xlsx / 9월 1주 국내 월배당 ETF 분배금 지급현황.xlsx
245350,245350.KS,TIGER 유로스탁스배당30,K55301BD8862,해외주식,전략,,,배당,,,,Y,Y,2,0.800096248521,-0.648945711379,3.604338186723,8.910749520155,21.707102534677,39.863763409359,42.02714246681,82.441849757971,0.35,0.54,0.8605,16575,190,1.1595971925541655,264.08460165,7253,1.20241552,0.269826195393,미래에셋운용,Euro STOXX Select Dividend 30,패시브,배당소득세(해외주식투자전용ETF),20160701,,,,,,,,,,OMV AG,5.9432275999913955,ABN AMRO BANK NV-CVA,5.787587474434076,NN GROUP NV,4.8613094458565,SIGNIFY NV,4.771101620855728,POSTE ITALIANE SPA,4.264866990709325,2026-05-07 11:19:49,9월 6일 국내 ETF 1020개 데이터.xlsx / 국내 월배당 ETF 총정리.xlsx / 9월 1주 국내 월배당 ETF 분배금 지급현황.xlsx
426020,426020.KS,TIMEFOLIO 미국S&P500액티브,K553J1DT1904,해외주식,시장대표,,,미국/테크,,,,Y,Y,2,0.741554850701,-0.649908936161,0.597627177872,16.107834593759,18.161685122836,9.833271774368,39.059112379944,129.826965614378,0.8,1,1.2415,24190,220,0.917813934084272,554.67747345,85611,20.70194813,-0.017366914534,타임폴리오자산운용,S&P 500,액티브,배당소득세(보유기간과세),20220511,,,,,,,,,,S&P500 EMINI FUT SEP25,9.431134826658411,NVIDIA CORP,7.525809555506537,MICROSOFT CORP,5.609474938313092,APPLE INC,4.388545762429246,BROADCOM INC,4.239893998470296,2026-05-07 11:19:49,9월 6일 국내 ETF 1020개 데이터.xlsx / 국내 월배당 ETF 총정리.xlsx / 9월 1주 국내 월배당 ETF 분배금 지급현황.xlsx
474800,474800.KS,KIWOOM 미국원유에너지기업,K55206E81673,해외주식,업종섹터,,,,,,,Y,Y,2,0.584398934979,-0.682859653225,4.547621616681,11.768781153348,0.223759451066,-1.078281309469,9.34053011558,,0.29,0.59,0.866,11215,85,0.7637017070979335,79.36095243,3337,0.37458955,-0.5372362504,키움투자운용,MSCI US IMI Energy 25/50 Index(Price Return),패시브,배당소득세(보유기간과세),20240116,,,,,,,,,,EXXON MOBIL CORP,22.759210828560562,CHEVRON CORP,16.00054255411794,CONOCOPHILLIPS,6.067006430907378,WILLIAMS COS INC,3.6984164337683905,EOG RESOURCES INC,3.525822933057172,2026-05-07 11:19:49,9월 6일 국내 ETF 1020개 데이터.xlsx / 국내 월배당 ETF 총정리.xlsx / 9월 1주 국내 월배당 ETF 분배금 지급현황.xlsx
309230,309230.KS,ACE 미국WideMoat동일가중,K55101CF3110,해외주식,전략,,,,,,,Y,Y,2,0.19359131921,-0.696983035446,1.063791896193,10.104119557142,3.895362394628,-0.199912742278,9.079886782476,54.704145464988,0.4,0.55,0.6956,27570,140,0.5103900838497994,1398.18967253,17027,4.68631917,-0.120217682627,한국투자신탁운용,MorningStar Wide Moat Focus Index,패시브,배당소득세(보유기간과세),20181025,,,,,,,,,,TERADYNE INC,3.166736862214231,ESTEE LAUDER COMPANIES-CL A,3.1186443777336303,ALPHABET INC-CL A,3.0825511137494117,MONOLITHIC POWER SYSTEMS INC,2.9775714534847637,HUNTINGTON INGALLS INDUSTRIE,2.97637642229636,2026-05-07 11:19:49,9월 6일 국내 ETF 1020개 데이터.xlsx / 국내 월배당 ETF 총정리.xlsx / 9월 1주 국내 월배당 ETF 분배금 지급현황.xlsx
489000,489000.KS,PLUS 일본엔화초단기국채(합성),K55213ED2661,채권,해외채권,,,채권,,,,Y,Y,3,-0.158553184815,-0.704796924094,-0.483217039959,-1.176678688401,-3.595576062342,-0.023164050587,0.022478391502,,0.19,0.23,0.2616,10060,-10,-0.09930486593843098,181.01446939,67674,6.8143072,-0.018751453352,한화운용,KAP 일본 단기 국채 지수(총수익),패시브,배당소득세(보유기간과세),20240813,,,,,,,,,,PLUS 머니마켓액티브,30.133569716849173,PLUS KOFR금리,29.277206053232092,메리츠 KIS CD금리투자 ETN,19.06620772618025,KB KIS CD금리투자 ETN,9.45006833025232,스왑(미래에셋증권)_6369_20250710,0.004718462716020285,2026-05-07 11:19:49,9월 6일 국내 ETF 1020개 데이터.xlsx / 국내 월배당 ETF 총정리.xlsx / 9월 1주 국내 월배당 ETF 분배금 지급현황.xlsx
139220,139220.KS,TIGER 200 건설,KR5225A18018,국내주식,업종섹터,,,,,,,Y,Y,2,-0.020844409384,-0.706408851783,-0.634991573697,1.123797792294,43.004665555571,69.431535777578,40.107520574128,61.824328031376,0.4,0.44,0.4834,4260,10,0.23529411764705882,379.92707953,77222,3.28647954,-0.069441429,미래에셋운용,코스피 200 건설/기계,패시브,비과세,20110406,,,,,,,,,,현대건설,22.263548688245894,삼성E&A,21.25028200377012,삼성물산,21.183202864308754,한전기술,10.579743114624268,DL이앤씨,7.732566975305438,2026-05-07 11:19:49,9월 6일 국내 ETF 1020개 데이터.xlsx / 국내 월배당 ETF 총정리.xlsx / 9월 1주 국내 월배당 ETF 분배금 지급현황.xlsx
123310,123310.KS,TIGER 인버스,KR5225220130,레버리지/인버스,1X 인버스,,,인버스,,,,,,1,-0.558040588974,-0.706769077634,-0.417834106481,-13.403780237876,-23.67336957915,-28.076359879287,-21.677516487208,-29.712418870378,0.022,0.05,0.1951,3870,-20,-0.5141388174807198,379.30637682,1620537,62.79177989,0.045265570829,미래에셋운용,코스피 200 선물지수,패시브,배당소득세(보유기간과세),20100329,,,,,,,,,,설정현금액,0,원화현금,0,선물2025년09월물,100,,,,,2026-05-07 11:19:49,9월 6일 국내 ETF 1020개 데이터.xlsx / 국내 월배당 ETF 총정리.xlsx / 9월 1주 국내 월배당 ETF 분배금 지급현황.xlsx
480310,480310.KS,TIGER 글로벌온디바이스AI,K55301E97694,해외주식,업종섹터,해외주식테마/섹터,글로벌 및 미국 반도체,미국/테크,,,,Y,Y,2,1.094043569395,-0.707263037564,2.114987343716,19.066384477975,15.059490048389,9.332047979872,28.320206561964,,0.49,0.58,0.7603,11690,160,1.3876843018213356,758.5911425,21397,2.49807027,-0.256361875877,미래에셋운용,Mirae Asset Global On-Device AI 지수 (세후 총수익 지수),패시브,배당소득세(보유기간과세),20240416,,,,,,,,,,ARM HOLDINGS PLC-ADR,12.93004352025711,QUALCOMM INC,12.485405647150044,ADVANCED MICRO DEVICES,10.647342893588286,CADENCE DESIGN SYS INC,7.770124091012828,SYNOPSYS INC,7.406760276593552,2026-05-07 11:19:49,9월 6일 국내 ETF 1020개 데이터.xlsx / 국내 월배당 ETF 총정리.xlsx / 9월 1주 국내 월배당 ETF 분배금 지급현황.xlsx
252410,252410.KS,RISE 200선물인버스,K55223BG9649,레버리지/인버스,1X 인버스,,,인버스,,,,,,1,-0.555231967794,-0.70768222929,-0.455265374143,-13.381876425072,-23.656794535562,-28.039305929039,-21.403374476634,-29.891851581525,0.6,0.68,0.8138,4460,-20,-0.44642857142857145,35.64900807,1174,0.0523512,0.00522710674,KB운용,코스피 200 선물지수,패시브,배당소득세(보유기간과세),20160912,,,,,,,,,,RISE 200선물인버스2X,5.72865420356401,설정현금액,0,원화현금,0,선물2025년09월물,94.271345796436,,,2026-05-07 11:19:49,9월 6일 국내 ETF 1020개 데이터.xlsx / 국내 월배당 ETF 총정리.xlsx / 9월 1주 국내 월배당 ETF 분배금 지급현황.xlsx
114800,114800.KS,KODEX 인버스,KR5105152130,레버리지/인버스,1X 인버스,,,인버스,,,,,,1,-0.558194740298,-0.709065562085,-0.421160819125,-13.449796260577,-23.644400612859,-28.044593532112,-21.588946459413,-29.814223882379,0.64,0.66,0.8101,3465,-15,-0.43103448275862066,7492.08920642,21784774,755.39598669,-0.079379412533,삼성운용,F-KOSPI200,패시브,배당소득세(보유기간과세),20090916,,,,,,,,,,설정현금액,0,원화현금,0,2025-09 코스피200지수선물,100,,,,,2026-05-07 11:19:49,9월 6일 국내 ETF 1020개 데이터.xlsx / 국내 월배당 ETF 총정리.xlsx / 9월 1주 국내 월배당 ETF 분배금 지급현황.xlsx
0036Z0,0036Z0.KS,RISE 미국천연가스밸류체인,K55223EJ0162,해외주식,업종섹터,,,,,,,Y,Y,2,-0.245011342228,-0.710650865496,1.730418229333,5.799112267388,,,,,0.4,0.58,0.6962,10435,-15,-0.14354066985645933,103.78112268,2314,0.24132796,0.017079967564,KB운용,Solactive US Natural Gas Value Chain Index PR,패시브,배당소득세(보유기간과세),20250422,,,,,,,,,,ENBRIDGE INC,15.956192010490874,TC ENERGY CORP,15.58347151982562,EXXON MOBIL CORP,14.58954283499405,WILLIAMS COS INC,14.11372485822436,CHEVRON CORP,10.529465477734547,2026-05-07 11:19:49,9월 6일 국내 ETF 1020개 데이터.xlsx / 국내 월배당 ETF 총정리.xlsx / 9월 1주 국내 월배당 ETF 분배금 지급현황.xlsx
145670,145670.KS,ACE 인버스,KR5101A59767,레버리지/인버스,1X 인버스,,,인버스,,,,,,1,-0.551502190194,-0.713541964645,-0.399909090701,-13.360638387125,-23.462707525925,-27.789428483025,-21.205874821377,-28.661418099711,0.15,0.24,0.4885,4345,-20,-0.4581901489117984,21.69285672,14943,0.64797349,0.008374139122,한국투자신탁운용,코스피 200 선물지수,패시브,배당소득세(보유기간과세),20110908,,,,,,,,,,KODEX 인버스,5.4983038195259395,TIGER 인버스,0.7125904333818392,설정현금액,0,원화현금,0,2025-09 코스피200지수선물,93.78910574709222,2026-05-07 11:19:49,9월 6일 국내 ETF 1020개 데이터.xlsx / 국내 월배당 ETF 총정리.xlsx / 9월 1주 국내 월배당 ETF 분배금 지급현황.xlsx
266410,266410.KS,KODEX 필수소비재,K55105BM5600,국내주식,업종섹터,,,,,,,Y,Y,2,-0.469876754673,-0.71535622977,-0.622008011203,7.594791298206,29.789578099768,34.570935969,29.377059134866,26.284341209451,0.45,0.47,0.4939,8320,-25,-0.2995805871779509,166.8380718,3575,0.29839105,-0.110736374561,삼성운용,KRX 필수소비재,패시브,비과세,20170328,,,,,,,,,,KT&G,23.02463086065079,삼양식품,12.557136625528155,에이피알,10.850336401940599,아모레퍼시픽,7.539096542889189,LG생활건강,5.5242660490995625,2026-05-07 11:19:49,9월 6일 국내 ETF 1020개 데이터.xlsx / 국내 월배당 ETF 총정리.xlsx / 9월 1주 국내 월배당 ETF 분배금 지급현황.xlsx
0035T0,0035T0.KS,PLUS 글로벌휴머노이드로봇액티브,K55213EJ0693,해외주식,업종섹터,,,,,,,Y,Y,2,-0.438537271223,-0.717479605893,3.223061866872,6.862124025733,,,,,0.449,0.56,0.6442,12445,180,1.4675907052588666,116.98446079,17898,2.21790386,-0.293163500775,한화운용,iSelect 글로벌휴머노이드로봇 (PR),액티브,배당소득세(보유기간과세),20250415,,,,,,,,,,TESLA INC,19.45844441888284,레인보우로보틱스,9.25137019202964,로보티즈,8.351563422292767,HARMONIC DRIVE SYSTEMS INC,4.331895617614436,AMBARELLA INC,3.842546341010653,2026-05-07 11:19:49,9월 6일 국내 ETF 1020개 데이터.xlsx / 국내 월배당 ETF 총정리.xlsx / 9월 1주 국내 월배당 ETF 분배금 지급현황.xlsx
0093B0,0093B0.KS,RISE 엔비디아고정테크100,K55223EM3724,해외주식,전략,,,미국/테크,,,,Y,Y,2,0.716502555652,-0.719493949352,,,,,,,0.2,,,10060,85,0.8521303258145363,110.80321901,195953,19.74757448,-0.157026330015,KB운용,KEDI 엔비디아고정테크100 지수(PR),패시브,배당소득세(보유기간과세),20250826,,,,,,,,,,NVIDIA CORP,24.490771272212395,APPLE INC,8.848843182658474,MICROSOFT CORP,7.922402072383974,ALPHABET INC-CL A,6.811025895749942,AMAZONCOM INC,5.559892000151703,2026-05-07 11:19:49,9월 6일 국내 ETF 1020개 데이터.xlsx / 국내 월배당 ETF 총정리.xlsx / 9월 1주 국내 월배당 ETF 분배금 지급현황.xlsx
292560,292560.KS,TIGER 일본엔선물,K55301C59425,통화,일본엔,,,,,,,Y,,3,-0.10420975952,-0.72327195093,-0.578877353861,-1.152630683211,-3.469503478329,0.247283212495,0.104765713337,-7.049149805367,0.25,0.28,0.4667,8880,-25,-0.2807411566535654,586.49271616,44935,3.99241709,-0.013861305724,미래에셋운용,엔선물지수,패시브,배당소득세(보유기간과세),20180417,,,,,,,,,,일본엔선물25년09월물,100,설정현금액,0,원화현금,0,,,,,2026-05-07 11:19:49,9월 6일 국내 ETF 1020개 데이터.xlsx / 국내 월배당 ETF 총정리.xlsx / 9월 1주 국내 월배당 ETF 분배금 지급현황.xlsx
306520,306520.KS,HANARO 200선물인버스,K55232CD6992,레버리지/인버스,1X 인버스,,,인버스,,,,,,1,-0.556547942977,-0.725040382937,-0.43066610186,-13.547483029854,-23.674713380399,-28.086127355221,-21.460491709203,-29.481690067069,0.45,0.52,0.6051,8035,-55,-0.6798516687268232,28.13569788,20345,1.63658265,0.088725418025,NH-Amundi운용,코스피 200 선물지수,패시브,배당소득세(보유기간과세),20180918,,,,,,,,,,설정현금액,0,원화현금,0,선물2025년09월물,100,,,,,2026-05-07 11:19:49,9월 6일 국내 ETF 1020개 데이터.xlsx / 국내 월배당 ETF 총정리.xlsx / 9월 1주 국내 월배당 ETF 분배금 지급현황.xlsx
253240,253240.KS,KIWOOM 200선물인버스,K55206BG4559,레버리지/인버스,1X 인버스,,,인버스,,,,,,1,-0.560504587054,-0.734458278966,-0.488634373344,-13.606126982049,-23.775972013484,-28.132990689371,-21.684882365668,-29.929093736145,0.46,0.56,0.7009,4510,-5,-0.11074197120708748,26.93094044,4304,0.19376025,0.095918851671,키움투자운용,코스피 200 선물지수,패시브,배당소득세(보유기간과세),20160912,,,,,,,,,,설정현금액,0,원화현금,0,선물2025년09월물,100,,,,,2026-05-07 11:19:49,9월 6일 국내 ETF 1020개 데이터.xlsx / 국내 월배당 ETF 총정리.xlsx / 9월 1주 국내 월배당 ETF 분배금 지급현황.xlsx
0005C0,0005C0.KS,RISE 미국S&P500엔화노출(합성 H),K55223EG9927,해외주식,시장대표,,,미국/테크,,,,Y,Y,2,0.655641633104,-0.737359198485,1.82387049528,6.600424861124,5.868318662428,,,,0.1,0.35,0.3895,10900,70,0.6463527239150508,87.11472527,151,0.01640585,-0.439396199293,KB운용,S&P500 Yen Hedged Index,패시브,배당소득세(보유기간과세),20250114,,,,,,,,,,스왑(한국투자증권)_44H9_250717,45.324733245139626,스왑(메리츠증권)_44H9_250114,35.55255803458387,스왑(미래에셋증권)_44H9_250904,8.258839482221786,스왑(삼성증권)_44H9_250512,5.534243490129529,스왑(키움증권)_44H9_250807,5.329625747925193,2026-05-07 11:19:49,9월 6일 국내 ETF 1020개 데이터.xlsx / 국내 월배당 ETF 총정리.xlsx / 9월 1주 국내 월배당 ETF 분배금 지급현황.xlsx
409820,409820.KS,KODEX 미국나스닥100레버리지(합성 H),K55105DO3122,레버리지/인버스,2X 레버리지,,,"미국/테크, 레버리지",,,,,,1,1.851775709429,-0.747088057698,3.252542625727,16.475354323109,26.332092346592,16.987894906913,40.444959909444,181.72977157725,0.3,0.39,0.4853,14250,375,2.7027027027027026,2209.71986651,180604,25.57799129,0.00753723142,삼성운용,NASDAQ100,패시브,배당소득세(보유기간과세),20211209,,,,,,,,,,ProShares Ultra QQQ,48.607670422257335,스왑(메리츠증권),30.548883756521267,스왑(키움증권),12.25506643977747,스왑(한국투자증권),5.854614885624425,스왑(미래에셋증권),2.7337644958195013,2026-05-07 11:19:49,9월 6일 국내 ETF 1020개 데이터.xlsx / 국내 월배당 ETF 총정리.xlsx / 9월 1주 국내 월배당 ETF 분배금 지급현황.xlsx
499150,499150.KS,SOL 미국S&P500엔화노출(H),K55210EF7513,해외주식,시장대표,,,"월배당, 미국/테크",Y,Y,Y,Y,Y,2,0.686944664139,-0.759966270356,1.883844551937,6.481104617426,6.672428015598,7.831318847209,,,0.15,0.97,1.0969,10390,50,0.4835589941972921,83.22951771,939,0.09775625,-0.357310763856,신한자산운용,S&P500 Yen Hedged Index,패시브,배당소득세(보유기간과세),20241203,해외주식,0.0865,20250827,20250829,9,0.7259,75,8,Y,NVIDIA,7.5473694616200415,MICROSOFT,6.809542008473002,APPLE INC,6.460989911843021,Amazon.com Inc,3.873796528129713,META PLATFORMS Inc,2.9004099815037887,2026-05-07 11:19:49,9월 6일 국내 ETF 1020개 데이터.xlsx / 국내 월배당 ETF 총정리.xlsx / 9월 1주 국내 월배당 ETF 분배금 지급현황.xlsx
385560,385560.KS,RISE KIS국고채30년Enhanced,K55223DJ2151,채권,국내채권,장기채권,국내,채권,,,,Y,Y,2,0.152579614809,-0.780573949077,-2.131201972979,-0.249365646418,-3.587685779657,-1.000424804879,6.546847076184,26.565998846707,0.05,0.07,0.0861,80685,365,0.45443227091633465,5050.18569889,20640,16.65166495,0.072246835858,KB운용,KIS 국고채30년Enhanced지수(시장가격),패시브,배당소득세(보유기간과세),20210526,,,,,,,,,,국고채권02625-5503(25-2),65.75865661846248,국고채권02625-5509(25-7),16.330160567876995,국고채권02750-5409(24-8),15.466442047234027,국고채권03250-5403(24-2),2.4447407664264986,설정현금액,0,2026-05-07 11:19:49,9월 6일 국내 ETF 1020개 데이터.xlsx / 국내 월배당 ETF 총정리.xlsx / 9월 1주 국내 월배당 ETF 분배금 지급현황.xlsx
422260,422260.KS,VITA MZ소비액티브,K55236DO1987,국내주식,업종섹터,,,,,,,Y,Y,2,-0.784543994675,-0.781342902892,3.66124502562,2.553376633971,21.326362462976,38.313057585733,39.861820772505,42.041714279142,0.6,0.69,0.7949,10740,-35,-0.3248259860788863,161.44843618,239,0.02577325,0.042373579312,한국투자밸류운용,FnGuide MZ 소비 지수,액티브,배당소득세(보유기간과세),20220329,,,,,,,,,,서부T&D,10.127796797733364,에스앤디,9.385831010037062,호텔신라,9.267554277796759,파라다이스,9.20829058902648,GS피앤엘,8.159599935938774,2026-05-07 11:19:49,9월 6일 국내 ETF 1020개 데이터.xlsx / 국내 월배당 ETF 총정리.xlsx / 9월 1주 국내 월배당 ETF 분배금 지급현황.xlsx
447770,447770.KS,TIGER 테슬라채권혼합Fn,K55301DY0649,자산배분,주식+채권,,,채권,,,,Y,Y,4,0.411494336074,-0.784151612273,2.706338506342,2.331958638091,8.514749008829,-2.727596301766,23.277039817681,,0.25,0.33,0.3855,13905,40,0.288496213487198,4987.11003565,243157,33.79421115,-0.009870433937,미래에셋운용,FnGuide 테슬라채권혼합 지수,패시브,배당소득세(보유기간과세),20221129,,,,,,,,,,TESLA INC,28.956715917163987,국고채권04125-3312(23-11),18.376439620702364,국고채권03500-3406(24-5),17.607226390729327,국고채권03875-2612(23-10),11.441900713117604,국고채권03250-2706(24-4),11.374641441095392,2026-05-07 11:19:49,9월 6일 국내 ETF 1020개 데이터.xlsx / 국내 월배당 ETF 총정리.xlsx / 9월 1주 국내 월배당 ETF 분배금 지급현황.xlsx
481200,481200.KS,SOL 미국테크TOP10인버스(합성),K55210EB0017,레버리지/인버스,1X 인버스,,,"미국/테크, 인버스",,,,,,1,-0.961939100756,-0.80691330051,-4.257605567649,-15.51376349274,-19.349611023392,-11.124069777016,-31.936659685366,,0.05,0.27,0.2721,6510,-130,-1.9578313253012047,52.67261128,683,0.0444376,-0.068549364996,신한자산운용,Solactive US Tech TOP 10 Custom,패시브,배당소득세(보유기간과세),20240521,,,,,,,,,,설정현금액,0,원화현금,0,스왑(미래에셋증권),25,스왑(한국투자증권),25,스왑(삼성증권),25,2026-05-07 11:19:49,9월 6일 국내 ETF 1020개 데이터.xlsx / 국내 월배당 ETF 총정리.xlsx / 9월 1주 국내 월배당 ETF 분배금 지급현황.xlsx
411420,411420.KS,KODEX 미국나스닥AI테크액티브,K55105DO3916,해외주식,업종섹터,,,미국/테크,,,,Y,Y,1,1.199682959169,-0.811439337236,0.760066861028,18.214286897768,27.006372057222,16.778074428678,64.803896839454,157.773776267738,0.5,0.61,1.1625,17900,270,1.5314804310833805,756.9257292,17964,3.21002433,0.278565680701,삼성운용,Nasdaq CB Insights Metaverse Index,액티브,배당소득세(보유기간과세),20211222,,,,,,,,,,BROADCOM LTD,9.407768888774573,NVIDIA Corp,8.872030380333223,Palantir Technologies Inc -A,6.724037134842369,Meta Platforms Inc-CL A,6.496193538905038,MICROSOFT,5.098294464110767,2026-05-07 11:19:49,9월 6일 국내 ETF 1020개 데이터.xlsx / 국내 월배당 ETF 총정리.xlsx / 9월 1주 국내 월배당 ETF 분배금 지급현황.xlsx
459790,459790.KS,KIWOOM 미국성장기업30액티브,K55206E19798,해외주식,시장대표,,,,,,,Y,Y,2,0.850401449129,-0.819981004122,1.391050116072,11.597986772943,10.211500512607,5.60908871106,22.564624487909,,0.76,0.86,1.0649,16075,185,1.1642542479546885,216.38917822,236,0.0379388,-0.035017702435,키움투자운용,MSCI USA Index(Price Return),액티브,배당소득세(보유기간과세),20230627,,,,,,,,,,ALPHABET INC-CL A,7.163146227734373,META PLATFORMS INC-CLASS A,6.0654615892868105,AMAZON.COM INC,5.53186680182289,APPLE INC,4.610550362462481,NVIDIA CORP,4.3557523910701095,2026-05-07 11:19:49,9월 6일 국내 ETF 1020개 데이터.xlsx / 국내 월배당 ETF 총정리.xlsx / 9월 1주 국내 월배당 ETF 분배금 지급현황.xlsx
0015E0,0015E0.KS,KIWOOM 엔비디아미국30년국채혼합액티브(H),K55206EI0479,자산배분,주식+채권,,,"월배당, 채권",Y,Y,Y,Y,Y,4,0.653738500737,-0.820552394972,-1.610443124913,5.478158832909,6.82276047663,,,,0.19,0.29,0.3734,10530,165,1.5918958031837915,62.61506584,5181,0.5461186,-0.046684477067,키움투자운용,Bloomberg Blended NVIDIA and US Long Treasury Bond Index,액티브,배당소득세(보유기간과세),20250211,자산배분,0.1895,20250827,20250829,20,1.1574,120,6,Y,ISHARES 20+ YEAR TREASURY BD,33.12123853399953,NVIDIA CORP,28.105643685990042,T 4 1/2 11/15/54,11.553065687126919,KB 미국채 30년 ETN,11.096696230424683,메리츠 미국채30년 ETN(H),11.034558761569382,2026-05-07 11:19:49,9월 6일 국내 ETF 1020개 데이터.xlsx / 국내 월배당 ETF 총정리.xlsx / 9월 1주 국내 월배당 ETF 분배금 지급현황.xlsx
196030,196030.KS,ACE 일본TOPIX레버리지(H),KR5101AR9802,레버리지/인버스,2X 레버리지,,,레버리지,,,,,,1,2.041145397193,-0.826750475381,11.289374806838,21.771591889154,27.151278770099,20.247970616058,36.420337584432,154.252093047957,0.5,0.61,0.6688,52755,910,1.75523194136368,260.41134897,270,0.14256345,0.082904501032,한국투자신탁운용,TOPIX,패시브,배당소득세(보유기간과세),20140616,,,,,,,,,,TOPIX INDEX F2509,55.311045743966496,SIMPLEX TOPIX BULL 2X ETF,15.712408479396814,iFree ETF - TOPIX,10.20494283032975,NEXT FUNDS TOPIX ETF,8.2578553804813,NIKKO ETF - TOPIX,6.082586971920546,2026-05-07 11:19:49,9월 6일 국내 ETF 1020개 데이터.xlsx / 국내 월배당 ETF 총정리.xlsx / 9월 1주 국내 월배당 ETF 분배금 지급현황.xlsx
226380,226380.KS,ACE Fn성장소비주도주,K55101B54539,국내주식,전략,,,,,,,Y,Y,2,-0.001275314988,-0.836365015856,-0.616692813831,6.509189203936,19.904730207403,31.373358252287,30.273273260619,19.492938373149,0.5,0.61,0.6353,7065,30,0.42643923240938164,56.45592072,795,0.05613545,-0.129866819044,한국투자신탁운용,FnGuide 성장소비주도 지수,패시브,비과세,20150819,,,,,,,,,,에이피알,3.178147843340533,파라다이스,2.884443146093891,아이패밀리에스씨,2.5331206412028235,삼양식품,2.459859211990097,데브시스터즈,2.3597801458031373,2026-05-07 11:19:49,9월 6일 국내 ETF 1020개 데이터.xlsx / 국내 월배당 ETF 총정리.xlsx / 9월 1주 국내 월배당 ETF 분배금 지급현황.xlsx
0092B0,0092B0.KS,SOL 한국원자력SMR,K55210EM3158,국내주식,업종섹터,,,,,,,Y,Y,2,-1.372293064859,-0.843506452876,,,,,,,0.45,,,9830,-150,-1.503006012024048,314.55222449,459391,45.17668676,0.030164323178,신한자산운용,FnGuide 한국원자력 SMR 지수(PR),패시브,비과세,20250819,,,,,,,,,,두산에너빌리티,21.256867527554604,한국전력,11.53995176526288,현대건설,11.377744213343574,한전기술,11.170211007201463,비에이치아이,9.83058164904559,2026-05-07 11:19:49,9월 6일 국내 ETF 1020개 데이터.xlsx / 국내 월배당 ETF 총정리.xlsx / 9월 1주 국내 월배당 ETF 분배금 지급현황.xlsx
451530,451530.KS,TIGER 국고채30년스트립액티브,K55301DZ7882,채권,국내채권,장기채권,국내,채권,,,,Y,Y,5,0.192936347532,-0.849658477812,-2.439594702326,-0.815776588697,-4.507948917225,-1.668191780901,7.043815642338,,0.15,0.18,0.1823,59515,255,0.43030712116098546,1423.55362783,12597,7.49925337,0.037711374343,미래에셋운용,KIS STRIP 30Y Index(총수익지수),액티브,배당소득세(보유기간과세),20230201,,,,,,,,,,국고채원금분리채권01230-5403(24-2),33.71221445723105,국고채원금분리채권01220-5409(24-8),33.31200867923249,국고채원금분리채권01220-5503(25-2),32.97577686353646,설정현금액,0,원화현금,0,2026-05-07 11:19:49,9월 6일 국내 ETF 1020개 데이터.xlsx / 국내 월배당 ETF 총정리.xlsx / 9월 1주 국내 월배당 ETF 분배금 지급현황.xlsx
498410,498410.KS,KODEX 금융고배당TOP10타겟위클리커버드콜,K55105EF7263,국내주식,전략,,,"월배당, 커버드콜, 배당",Y,Y,Y,Y,Y,1,0.002621548077,-0.858183935171,-2.224461533842,9.527786300372,37.824088793826,37.111719755296,,,0.39,0.42,0.4995,12000,5,0.041684035014589414,4403.88885735,688421,82.55096395,0.104580402753,삼성운용,코스피 200 금융 고배당 TOP 10 타겟 위클리 커버드콜 지수,패시브,배당소득세(보유기간과세),20241217,국내주식,1.2696,20250827,20250829,154,9.6338,1156,8,Y,KB금융,14.931713128828603,신한지주,14.177673084112413,KODEX 금융고배당TOP10,13.953045024326507,하나금융지주,13.650655312406162,우리금융지주,12.651368386556786,2026-05-07 11:19:49,9월 6일 국내 ETF 1020개 데이터.xlsx / 국내 월배당 ETF 총정리.xlsx / 9월 1주 국내 월배당 ETF 분배금 지급현황.xlsx
167860,167860.KS,KIWOOM 국고채10년레버리지,KR5206AC1297,레버리지/인버스,2X 레버리지,,,레버리지,,,,,,1,0.214088881718,-0.866748041037,-0.991804142336,0.999031602381,-0.331487718278,2.232188840028,3.996100079192,18.978781917261,0.3,0.34,0.3659,114395,570,0.5007687239182956,331.00733723,368,0.42108675,0.023990384593,키움투자운용,KIS 국고채 10년(총수익),패시브,배당소득세(보유기간과세),20121030,,,,,,,,,,10년국채 F 202509,47.44437191933788,국고채권04125-3312(23-11),18.24679269099158,국고채권03500-3406(24-5),17.483006308417565,국고채권03000-3412(24-13),16.82582908125297,설정현금액,0,2026-05-07 11:19:49,9월 6일 국내 ETF 1020개 데이터.xlsx / 국내 월배당 ETF 총정리.xlsx / 9월 1주 국내 월배당 ETF 분배금 지급현황.xlsx
0084D0,0084D0.KS,KIWOOM 미국테크100월간목표헤지액티브,K55206EJ7242,자산배분,주식+채권,,,"월배당, 채권, 미국/테크",Y,Y,,Y,Y,2,0.311576545172,-0.876611388797,0.452931550775,,,,,,0.49,0.5,0.5677,10010,55,0.5524861878453039,109.85519448,178481,17.84920656,-0.078598321355,키움투자운용,Akros 미국테크100 월간방어적배분 지수(TR),액티브,배당소득세(보유기간과세),20250722,,,,,,,,,,INVESCO NASDAQ 100 ETF,27.730600780962895,INVESCO QQQ TRUST SERIES 1,27.271156457898893,ISHARES 0-3 MONTH TREASURY B,22.602170619624214,SPDR BLOOMBERG 1-3 MONTH T-B,22.396072141513997,설정현금액,0,2026-05-07 11:19:49,9월 6일 국내 ETF 1020개 데이터.xlsx / 국내 월배당 ETF 총정리.xlsx / 9월 1주 국내 월배당 ETF 분배금 지급현황.xlsx
218420,218420.KS,KODEX 미국S&P500에너지(합성),K55105B19418,해외주식,업종섹터,해외주식테마/섹터,에너지&화학&원유,미국/테크,,,,Y,Y,1,0.526724251449,-0.877467423892,3.797862007566,11.072054606875,-2.304789897833,-2.246966016938,5.490657554404,12.390054127199,0.25,0.34,0.3484,14270,85,0.5992245329573493,260.63455107,4771,0.68033903,-0.34906911036,삼성운용,S&P Select Sector Energy Index(원화환산),패시브,배당소득세(보유기간과세),20150428,,,,,,,,,,스왑(미래에셋증권),87.52702644421673,SPDR Energy Select Sector,6.923407210614024,스왑(하나금융투자),5.549566345169241,설정현금액,0,원화현금,0,2026-05-07 11:19:49,9월 6일 국내 ETF 1020개 데이터.xlsx / 국내 월배당 ETF 총정리.xlsx / 9월 1주 국내 월배당 ETF 분배금 지급현황.xlsx
0040S0,0040S0.KS,HANARO 글로벌피지컬AI액티브,K55232EK0689,해외주식,업종섹터,,,미국/테크,,,,Y,Y,2,1.389521433968,-0.894400324292,1.071494342083,14.21271506684,,,,,0.6,0.64,0.7652,13400,120,0.9036144578313253,201.69594092,10132,1.35773352,-0.214536666489,NH-Amundi운용,Solactive Physical AI Index PR,액티브,배당소득세(보유기간과세),20250422,,,,,,,,,,NVIDIA CORP,9.37676878208067,ALPHABET INC-CL A,6.210533692526501,TESLA INC,5.680590669542466,MICROSOFT CORP,5.400543346236646,PALANTIR TECHNOLOGIES INC-A,5.102045949369236,2026-05-07 11:19:49,9월 6일 국내 ETF 1020개 데이터.xlsx / 국내 월배당 ETF 총정리.xlsx / 9월 1주 국내 월배당 ETF 분배금 지급현황.xlsx
494840,494840.KS,TIGER 미국방산TOP10,K55301EE9171,해외주식,업종섹터,,,,,,,Y,Y,2,0.104622524001,-0.901148324818,2.418244766122,13.830953121941,21.420223902781,19.155259597898,,,0.45,0.54,0.7112,11525,10,0.08684324793747286,218.69978485,38928,4.48655395,-0.030259854367,미래에셋운용,Mirae Asset US Defense Top 10 Index(PR),패시브,배당소득세(보유기간과세),20241029,,,,,,,,,,RTX CORP,18.726043435197802,GENERAL DYNAMICS CORP,18.558819410291914,LOCKHEED MARTIN CORP,16.929544106220934,NORTHROP GRUMMAN CORP,16.64912165193934,BOEING CO/THE,11.14021264072641,2026-05-07 11:19:49,9월 6일 국내 ETF 1020개 데이터.xlsx / 국내 월배당 ETF 총정리.xlsx / 9월 1주 국내 월배당 ETF 분배금 지급현황.xlsx
195930,195930.KS,TIGER 유로스탁스50(합성 H),KR5301AR6038,해외주식,시장대표,,,,,,,Y,Y,2,0.419805677617,-0.907067869098,1.974779495748,-1.014161903407,0.421978755753,10.784430749792,11.894462302212,58.57634510139,0.24,0.32,0.3855,19565,140,0.7207207207207207,399.55441143,70849,13.78435364,-0.163244824595,미래에셋운용,EURO STOXX 50 지수,패시브,배당소득세(보유기간과세),20140430,,,,,,,,,,유로스탁스50 TRS(키움증권),33.62759413813279,ISHARES CORE EURO STOXX50 DE,30.84794756789265,유로스탁스50 TRS(KB증권),16.065928805116496,유로스탁스50 TRS(미래에셋증권),15.602860417559702,유로스탁스50 TRS(한국투자증권),3.8556690712983634,2026-05-07 11:19:49,9월 6일 국내 ETF 1020개 데이터.xlsx / 국내 월배당 ETF 총정리.xlsx / 9월 1주 국내 월배당 ETF 분배금 지급현황.xlsx
379790,379790.KS,RISE 유로스탁스50(H),K55223DG4184,해외주식,시장대표,,,,,,,Y,Y,2,0.409643449294,-0.909883069045,2.05569532609,-0.87669774962,0.206280343351,10.42327480598,11.531782049917,59.704467220092,0.021,0.64,0.841,15030,90,0.6024096385542169,127.30036323,6613,0.98980444,-0.083917508492,KB운용,EURO STOXX 50 Index,패시브,배당소득세(보유기간과세),20210409,,,,,,,,,,ASML HOLDING NV,6.479320570568991,SAP SE,6.227917703787903,SIEMENS AG-REG,4.541599808846845,ALLIANZ SE-REG,3.5831162811629564,LVMH MOET HENNESSY LOUIS VUI,3.4912036782636577,2026-05-07 11:19:49,9월 6일 국내 ETF 1020개 데이터.xlsx / 국내 월배당 ETF 총정리.xlsx / 9월 1주 국내 월배당 ETF 분배금 지급현황.xlsx
150460,150460.KS,TIGER 중국소비테마,KR5225A75083,국내주식,전략,,,,,,,Y,Y,2,0.015410101293,-0.915239229336,-0.821868266859,4.578700229064,24.932902005819,35.001777132261,24.933696021267,18.253393221763,0.5,0.55,0.6547,7795,15,0.1928020565552699,892.53910259,15033,1.17059125,-0.065959017688,미래에셋운용,FnGuide 중국내수테마 지수,패시브,비과세,20111216,,,,,,,,,,에이피알,6.176467551063961,파라다이스,5.7512787503700284,삼양식품,4.70151591295548,파마리서치,4.549632036569163,씨앤씨인터내셔널,4.510563889328716,2026-05-07 11:19:49,9월 6일 국내 ETF 1020개 데이터.xlsx / 국내 월배당 ETF 총정리.xlsx / 9월 1주 국내 월배당 ETF 분배금 지급현황.xlsx
426030,426030.KS,TIMEFOLIO 미국나스닥100액티브,K553J1DT1912,해외주식,시장대표,,,미국/테크,,,,Y,Y,2,0.807416658316,-0.952652629353,0.911436051256,23.176479192179,32.719627954529,20.632898565881,69.042607427156,200.113918750154,0.8,0.94,1.2999,31865,430,1.3679020200413552,4838.58998869,172241,54.77090225,0.125061924337,타임폴리오자산운용,NASDAQ 100,액티브,배당소득세(보유기간과세),20220511,,,,,,,,,,ALPHABET INC-CL A,7.4498110094217225,META PLATFORMS INC-CLASS A,6.658767843962907,NVIDIA CORP,6.551123479761947,REDDIT INC-CL A,5.896580263411517,BROADCOM INC,4.644225170906186,2026-05-07 11:19:49,9월 6일 국내 ETF 1020개 데이터.xlsx / 국내 월배당 ETF 총정리.xlsx / 9월 1주 국내 월배당 ETF 분배금 지급현황.xlsx
496770,496770.KS,PLUS 글로벌방산,K55213EF7411,해외주식,업종섹터,,,,,,,Y,Y,2,-1.164515053599,-0.960178394089,0.036498406836,4.667795224837,27.208477184689,70.639250203167,,,0.45,0.56,0.8213,16320,-210,-1.2704174228675136,408.3859115,22192,3.62136887,-0.208807860376,한화운용,Solactive Global Defense Index(PR),패시브,배당소득세(보유기간과세),20241112,,,,,,,,,,L3HARRIS TECHNOLOGIES INC,11.29973760074016,RTX CORP,11.144112307083818,SAAB AB-B,10.694870596495061,GENERAL DYNAMICS CORP,10.690194955262228,NORTHROP GRUMMAN CORP,10.677603188423358,2026-05-07 11:19:49,9월 6일 국내 ETF 1020개 데이터.xlsx / 국내 월배당 ETF 총정리.xlsx / 9월 1주 국내 월배당 ETF 분배금 지급현황.xlsx
354350,354350.KS,HANARO 글로벌럭셔리S&P(합성),K55232D37269,해외주식,전략,,,,,,,Y,Y,2,-0.501647443305,-0.975616490836,6.735657440014,10.079044271344,1.846334334722,3.045043518359,18.57859043673,25.686053304407,0.5,0.62,0.62,20760,-20,-0.09624639076034648,180.9622112,2061,0.42825429,-0.460771234145,NH-Amundi운용,S&P Global Luxury Index,패시브,배당소득세(보유기간과세),20200512,,,,,,,,,,스왑(미래에셋증권)_210422,100,설정현금액,0,원화현금,0,,,,,2026-05-07 11:19:49,9월 6일 국내 ETF 1020개 데이터.xlsx / 국내 월배당 ETF 총정리.xlsx / 9월 1주 국내 월배당 ETF 분배금 지급현황.xlsx
396500,396500.KS,TIGER Fn반도체TOP10,K55301DL2400,국내주식,업종섹터,국내주식테마/섹터,반도체,,,,,Y,Y,1,0.762724273694,-0.98588795524,-0.393546920428,12.26921386331,18.008013415156,27.079605762778,16.4996547674,72.833783282386,0.45,0.51,0.5579,11680,120,1.0380622837370241,6966.3095362,638418,74.84490827,0.013050935965,미래에셋운용,FnGuide 반도체TOP10 지수,패시브,비과세,20210810,,,,,,,,,,SK하이닉스,28.540246273493196,삼성전자,24.484268740548714,한미반도체,13.033277165694534,리노공업,7.511341542449773,이오테크닉스,6.237200259235256,2026-05-07 11:19:49,9월 6일 국내 ETF 1020개 데이터.xlsx / 국내 월배당 ETF 총정리.xlsx / 9월 1주 국내 월배당 ETF 분배금 지급현황.xlsx
261920,261920.KS,ACE 필리핀MSCI(합성),K55101BJ5096,해외주식,시장대표,,,,,,,Y,Y,2,0.694148719164,-0.988099679867,-1.651418530079,-3.703645386102,-0.18628218323,-5.873447512175,-5.224392615806,-3.694546902106,0.5,0.67,0.685,13550,90,0.6686478454680534,53.8177418,654,0.08726592,-0.190004395966,한국투자신탁운용,MSCI Philippines IMI Index,패시브,배당소득세(보유기간과세),20161228,,,,,,,,,,설정현금액,0,원화현금,0,스왑(NH투자증권),100,,,,,2026-05-07 11:19:49,9월 6일 국내 ETF 1020개 데이터.xlsx / 국내 월배당 ETF 총정리.xlsx / 9월 1주 국내 월배당 ETF 분배금 지급현황.xlsx
0038A0,0038A0.KS,KODEX 미국휴머노이드로봇,K55105EI8383,해외주식,업종섹터,해외주식테마/섹터,미국 휴머노이드,,,,,Y,Y,2,1.311310466987,-1.011996347306,1.979638094805,15.784354819413,,,,,0.45,0.49,0.6336,13470,180,1.3544018058690745,1115.96520989,111570,15.0190386,-0.019485823408,삼성운용,iSelect 미국 휴머노이드 로봇 지수 (Price Return),패시브,배당소득세(보유기간과세),20250415,,,,,,,,,,NVIDIA Corp,15.919340169979021,TESLA MOTORS,14.081227392262896,Palantir Technologies Inc -A,9.605598317028466,MICROSOFT,7.506195388512604,Amazon.com Inc,6.030216280249961,2026-05-07 11:19:49,9월 6일 국내 ETF 1020개 데이터.xlsx / 국내 월배당 ETF 총정리.xlsx / 9월 1주 국내 월배당 ETF 분배금 지급현황.xlsx
484880,484880.KS,SOL 금융지주플러스고배당,K55210EB4720,국내주식,전략,,,"월배당, 배당",Y,Y,Y,Y,Y,2,-0.050816110676,-1.015421506883,-2.18949934928,11.994280593617,43.212337571592,47.981167631811,42.96317617811,,0.3,0.36,0.3725,15220,5,0.03286230693394676,2169.37064209,244544,37.20931398,0.011413222019,신한자산운용,FnGuide 금융지주플러스고배당 지수(PR),패시브,비과세,20240625,국내주식,0.4554,20250827,20250829,70,4.4316,675,12,Y,KB금융,19.999615269125176,신한지주,19.333714638522284,하나금융지주,19.115959598514888,우리금융지주,16.91729511532769,한국금융지주,5.26548999627259,2026-05-07 11:19:49,9월 6일 국내 ETF 1020개 데이터.xlsx / 국내 월배당 ETF 총정리.xlsx / 9월 1주 국내 월배당 ETF 분배금 지급현황.xlsx
275980,275980.KS,TIGER 글로벌4차산업혁신기술(합성 H),K55301BS2819,해외주식,업종섹터,,,,,,,Y,Y,2,0.204579049882,-1.018994031964,2.45605537728,7.429464269792,11.300613380454,11.310572458588,14.854531468789,30.605274922781,0.4,0.5,0.5558,18850,250,1.3440860215053763,822.74611582,12843,2.4085261,-0.612681535808,미래에셋운용,MorningStar Exponential Technologies Index(PR),패시브,배당소득세(보유기간과세),20170801,,,,,,,,,,글로벌4차산업 TRS(한국투자증권) TRS 2302,50.20436269701475,ISHARES EXPONENTIAL TECH ETF,26.29185584094463,글로벌4차산업 TRS(KB증권) TRS 230223-04,16.150157348020468,글로벌4차산업 TRS(메리츠증권) TRS 230223,7.353624114020149,설정현금액,0,2026-05-07 11:19:49,9월 6일 국내 ETF 1020개 데이터.xlsx / 국내 월배당 ETF 총정리.xlsx / 9월 1주 국내 월배당 ETF 분배금 지급현황.xlsx
463640,463640.KS,KODEX 미국S&P500유틸리티,K55105E38388,해외주식,업종섹터,,,미국/테크,,,,Y,Y,2,-0.260475611508,-1.027354870652,-3.999179807619,6.234153004445,3.48664143645,5.625830716723,15.790629771939,,0.25,0.36,0.4691,13460,-110,-0.810611643330877,155.75751281,10567,1.4216451,-0.463887642292,삼성운용,S&P Utilities Select Sector Index(Price Return),패시브,배당소득세(보유기간과세),20230801,,,,,,,,,,NEXTERA ENERGY INC,11.486146146742085,SOUTHERN CO/THE,7.847102646087153,CONSTELLATION ENERGY,7.531556589034178,DUKE ENERGY CORP,7.355726252563045,VISTRA ENERGY CORP,4.973277128374582,2026-05-07 11:19:49,9월 6일 국내 ETF 1020개 데이터.xlsx / 국내 월배당 ETF 총정리.xlsx / 9월 1주 국내 월배당 ETF 분배금 지급현황.xlsx
411860,411860.KS,KIWOOM 독일DAX,K55206DP5553,해외주식,시장대표,,,,,,,Y,Y,2,0.764918822589,-1.02887210389,1.189467768229,2.221646862223,10.438821993521,25.645699598503,37.716405337628,106.818079347964,0.25,0.59,0.8448,16585,180,1.097226455348979,296.51740751,22423,3.71976153,0.206411912094,키움투자운용,DAX Index(PR),패시브,배당소득세(보유기간과세),20211222,,,,,,,,,,SAP SE,14.346739024020923,SIEMENS AG-REG,10.382767771151311,ALLIANZ SE-REG,8.201082926656126,DEUTSCHE TELEKOM AG-REG,6.740842542213179,AIRBUS SE,6.542074897415807,2026-05-07 11:19:49,9월 6일 국내 ETF 1020개 데이터.xlsx / 국내 월배당 ETF 총정리.xlsx / 9월 1주 국내 월배당 ETF 분배금 지급현황.xlsx
0008E0,0008E0.KS,ACE 미국중심중소형제조업,K55101EH5038,해외주식,업종섹터,,,,,,,Y,Y,2,1.735999119303,-1.031006281012,4.479496206575,21.319625096185,27.36457406464,,,,0.45,0.56,1.2247,10540,155,1.492537313432836,121.15465651,4449,0.46932037,-0.152447695955,한국투자신탁운용,NYSE FactSet US Focus Manufacturing Index,패시브,배당소득세(보유기간과세),20250121,,,,,,,,,,CH Robinson Worldwide Inc,4.817012451182553,Comfort Systems USA Inc,4.6798670526120265,FIRST SOLAR INC,4.360196868301975,Kratos Defense & Security Solutions Inc,4.170063509711869,HUNTINGTON INGALLS INDUSTRIE,4.029399688187416,2026-05-07 11:19:49,9월 6일 국내 ETF 1020개 데이터.xlsx / 국내 월배당 ETF 총정리.xlsx / 9월 1주 국내 월배당 ETF 분배금 지급현황.xlsx
495940,495940.KS,RISE 미국AI테크액티브,K55223EF7427,해외주식,업종섹터,,,미국/테크,,,,Y,Y,2,0.810625305027,-1.053093944812,0.293041047192,14.710658335089,20.607596138612,8.104187048195,,,0.5,0.65,1.5439,11710,95,0.8179078777442962,303.97200795,9219,1.07916449,-0.075684644455,KB운용,Solactive US AI Tech Active Index PR,액티브,배당소득세(보유기간과세),20241126,,,,,,,,,,ALPHABET INC-CL C,9.104298899482481,NVIDIA CORP,8.064092678597373,MICROSOFT CORP,7.303146575487073,PALANTIR TECHNOLOGIES INC-A,6.791813530505957,BROADCOM INC,6.6524954639185,2026-05-07 11:19:49,9월 6일 국내 ETF 1020개 데이터.xlsx / 국내 월배당 ETF 총정리.xlsx / 9월 1주 국내 월배당 ETF 분배금 지급현황.xlsx
399580,399580.KS,RISE 글로벌클린에너지,K55223DK6670,해외주식,업종섹터,해외주식테마/섹터,에너지&화학&원유,,,,,Y,Y,2,0.813380822871,-1.074082865691,6.730498490996,16.743379102877,24.55351540574,21.599758838461,8.486381692312,-30.158696356743,0.4,1.02,1.106,7475,-5,-0.06684491978609626,75.43212259,3324,0.2493815,-0.809509116275,KB운용,S&P Global Clean Energy Index (Price Return),패시브,배당소득세(보유기간과세),20211021,,,,,,,,,,ISHARES GLOBAL CLEAN ENERGY,20.437924527377497,FIRST SOLAR INC,8.236074726127747,VESTAS WIND SYSTEMS A/S,5.624587252667969,IBERDROLA SA,4.818148277491287,SSE PLC,4.423868204859953,2026-05-07 11:19:49,9월 6일 국내 ETF 1020개 데이터.xlsx / 국내 월배당 ETF 총정리.xlsx / 9월 1주 국내 월배당 ETF 분배금 지급현황.xlsx
0036D0,0036D0.KS,TIMEFOLIO 미국배당다우존스액티브,K553J1EJ6698,해외주식,전략,,,"월배당, 배당",Y,Y,,Y,Y,2,0.256868734834,-1.0814785535,1.861319049379,6.070714482507,,,,,0.8,0.89,0.9779,10230,25,0.2449779519843214,178.68116734,29325,2.99377167,0.051844527374,타임폴리오자산운용,Dow Jones U.S. Dividend 100 Price Return Index,액티브,배당소득세(보유기간과세),20250429,,,,,,,,,,TEXAS INSTRUMENTS INC,5.416150303682723,NVIDIA CORP,5.388703675060499,MICROSOFT CORP,4.66103242039874,SAP SE-SPONSORED ADR,4.6193287751786025,INTL BUSINESS MACHINES CORP,4.366401661502931,2026-05-07 11:19:49,9월 6일 국내 ETF 1020개 데이터.xlsx / 국내 월배당 ETF 총정리.xlsx / 9월 1주 국내 월배당 ETF 분배금 지급현황.xlsx
483330,483330.KS,ACE 마이크로소프트밸류체인액티브,K55101EB6081,해외주식,업종섹터,,,,,,,Y,Y,2,0.541861355089,-1.096047822014,-0.473987582988,10.024552889389,10.446426604174,7.86905166965,37.424755019887,,0.45,0.58,1.0674,13090,130,1.0030864197530864,188.95102772,61092,7.98904391,0.195675434181,한국투자신탁운용,KEDI 글로벌생성형AI 지수,액티브,배당소득세(보유기간과세),20240611,,,,,,,,,,MICROSOFT,20.972878634933352,Meta Platforms Inc-CL A,15.056673029474066,Direxion Daily AMZN Bull 2X Shares,7.426441202019631,SAP SE,4.486134775883534,ORACLE,4.228355548817614,2026-05-07 11:19:49,9월 6일 국내 ETF 1020개 데이터.xlsx / 국내 월배당 ETF 총정리.xlsx / 9월 1주 국내 월배당 ETF 분배금 지급현황.xlsx
455850,455850.KS,SOL AI반도체소부장,K55210E09965,국내주식,업종섹터,국내주식테마/섹터,반도체,미국/테크,,,,Y,Y,2,0.442675371897,-1.110068642604,0.348927382004,13.407123551367,11.951309598614,23.858328829009,14.882775642212,,0.45,0.51,0.5272,12340,100,0.8169934640522876,3354.29690985,436879,54.21680539,0.062265194318,신한자산운용,FnGuide 반도체 소부장 지수,패시브,비과세,20230425,,,,,,,,,,한미반도체,13.015170624783568,이수페타시스,12.928213651061474,리노공업,8.397763492788341,한화비전,6.947813164507785,SKC,6.461605995271436,2026-05-07 11:19:49,9월 6일 국내 ETF 1020개 데이터.xlsx / 국내 월배당 ETF 총정리.xlsx / 9월 1주 국내 월배당 ETF 분배금 지급현황.xlsx
091220,091220.KS,TIGER 은행,KR5225578248,국내주식,업종섹터,,,,,,,Y,Y,1,-0.153304661904,-1.128674651544,-3.422675379144,11.246761940172,39.884447854031,43.049252814414,36.080470021539,124.45824023661,0.46,0.48,0.498,11700,0,0,618.30383364,8923,1.04333636,-0.025747429241,미래에셋운용,KRX 은행,패시브,비과세,20060627,,,,,,,,,,하나금융지주,19.32916845273836,KB금융,18.937697935829185,신한지주,18.27328141498235,우리금융지주,18.183195046853296,카카오뱅크,8.90159073481372,2026-05-07 11:19:49,9월 6일 국내 ETF 1020개 데이터.xlsx / 국내 월배당 ETF 총정리.xlsx / 9월 1주 국내 월배당 ETF 분배금 지급현황.xlsx
471040,471040.KS,KoAct 글로벌AI&로봇액티브,K553N9E63887,해외주식,업종섹터,해외주식테마/섹터,AI&로봇,미국/테크,,,,Y,Y,2,1.128626512791,-1.135663440352,0.397837700966,13.993698412578,17.051072886144,6.339836539807,35.998275097253,,0.5,0.61,2.273,16600,255,1.560110125420618,692.75530407,23426,3.88015895,0.193073588013,삼성액티브자산운용,iSelect 글로벌AI&로봇 PR지수,액티브,배당소득세(보유기간과세),20231121,,,,,,,,,,NVIDIA Corp,7.969703160073772,BLOOM ENERGY CORPORATION,5.789447409811062,Palantir Technologies Inc -A,4.779760972018748,ALPHABET INC-CL A,4.363891791474079,MICROSOFT,4.154831361633916,2026-05-07 11:19:49,9월 6일 국내 ETF 1020개 데이터.xlsx / 국내 월배당 ETF 총정리.xlsx / 9월 1주 국내 월배당 ETF 분배금 지급현황.xlsx
195970,195970.KS,PLUS 선진국MSCI(합성 H),KR5213AR7124,해외주식,시장대표,,,,,,,Y,Y,2,0.469920884965,-1.143356165085,2.992905999923,2.530041207032,10.760087805493,19.440390669915,11.722262277154,45.398048331823,0.5,0.58,0.58,13945,100,0.7222824124232575,223.14070287,9451,1.32280282,-0.01286107137,한화운용,MSCI EAFE Index,패시브,배당소득세(보유기간과세),20140513,,,,,,,,,,스왑(NH투자증권_231030),66.36620456300695,스왑(키움증권_231030),33.633795436993054,설정현금액,0,원화현금,0,,,2026-05-07 11:19:49,9월 6일 국내 ETF 1020개 데이터.xlsx / 국내 월배당 ETF 총정리.xlsx / 9월 1주 국내 월배당 ETF 분배금 지급현황.xlsx
091170,091170.KS,KODEX 은행,KR5105578193,국내주식,업종섹터,,,월배당,Y,Y,Y,Y,Y,1,-0.149544059278,-1.147959699976,-3.422761462593,11.140642101838,39.457897547034,42.632865407248,35.870450412232,122.75064589761,0.3,0.31,0.3376,11275,-25,-0.22123893805309736,3775.55887919,331648,37.39009456,0.01690010938,삼성운용,KRX 은행,패시브,비과세,20060627,국내주식,0.3675,20250827,20250829,42,3.5084,396,12,Y,하나금융지주,19.50546794511143,KB금융,18.69595212632372,우리금융지주,18.507410555928693,신한지주,17.74148759964514,카카오뱅크,9.063695232351643,2026-05-07 11:19:49,9월 6일 국내 ETF 1020개 데이터.xlsx / 국내 월배당 ETF 총정리.xlsx / 9월 1주 국내 월배당 ETF 분배금 지급현황.xlsx
0015B0,0015B0.KS,KoAct 미국나스닥성장기업액티브,K553N9EH5654,해외주식,시장대표,,,미국/테크,,,,Y,Y,2,1.492000219041,-1.166733535463,-0.338001048145,19.144016595597,29.16076706607,,,,0.5,0.57,1.3758,11725,220,1.9122120817036072,379.48095755,20184,2.36364959,0.114185884185,삼성액티브자산운용,나스닥 종합주가지수,액티브,배당소득세(보유기간과세),20250225,,,,,,,,,,NVIDIA Corp,10.879295798153695,Palantir Technologies Inc -A,6.160666134703542,BLOOM ENERGY CORPORATION,6.056257719075436,BROADCOM LTD,4.928798094094373,Reddit Inc,4.603962418596177,2026-05-07 11:19:49,9월 6일 국내 ETF 1020개 데이터.xlsx / 국내 월배당 ETF 총정리.xlsx / 9월 1주 국내 월배당 ETF 분배금 지급현황.xlsx
0051A0,0051A0.KS,KoAct 브로드컴밸류체인액티브,K553N9EJ5488,해외주식,업종섹터,,,,,,,Y,Y,2,1.44320747849,-1.16832475521,2.031693215377,22.768773451586,,,,,0.5,0.52,0.6296,12750,310,2.491961414790997,94.47516926,13710,1.748149,-0.172916702016,삼성액티브자산운용,FactSet 브로드컴밸류체인 지수,액티브,배당소득세(보유기간과세),20250520,,,,,,,,,,BROADCOM LTD,23.68812495845789,NVIDIA Corp,15.02673693548384,ALPHABET INC-CL A,5.3548510428314176,ADVANCED MICRO DEVICES,4.881090453978106,ARISTA NETWORKS,4.650492743061828,2026-05-07 11:19:49,9월 6일 국내 ETF 1020개 데이터.xlsx / 국내 월배당 ETF 총정리.xlsx / 9월 1주 국내 월배당 ETF 분배금 지급현황.xlsx
489030,489030.KS,PLUS 고배당주위클리커버드콜,K55213ED8726,국내주식,전략,,,"월배당, 커버드콜, 배당",Y,Y,Y,Y,Y,2,-0.032656349562,-1.169604209659,-0.792364943109,6.743897523036,24.139963611714,19.939274292866,16.246947498646,,0.3,0.37,0.4847,10220,-10,-0.09775171065493646,1303.60795893,156744,15.99177424,0.021002880099,한화운용,코스피 고배당 위클리 콜매도 ATM 지수,패시브,배당소득세(보유기간과세),20240813,국내주식,1.519,20250827,20250829,156,16.7584,1714,12,Y,기아,5.482177434536745,현대차,5.393830628575252,DB손해보험,5.273106228014417,기업은행,5.259648681474572,우리금융지주,5.07570420269847,2026-05-07 11:19:49,9월 6일 국내 ETF 1020개 데이터.xlsx / 국내 월배당 ETF 총정리.xlsx / 9월 1주 국내 월배당 ETF 분배금 지급현황.xlsx
169950,169950.KS,KODEX 차이나A50,KR5105AE5728,해외주식,시장대표,해외시장지수(환노출),중국본토 CSI300&A50,,,,,Y,Y,2,-1.257840299294,-1.169851681589,7.057696879443,14.143698090252,11.364445479245,7.504852178041,34.309951886554,16.027316615971,0.12,0.32,0.4436,23965,370,1.5681288408561136,238.67550506,2516,0.60067977,-0.224028125556,삼성운용,FTSE China A50 (원화환산),패시브,배당소득세(해외주식투자전용ETF),20130121,,,,,,,,,,KWEICHOW MOUTAI CO LTD-A,8.41153349725146,CONTEMPORARY AMPEREX TECHN-A,7.061928730330638,CHINA MERCHANTS BANK-A,4.599408086142265,FTSE CHINA A50 2025 09,4.359401017403506,CHINA YANGTZE POWER CO LTD-A,3.5548795277472327,2026-05-07 11:19:49,9월 6일 국내 ETF 1020개 데이터.xlsx / 국내 월배당 ETF 총정리.xlsx / 9월 1주 국내 월배당 ETF 분배금 지급현황.xlsx
0000D0,0000D0.KS,TIGER 엔비디아미국채커버드콜밸런스(합성),K55301EG5219,자산배분,주식+채권,,,"월배당, 커버드콜, 채권",Y,Y,Y,Y,Y,3,0.411538992614,-1.172921492904,-1.508940838057,10.653151332958,7.108132014528,3.732472697501,,,0.39,0.44,0.4452,9540,45,0.47393364928909953,527.92184384,24324,2.31974037,-0.516445020003,미래에셋운용,KEDI 엔비디아미국채30년타겟커버드콜혼합지수(TR),패시브,배당소득세(보유기간과세),20241217,자산배분,1.0046,20250827,20250829,98,8.463,809,9,Y,KEDI Nvidia U.S. 30Y Treasury Target Cov,39.43792168053283,KEDI Nvidia U.S. 30Y Treasury Target Cov,33.9716211831384,KEDI Nvidia U.S. 30Y Treasury Target Cov,26.032480308035094,KEDI Nvidia U.S. 30Y Treasury Target Cov,0.5579768282936717,설정현금액,0,2026-05-07 11:19:49,9월 6일 국내 ETF 1020개 데이터.xlsx / 국내 월배당 ETF 총정리.xlsx / 9월 1주 국내 월배당 ETF 분배금 지급현황.xlsx
372330,372330.KS,KODEX 차이나항셍테크,K55105DB9181,해외주식,업종섹터,해외주식테마/섹터,항셍테크,미국/테크,,,,Y,Y,1,-1.962605956,-1.204573945529,2.59149312672,10.357907096131,-3.334357337322,18.714459899832,67.217719964033,38.277763359642,0.12,0.22,0.4601,8730,160,1.866977829638273,1733.59118653,272641,23.5650128,0.117386467711,삼성운용,Hang Seng TECH Index,패시브,배당소득세(보유기간과세),20201216,,,,,,,,,,TENCENT HOLD,8.251545062481293,Alibaba group holding ltd,8.196728428560496,SMIC Equity,7.4184410830018575,NETEASE,7.402910195693553,XIAOMI CORP-CLASS B,7.158444407807464,2026-05-07 11:19:49,9월 6일 국내 ETF 1020개 데이터.xlsx / 국내 월배당 ETF 총정리.xlsx / 9월 1주 국내 월배당 ETF 분배금 지급현황.xlsx
371870,371870.KS,ACE 차이나항셍테크,K55101DC5406,해외주식,업종섹터,해외주식테마/섹터,항셍테크,미국/테크,,,,Y,Y,1,-1.928905711997,-1.20622081486,2.668531921233,10.243781703668,-3.638324094734,18.091818574124,66.104377839049,35.500240293984,0.25,0.7,0.8842,8505,125,1.4916467780429594,142.35497087,9341,0.78871282,-0.178946623309,한국투자신탁운용,Hang Seng TECH Index,패시브,배당소득세(보유기간과세),20201216,,,,,,,,,,TENCENT HOLD,8.697308020915552,Alibaba group holding ltd,8.626823281572323,SMIC Equity,7.806817247922758,NETEASE,7.8006427297188035,XIAOMI CORP-CLASS B,7.530190727549992,2026-05-07 11:19:49,9월 6일 국내 ETF 1020개 데이터.xlsx / 국내 월배당 ETF 총정리.xlsx / 9월 1주 국내 월배당 ETF 분배금 지급현황.xlsx
497780,497780.KS,KoAct 미국천연가스인프라액티브,K553N9EF5557,해외주식,업종섹터,,,월배당,Y,Y,Y,Y,Y,2,-0.006116794926,-1.20669103458,-0.658504079896,4.200089457136,1.831493569957,-4.57446283878,,,0.5,0.57,0.9155,9175,-55,-0.5958829902491874,229.5665055,30217,2.77668835,-0.290479900337,삼성액티브자산운용,Solactive 미국천연가스인프라 PR 지수,액티브,배당소득세(보유기간과세),20241210,해외주식,0.4017,20250827,20250829,37,3.245,298,8,Y,ENBRIDGE INC,11.816655178890969,KINDER MORGAN INC,9.478390516370977,WILLIAMS COS INC,9.458973159910544,TC Energy Corp,8.257503044833884,CHENIERE ENERGY INC,4.141904425923986,2026-05-07 11:19:49,9월 6일 국내 ETF 1020개 데이터.xlsx / 국내 월배당 ETF 총정리.xlsx / 9월 1주 국내 월배당 ETF 분배금 지급현황.xlsx
371160,371160.KS,TIGER 차이나항셍테크,K55301DC8499,해외주식,업종섹터,해외주식테마/섹터,항셍테크,미국/테크,,,,Y,Y,1,-1.962017083637,-1.207314254741,2.621436104582,10.151554784517,-3.593597047128,18.392878866703,66.857987055412,37.894938991522,0.09,0.17,0.33,8750,155,1.8033740546829553,10619.69775017,2310225,200.14921933,0.066604918941,미래에셋운용,Hang Seng TECH Index,패시브,배당소득세(보유기간과세),20201216,,,,,,,,,,TENCENT HOLDINGS LTD,8.688981851276068,ALIBABA GROUP HOLDING LTD,8.628855508031394,SEMICONDUCTOR MANUFACTURI-H,7.807694255081913,NETEASE INC,7.795341761362226,XIAOMI CORP-CLASS B,7.535269735090124,2026-05-07 11:19:49,9월 6일 국내 ETF 1020개 데이터.xlsx / 국내 월배당 ETF 총정리.xlsx / 9월 1주 국내 월배당 ETF 분배금 지급현황.xlsx
473460,473460.KS,KODEX 미국서학개미,K55105E67171,해외주식,전략,,,,,,,Y,Y,2,0.720813589274,-1.209547715534,2.046611704263,16.034883896139,28.841708938178,9.535971408733,67.295791805361,,0.25,0.37,0.698,20770,170,0.8252427184466019,2255.30364479,99823,20.71905603,-0.021253921811,삼성운용,iSelect 서학개미 지수(PR),패시브,배당소득세(보유기간과세),20231227,,,,,,,,,,TESLA MOTORS,21.25266500958585,NVIDIA Corp,18.90769933446843,Palantir Technologies Inc -A,8.895613919143614,APPLE Inc,7.953567887766382,MICROSOFT,5.757899390308591,2026-05-07 11:19:49,9월 6일 국내 ETF 1020개 데이터.xlsx / 국내 월배당 ETF 총정리.xlsx / 9월 1주 국내 월배당 ETF 분배금 지급현황.xlsx
371150,371150.KS,RISE 차이나항셍테크,K55223DC9849,해외주식,업종섹터,해외주식테마/섹터,항셍테크,미국/테크,,,,Y,Y,1,-1.961487122615,-1.209721867167,2.516543719474,10.038989792133,-3.672695589339,18.029575974975,66.546797435629,36.104289721013,0.14,0.57,0.822,8560,130,1.5421115065243178,151.63958407,13174,1.1175548,-0.0125441041,KB운용,Hang Seng TECH Index,패시브,배당소득세(보유기간과세),20201216,,,,,,,,,,TENCENT HOLDINGS LTD,8.485867685803136,ALIBABA GROUP HOLDING LTD,8.460839541416702,SEMICONDUCTOR MANUFACTURI-H,7.6613575843964945,NETEASE INC,7.636778124873996,XIAOMI CORP-CLASS B,7.395454087862839,2026-05-07 11:19:49,9월 6일 국내 ETF 1020개 데이터.xlsx / 국내 월배당 ETF 총정리.xlsx / 9월 1주 국내 월배당 ETF 분배금 지급현황.xlsx
269530,269530.KS,PLUS S&P글로벌인프라,K55213BO6514,해외주식,업종섹터,,,,,,,Y,Y,3,0.13649747369,-1.214980596404,-0.107351624138,4.894086539243,8.752675642385,9.679601395237,20.729427872722,39.550244690593,0.3,0.72,1.0893,18515,-40,-0.2155753166262463,102.20344861,671,0.12417585,-0.21817969525,한화운용,S&P Global Infrastructure Index,패시브,배당소득세(해외주식투자전용ETF),20170516,,,,,,,,,,ISHARES GLOBAL INFRASTRUCTUR,14.235947927090331,SPDR S&P GLOBAL INFRASTRUCTU,6.559078344868937,AENA SME SA,4.38170847583926,TRANSURBAN GROUP,4.1873159101332265,NEXTERA ENERGY INC,3.6010505524243293,2026-05-07 11:19:49,9월 6일 국내 ETF 1020개 데이터.xlsx / 국내 월배당 ETF 총정리.xlsx / 9월 1주 국내 월배당 ETF 분배금 지급현황.xlsx
461340,461340.KS,HANARO 글로벌생성형AI액티브,K55232E40014,해외주식,업종섹터,해외주식테마/섹터,AI&로봇,미국/테크,,,,Y,Y,2,1.345181488408,-1.2321093049,-0.65176258909,14.787850503153,25.902781261014,14.404255911436,68.773922075533,,0.6,0.81,1.1304,23520,435,1.8843404808317088,326.82541367,8770,2.05492172,0.045462092446,NH-Amundi운용,Solactive United States Technology 100 Index(Price Return),액티브,배당소득세(보유기간과세),20230711,,,,,,,,,,NVIDIA CORP,8.013198098791477,BROADCOM INC,6.83790326527362,META PLATFORMS INC-CLASS A,6.227159696706464,GE VERNOVA INC,5.807310940139191,PALANTIR TECHNOLOGIES INC-A,5.696751457586928,2026-05-07 11:19:49,9월 6일 국내 ETF 1020개 데이터.xlsx / 국내 월배당 ETF 총정리.xlsx / 9월 1주 국내 월배당 ETF 분배금 지급현황.xlsx
391600,391600.KS,ACE 미국친환경그린테마INDXX,K55101DK6651,해외주식,전략,,,,,,,Y,Y,2,0.527599259273,-1.240161173079,11.082867925204,20.23206575397,19.240510510214,10.023565523595,16.581164839392,-13.173562166886,0.7,0.95,1.0079,10010,55,0.5524861878453039,136.4583448,801,0.080724,-0.597433523843,한국투자신탁운용,Indxx US Green Infrastructure Price return Index,패시브,배당소득세(보유기간과세),20210805,,,,,,,,,,Lucid Group Inc,9.199576276974575,SOLAREDGE TECHNOLOGIES INC,3.719148448659908,BLOOM ENERGY CORPORATION,3.6024125063597436,MONTROSE ENVIRONMENTAL GROUP INC,2.7895033145147567,Sunrun Inc,2.7638177228122522,2026-05-07 11:19:49,9월 6일 국내 ETF 1020개 데이터.xlsx / 국내 월배당 ETF 총정리.xlsx / 9월 1주 국내 월배당 ETF 분배금 지급현황.xlsx
241180,241180.KS,TIGER 일본니케이225,K55301BB3675,해외주식,시장대표,해외시장지수(환노출),일본 TOPIX&Nikkei225,,,,,Y,Y,2,1.371557338093,-1.241548903233,5.285693451549,11.834213866737,11.545633742251,8.058422069431,17.616872077739,55.135573086384,0.35,0.42,0.4508,24370,175,0.723289935937177,2690.93737569,40372,9.83574466,0.256174381347,미래에셋운용,니케이225 지수,패시브,배당소득세(해외주식투자전용ETF),20160331,,,,,,,,,,FAST RETAILING CO LTD,8.899284644353623,SOFTBANK GROUP CORP,6.960335995857023,ADVANTEST CORP,6.805088001292423,TOKYO ELECTRON LTD,4.764032316040065,KDDI CORP,2.4210694093816647,2026-05-07 11:19:49,9월 6일 국내 ETF 1020개 데이터.xlsx / 국내 월배당 ETF 총정리.xlsx / 9월 1주 국내 월배당 ETF 분배금 지급현황.xlsx
0091P0,0091P0.KS,TIGER 코리아원자력,K55301EM4685,국내주식,업종섹터,,,,,,,Y,Y,2,-1.136812949523,-1.26004343916,,,,,,,0.5,,,9735,-120,-1.21765601217656,926.38355329,2444294,237.90265831,-0.035400768025,미래에셋운용,iSelect 코리아 원자력 지수 (Price Return),패시브,비과세,20250819,,,,,,,,,,두산에너빌리티,25.844747238304098,현대건설,21.423715827989263,한전기술,11.508577260665858,DL이앤씨,8.639220496631248,한전KPS,7.648554527319792,2026-05-07 11:19:49,9월 6일 국내 ETF 1020개 데이터.xlsx / 국내 월배당 ETF 총정리.xlsx / 9월 1주 국내 월배당 ETF 분배금 지급현황.xlsx
451670,451670.KS,RISE 국채30년레버리지(합성),K55223E00629,레버리지/인버스,2X 레버리지,,,레버리지,,,,,,1,0.233094393787,-1.264043352898,-3.523371482628,-1.299898175431,-6.689123293302,-2.990792090224,7.182047011821,,0.1,0.13,0.1426,24470,175,0.720312821568224,122.03702874,113,0.0276585,0.078762501868,KB운용,KAP 국채30년 TR 지수(총수익),패시브,배당소득세(보유기간과세),20230214,,,,,,,,,,설정현금액,0,원화현금,0,스왑(메리츠증권)_230214_1_44E2,100,,,,,2026-05-07 11:19:49,9월 6일 국내 ETF 1020개 데이터.xlsx / 국내 월배당 ETF 총정리.xlsx / 9월 1주 국내 월배당 ETF 분배금 지급현황.xlsx
395160,395160.KS,KODEX AI반도체,K55105DI5372,국내주식,업종섹터,국내주식테마/섹터,반도체,미국/테크,,,,Y,Y,1,0.299108123864,-1.271371264721,0.375761177646,16.771573131823,24.238027430788,36.236574524034,20.876737393535,56.694537520676,0.45,0.51,0.5817,10650,25,0.23529411764705882,2915.00428796,157811,16.86030232,0.010886058593,삼성운용,FnGuide AI반도체 지수,패시브,비과세,20210730,,,,,,,,,,삼성전자,26.32618706667113,SK하이닉스,20.157419224828615,한미반도체,8.244596177142451,이수페타시스,8.18433034552237,리노공업,5.318185790720148,2026-05-07 11:19:49,9월 6일 국내 ETF 1020개 데이터.xlsx / 국내 월배당 ETF 총정리.xlsx / 9월 1주 국내 월배당 ETF 분배금 지급현황.xlsx
456250,456250.KS,KODEX 유럽명품TOP10 STOXX,K55105E16996,해외주식,업종섹터,,,,,,,Y,Y,2,-1.179152651125,-1.278486483337,6.102874249497,2.610146633368,-11.941954810619,3.027296140471,10.82242634032,,0.45,0.55,0.6396,9835,-100,-1.0065425264217414,133.08417272,14945,1.4644786,-0.223734989888,삼성운용,STOXX Europe Luxury 10 Index,패시브,배당소득세(보유기간과세),20230425,,,,,,,,,,LVMH MOET HENNESSY LOUIS VUI,22.095605435664773,CIE FINANCIERE RICHEMONT-REG,18.246157237065045,HERMES INTERNATIONAL,17.431164138810352,FERRARI NV,16.694203993072758,ESSILOR LUXOTTICA,12.941318330591459,2026-05-07 11:19:49,9월 6일 국내 ETF 1020개 데이터.xlsx / 국내 월배당 ETF 총정리.xlsx / 9월 1주 국내 월배당 ETF 분배금 지급현황.xlsx
428560,428560.KS,KODEX 미국ETF산업Top10 Indxx,K55105DS5107,해외주식,업종섹터,,,,,,,Y,Y,2,0.090866296412,-1.287476054776,-4.133289257632,3.064425825794,-0.57976096943,-1.281031074881,13.910130765248,56.516715254522,0.5,0.57,0.6183,17240,25,0.14522218995062444,146.59098491,2549,0.43969835,-0.1820304003,삼성운용,Indxx US ETF Industry Top10 Index,패시브,배당소득세(보유기간과세),20220517,,,,,,,,,,BLACKROCK INC,16.91800727043043,S&P GLOBAL INC,15.759017861344814,MSCI INC,14.641552972977705,NASDAQ INC,11.263772391727846,INTERCONTINENTAL EXCHANGE IN,9.825630728843965,2026-05-07 11:19:49,9월 6일 국내 ETF 1020개 데이터.xlsx / 국내 월배당 ETF 총정리.xlsx / 9월 1주 국내 월배당 ETF 분배금 지급현황.xlsx
102970,102970.KS,KODEX 증권,KR5105837847,국내주식,업종섹터,,,,,,,Y,Y,2,0.053618076661,-1.295602542171,-0.81262431958,10.509511056424,71.172162063935,80.751680193911,72.370995915473,146.618303627353,0.45,0.47,0.489,12825,25,0.1953125,3519.00241596,1100052,140.97214506,-0.02246405538,삼성운용,KRX 증권,패시브,비과세,20080529,,,,,,,,,,미래에셋증권,23.24403295112751,한국금융지주,21.62283045827133,삼성증권,18.431582349457535,키움증권,12.65475586654979,NH투자증권,12.522406506294177,2026-05-07 11:19:49,9월 6일 국내 ETF 1020개 데이터.xlsx / 국내 월배당 ETF 총정리.xlsx / 9월 1주 국내 월배당 ETF 분배금 지급현황.xlsx
256440,256440.KS,ACE 인도네시아MSCI(합성),K55101BI4108,해외주식,시장대표,,,,,,,Y,Y,2,-0.180461401639,-1.30777795377,0.592465444463,-0.833677578357,-0.683981862058,-12.564139868003,-19.491469869357,-25.094360970535,0.7,0.78,0.7906,8480,10,0.1180637544273908,296.59097993,21120,1.79085622,-0.67642818835,한국투자신탁운용,MSCI Indonesia Index,패시브,배당소득세(보유기간과세),20161101,,,,,,,,,,스왑(메리츠증권),99.12367962194197,스왑(NH투자증권),0.876320378058025,설정현금액,0,원화현금,0,,,2026-05-07 11:19:49,9월 6일 국내 ETF 1020개 데이터.xlsx / 국내 월배당 ETF 총정리.xlsx / 9월 1주 국내 월배당 ETF 분배금 지급현황.xlsx
269420,269420.KS,KODEX S&P글로벌인프라(합성),K55105BN5708,해외주식,업종섹터,,,,,,,Y,Y,3,-0.044388245873,-1.321510806176,-0.284157899257,4.629015169431,8.805406878202,9.51627764965,21.144603418817,35.612136875393,0.26,0.33,0.345,20080,20,0.09970089730807577,192.62940198,2371,0.47530109,-0.199000033806,삼성운용,S&P Global Infrastructure Index Price Return,패시브,배당소득세(보유기간과세),20170516,,,,,,,,,,스왑(미래에셋증권),81.99742913465438,ISHARES GLOBAL INFRA,18.002570865345614,설정현금액,0,원화현금,0,,,2026-05-07 11:19:49,9월 6일 국내 ETF 1020개 데이터.xlsx / 국내 월배당 ETF 총정리.xlsx / 9월 1주 국내 월배당 ETF 분배금 지급현황.xlsx
364980,364980.KS,TIGER 2차전지TOP10,K55301DA5554,국내주식,업종섹터,국내주식테마/섹터,2차전지,,,,,Y,Y,1,-1.757813479695,-1.337910572701,-6.93323354889,14.888169356312,-4.772461892377,-4.246784841184,-30.30969691044,-44.552892936384,0.4,0.43,0.5339,7835,-100,-1.260239445494644,4305.05654092,2120758,167.09366329,-0.106456741914,미래에셋운용,KRX 2차전지 K-뉴딜지수,패시브,비과세,20201007,,,,,,,,,,LG에너지솔루션,28.4987942061378,POSCO홀딩스,24.276246314789358,SK이노베이션,20.443728106848162,LG화학,7.71082733294132,삼성SDI,6.6889788121190605,2026-05-07 11:19:49,9월 6일 국내 ETF 1020개 데이터.xlsx / 국내 월배당 ETF 총정리.xlsx / 9월 1주 국내 월배당 ETF 분배금 지급현황.xlsx
101280,101280.KS,KODEX 일본TOPIX100,KR5105797835,해외주식,시장대표,해외시장지수(환노출),일본 TOPIX&Nikkei225,,,,,Y,Y,2,1.034180245664,-1.344387425488,5.219014914174,8.167921370219,8.351982581327,8.680322899038,17.496533004556,62.885977542314,0.19,0.43,0.5573,24660,315,1.2939001848428835,281.23354378,33854,8.3026184,0.119751804061,삼성운용,"TOPIX100(Tokyo Stock Price Index 100/KRW, 환헤지안함)",패시브,배당소득세(해외주식투자전용ETF),20080220,,,,,,,,,,TOPIX INDX FURT 2025 09,7.431160195537109,TOYOTA MOTOR,4.925469865439987,MITSUBISHI UFJ FINANCIAL GRO,4.51657637527102,SONY GROUP,4.464461284617918,HITACHI,3.1998808526625067,2026-05-07 11:19:49,9월 6일 국내 ETF 1020개 데이터.xlsx / 국내 월배당 ETF 총정리.xlsx / 9월 1주 국내 월배당 ETF 분배금 지급현황.xlsx
157500,157500.KS,TIGER 증권,KR5301AA1251,국내주식,업종섹터,,,,,,,Y,Y,2,0.068216890699,-1.348414172256,-1.010072370158,9.362865544667,48.919176695104,62.687995706397,63.527185753358,183.755598559563,0.4,0.45,0.5215,8720,35,0.4029936672423719,790.76891031,663001,57.65288392,-0.028898966691,미래에셋운용,FnGuide 증권 지수,패시브,비과세,20120516,,,,,,,,,,한국금융지주,24.072485153374338,미래에셋증권,21.902512768693814,삼성증권,18.511236120384247,키움증권,11.446066866195975,NH투자증권,11.44208757287655,2026-05-07 11:19:49,9월 6일 국내 ETF 1020개 데이터.xlsx / 국내 월배당 ETF 총정리.xlsx / 9월 1주 국내 월배당 ETF 분배금 지급현황.xlsx
200030,200030.KS,KODEX 미국S&P500산업재(합성),KR5105AS6399,해외주식,업종섹터,,,미국/테크,,,,Y,Y,2,0.974504192683,-1.355630552038,0.113151588181,7.634778857854,9.555469499996,8.382723349872,21.931621703053,65.394595793779,0.25,0.33,0.3315,36515,475,1.3179800221975582,414.38811856,3255,1.1861141,-0.082850064654,삼성운용,S&P Industrial Select Sector Index(원화환산),패시브,배당소득세(보유기간과세),20140612,,,,,,,,,,스왑(미래에셋증권),74.48878396393059,스왑(하나금융투자),25.51121603606941,설정현금액,0,원화현금,0,,,2026-05-07 11:19:49,9월 6일 국내 ETF 1020개 데이터.xlsx / 국내 월배당 ETF 총정리.xlsx / 9월 1주 국내 월배당 ETF 분배금 지급현황.xlsx
098560,098560.KS,TIGER 방송통신,KR5225734031,국내주식,업종섹터,,,,,,,Y,Y,2,0.164514898873,-1.362808396324,-1.344226408109,3.64228041458,13.384570639307,15.523017707484,26.079911681469,13.485183125973,0.46,0.49,0.5265,8280,45,0.546448087431694,43.0260514,1204,0.0990261,-0.065726166353,미래에셋운용,KRX 방송통신,패시브,비과세,20070907,,,,,,,,,,LG유플러스,24.1948299334091,KT,22.987730418881373,SK텔레콤,16.8538144848566,케이아이엔엑스,12.840665398961246,SBS,11.625457954568157,2026-05-07 11:19:49,9월 6일 국내 ETF 1020개 데이터.xlsx / 국내 월배당 ETF 총정리.xlsx / 9월 1주 국내 월배당 ETF 분배금 지급현황.xlsx
488480,488480.KS,RISE 일본섹터TOP4Plus,K55223EC5739,해외주식,업종섹터,,,,,,,Y,Y,2,1.383227334324,-1.365667883954,4.458659058402,5.32522790527,7.188630224529,3.247817155946,13.950691272707,,0.3,0.7,0.9328,11180,100,0.9025270758122743,71.6815053,1719,0.19124248,0.043696632694,KB운용,Solactive Japan Samurai Sector TOP4 Plus Index(PR),패시브,배당소득세(보유기간과세),20240820,,,,,,,,,,SONY GROUP CORP,12.634855503792133,TOYOTA MOTOR CORP,12.078145993974985,MITSUBISHI UFJ FINANCIAL GRO,10.452731327855064,MITSUBISHI CORP,9.007497106662829,TAKEDA PHARMACEUTICAL CO LTD,7.423009692939604,2026-05-07 11:19:49,9월 6일 국내 ETF 1020개 데이터.xlsx / 국내 월배당 ETF 총정리.xlsx / 9월 1주 국내 월배당 ETF 분배금 지급현황.xlsx
269370,269370.KS,TIGER S&P글로벌인프라(합성),K55301BO5469,해외주식,업종섹터,,,,,,,Y,Y,3,-0.064904861687,-1.370838095817,-0.329736924516,4.679899772931,9.273987056287,9.811961969927,21.300603492497,36.342519315758,0.4,0.48,0.4895,15910,-5,-0.031416902293433864,127.36536532,1760,0.2802466,-0.583112996933,미래에셋운용,S&P Global Infrastructure Index,패시브,배당소득세(보유기간과세),20170516,,,,,,,,,,S&P글로벌인프라 TRS(한국투자증권),49.064108738225215,S&P글로벌인프라 TRS(KB증권),44.77335255941559,ISHARES GLOBAL INFRASTRUCTUR,6.162538702359196,설정현금액,0,원화현금,0,2026-05-07 11:19:49,9월 6일 국내 ETF 1020개 데이터.xlsx / 국내 월배당 ETF 총정리.xlsx / 9월 1주 국내 월배당 ETF 분배금 지급현황.xlsx
463680,463680.KS,KODEX 미국S&P500테크놀로지,K55105E38396,해외주식,업종섹터,,,미국/테크,,,,Y,Y,2,0.385063652614,-1.391816840953,0.278649032621,13.355696035581,14.892416967087,7.056387151094,30.185217585707,,0.25,0.35,0.3827,15975,95,0.5982367758186398,286.75883481,20793,3.32245582,0.078076727731,삼성운용,S&P Technology Select Sector Index(Price Return),패시브,배당소득세(보유기간과세),20230801,,,,,,,,,,NVIDIA Corp,14.488713641923914,MICROSOFT,13.07907259267403,APPLE Inc,12.401966525328236,TECHNOLOGY SELECT SECT SPDR,6.084097138197114,BROADCOM LTD,4.951294124645394,2026-05-07 11:19:49,9월 6일 국내 ETF 1020개 데이터.xlsx / 국내 월배당 ETF 총정리.xlsx / 9월 1주 국내 월배당 ETF 분배금 지급현황.xlsx
253230,253230.KS,KIWOOM 200선물인버스2X,K55206BG4575,레버리지/인버스,2X 인버스,,,인버스,,,,,,1,-1.032232488641,-1.399807080305,-1.213730757231,-26.187348969439,-43.615491862733,-50.450766799747,-42.402690459605,-59.297174085489,0.46,0.53,0.815,1306,-15,-1.1355034065102196,42.06116614,106075,1.38283456,0.370287136621,키움투자운용,코스피 200 선물지수,패시브,배당소득세(보유기간과세),20160922,,,,,,,,,,KIWOOM 200선물인버스,11.223602375182555,설정현금액,0,원화현금,0,선물2025년09월물,88.77639762481745,,,2026-05-07 11:19:49,9월 6일 국내 ETF 1020개 데이터.xlsx / 국내 월배당 ETF 총정리.xlsx / 9월 1주 국내 월배당 ETF 분배금 지급현황.xlsx
441330,441330.KS,KIWOOM 차이나A50커넥트MSCI,K55206DW5141,해외주식,시장대표,해외시장지수(환노출),중국본토 CSI300&A50,,,,,Y,Y,2,-2.526563231292,-1.402830038563,12.076459443635,21.335774819322,15.381441945867,13.333882323794,41.388228100755,,0.2,0.6,0.6975,11220,95,0.8539325842696629,72.55679799,28721,3.2104162,-0.889304053705,키움투자운용,MSCI China A50 Connect Index,패시브,배당소득세(보유기간과세),20220920,,,,,,,,,,ZIJIN MINING GROUP CO LTD-A,6.267749095913968,CONTEMPORARY AMPEREX TECHN-A,6.238673626126626,MSCI CHINA A 50 F SEPT 2025,5.8740918172873675,FOXCONN INDUSTRIAL INTERNE-A,5.504362249388361,KWEICHOW MOUTAI CO LTD-A,5.113174712043265,2026-05-07 11:19:49,9월 6일 국내 ETF 1020개 데이터.xlsx / 국내 월배당 ETF 총정리.xlsx / 9월 1주 국내 월배당 ETF 분배금 지급현황.xlsx
448540,448540.KS,ACE 엔비디아채권혼합블룸버그,K55101DY6929,자산배분,주식+채권,,,채권,,,,Y,Y,4,0.161423435697,-1.407798112048,-1.249442813116,7.732405792245,13.868956421904,9.495687043775,22.578228918861,,0.07,0.14,0.1586,24225,45,0.18610421836228289,2302.44755151,80471,19.48647376,0.14198902314,한국투자신탁운용,Bloomberg Blended NVIDIA Equity and Korean Bond Index,패시브,배당소득세(보유기간과세),20221129,,,,,,,,,,NVIDIA CORP,40.64645916850954,국고채권01250-2603(21-1),12.152033035275242,국고채권02250-2512(15-8),8.07441499736865,국고채권03250-2603(24-3),7.817283705765879,국고채권01125-2509(20-6),5.634321582017065,2026-05-07 11:19:49,9월 6일 국내 ETF 1020개 데이터.xlsx / 국내 월배당 ETF 총정리.xlsx / 9월 1주 국내 월배당 ETF 분배금 지급현황.xlsx
412770,412770.KS,TIGER 글로벌AI플랫폼액티브,K55301DP1325,해외주식,업종섹터,,,미국/테크,,,,Y,Y,1,-0.054567954227,-1.418768733948,-1.174699044593,9.46137881047,11.116742549949,11.935905653248,44.363597587822,91.785409165894,0.79,0.88,1.0419,13180,180,1.3846153846153846,1150.39904206,18468,2.42568642,0.011229534192,미래에셋운용,Indxx Global Metaverse Index (Price Return),액티브,배당소득세(보유기간과세),20211222,,,,,,,,,,PALANTIR TECHNOLOGIES INC-A,7.50959849516993,META PLATFORMS INC-CLASS A,7.00161978171326,MICROSOFT CORP,6.124879633362299,ORACLE CORP,5.758040096981932,CLOUDFLARE INC - CLASS A,5.660284387502509,2026-05-07 11:19:49,9월 6일 국내 ETF 1020개 데이터.xlsx / 국내 월배당 ETF 총정리.xlsx / 9월 1주 국내 월배당 ETF 분배금 지급현황.xlsx
0093D0,0093D0.KS,KoAct 팔란티어밸류체인액티브,K553N9EF9815,해외주식,업종섹터,,,,,,,Y,Y,2,0.541273764623,-1.436929168683,,,,,,,0.5,,,9960,45,0.45385779122541603,323.75645636,360581,35.89973793,-0.068816926376,삼성액티브자산운용,KEDI 팔란티어밸류체인지수(PR),액티브,배당소득세(보유기간과세),20250826,,,,,,,,,,Palantir Technologies Inc -A,23.346953155828498,ALPHABET INC-CL A,9.415712632528248,ORACLE,7.579687835082077,NVIDIA Corp,4.2860522864507535,HUNTINGTON INGALLS INDUSTRIE,4.074792191251476,2026-05-07 11:19:49,9월 6일 국내 ETF 1020개 데이터.xlsx / 국내 월배당 ETF 총정리.xlsx / 9월 1주 국내 월배당 ETF 분배금 지급현황.xlsx
252420,252420.KS,RISE 200선물인버스2X,K55223BH1595,레버리지/인버스,2X 인버스,,,인버스,,,,,,1,-1.093691647549,-1.448218774444,-1.10273664637,-25.993852400586,-43.715655021361,-50.464920986335,-42.264280216578,-59.187601424025,0.6,0.64,0.9567,1297,-13,-0.9923664122137404,118.09265597,246480,3.20397726,0.034262841327,KB운용,코스피 200 선물지수,패시브,배당소득세(보유기간과세),20160922,,,,,,,,,,RISE 200선물인버스,4.602579252016111,KODEX 인버스,2.931118519362554,KIWOOM 200선물인버스,1.5969300861379914,설정현금액,0,원화현금,0,2026-05-07 11:19:49,9월 6일 국내 ETF 1020개 데이터.xlsx / 국내 월배당 ETF 총정리.xlsx / 9월 1주 국내 월배당 ETF 분배금 지급현황.xlsx
138920,138920.KS,KODEX 콩선물(H),KR5105A08930,원자재,농산물,,,원자재,,,,Y,,2,0.100442309755,-1.454593939654,3.834048667894,0.999040671493,4.637444853972,1.772828763022,-1.547892679203,-20.290640779173,0.68,0.74,0.9203,11000,-5,-0.04543389368468878,55.06193328,470,0.05160895,-0.014944978045,삼성운용,S&P GSCI Soybeans Index Total Return,패시브,배당소득세(보유기간과세),20110315,,,,,,,,,,Soybeans 2025 11,93.46541254541745,ETFs SOYBEANS,6.534587454582545,설정현금액,0,2025-09 달러선물,0,원화현금,0,2026-05-07 11:19:49,9월 6일 국내 ETF 1020개 데이터.xlsx / 국내 월배당 ETF 총정리.xlsx / 9월 1주 국내 월배당 ETF 분배금 지급현황.xlsx
478150,478150.KS,TIMEFOLIO 글로벌우주테크&방산액티브,K553J1E98415,해외주식,업종섹터,,,미국/테크,,,,Y,Y,2,-0.2599183304,-1.460619604331,-0.458187675932,10.828296350355,22.651449836238,31.667091354232,65.47478383774,,0.8,0.89,1.2042,18030,-20,-0.11080332409972299,1879.10632372,63615,11.46977989,0.113674744321,타임폴리오자산운용,Solactive Aerospace and Defense USD Index PR,액티브,배당소득세(보유기간과세),20240423,,,,,,,,,,RTX CORP,7.771607121217399,GENERAL ELECTRIC,7.491850679279138,ROLLS-ROYCE HOLDINGS PLC,6.321426368113581,RHEINMETALL AG,5.741900353238513,KRATOS DEFENSE & SECURITY,5.062541989671227,2026-05-07 11:19:49,9월 6일 국내 ETF 1020개 데이터.xlsx / 국내 월배당 ETF 총정리.xlsx / 9월 1주 국내 월배당 ETF 분배금 지급현황.xlsx
287180,287180.KS,PLUS 미국나스닥테크,K55213C03586,해외주식,업종섹터,,,미국/테크,,,,Y,Y,1,0.692629252888,-1.468842571684,0.351380603648,9.137073243403,9.302937515666,7.567403348321,20.854140246189,86.169982530486,0.5,0.62,0.6711,37950,335,0.8906021533962515,303.00135483,1251,0.47451175,-0.338537363684,한화운용,NASDAQ 100 Technology Sector Index,패시브,배당소득세(해외주식투자전용ETF),20171213,,,,,,,,,,SYNOPSYS INC,4.095554579889731,APPLOVIN CORP-CLASS A,3.0059955363747024,SHOPIFY INC - CLASS A,2.926412416399227,ADVANCED MICRO DEVICES,2.8356377244027273,APPLE INC,2.7100540995892364,2026-05-07 11:19:49,9월 6일 국내 ETF 1020개 데이터.xlsx / 국내 월배당 ETF 총정리.xlsx / 9월 1주 국내 월배당 ETF 분배금 지급현황.xlsx
352540,352540.KS,KODEX 일본부동산리츠(H),K55105D15578,부동산,,,,"월배당, 리츠/부동산",Y,Y,Y,Y,Y,3,-0.485656018507,-1.481424833168,1.982615543579,10.291795553273,15.535483528833,18.703036887827,14.820113775518,13.623781967949,0.3,0.4,0.4541,12135,-30,-0.2466091245376079,267.56150396,46688,5.65093218,0.132428104557,삼성운용,Tokyo Stock Exchange REIT Index,패시브,배당소득세(분리과세부동산ETF),20200513,부동산,0.5012,20250827,20250829,62,6.6033,807,12,Y,NIPPON BUILDING FUND INC,7.188630699184602,JAPAN REAL ESTATE INVESTMENT,5.6214775004187,Tokyo REIT 2025 09,5.570583249277364,JAPAN RETAIL FUND INVESTMENT,5.024297269785516,NOMURA REAL ESTATE MASTER FU,4.332616932577821,2026-05-07 11:19:49,9월 6일 국내 ETF 1020개 데이터.xlsx / 국내 월배당 ETF 총정리.xlsx / 9월 1주 국내 월배당 ETF 분배금 지급현황.xlsx
487950,487950.KS,KODEX 대만테크고배당다우존스,K55105EB3910,해외주식,전략,,,"월배당, 배당, 미국/테크",Y,Y,Y,Y,Y,2,0.857120366523,-1.484647899798,-3.261985270365,2.314159189165,-1.017988372832,1.991370693408,7.527835526854,,0.45,0.62,0.7741,9410,105,1.1284255776464267,107.21615844,1844,0.17266494,-0.143726798316,삼성운용,Dow Jones Taiwan Technology Dividend 30 Index (Price Return),패시브,배당소득세(보유기간과세),20240723,해외주식,0.5817,20250827,20250829,55,7.7889,720,12,Y,LITE ON TECHNOLOGY,13.39792074659803,QUANTA COMPUTER,10.357993334707144,NOVATEK MICROELECTRONICS LTD,8.461572250310095,CATCHER TECHNOLIGY,7.570336756263049,WPG Holdings Ltd,6.406843450047327,2026-05-07 11:19:49,9월 6일 국내 ETF 1020개 데이터.xlsx / 국내 월배당 ETF 총정리.xlsx / 9월 1주 국내 월배당 ETF 분배금 지급현황.xlsx
375270,375270.KS,RISE 글로벌데이터센터리츠(합성),K55223DE1216,부동산,,,,리츠/부동산,,,,Y,Y,2,-0.821790064697,-1.487180146844,-0.834874526171,3.553809185797,-1.643371323732,-0.400608717143,4.42982949572,4.790316731396,0.4,0.57,0.5724,12360,-75,-0.6031363088057901,55.13401965,1630,0.2016229,0.180693574845,KB운용,Kelly Data Center & Tech Infrastructure Net Total Return Index,패시브,배당소득세(분리과세부동산ETF),20210114,,,,,,,,,,스왑(NH투자증권)_210112_44B2,60.854113926886036,스왑(키움증권)_210112_44B2,39.145886073113964,설정현금액,0,원화현금,0,,,2026-05-07 11:19:49,9월 6일 국내 ETF 1020개 데이터.xlsx / 국내 월배당 ETF 총정리.xlsx / 9월 1주 국내 월배당 ETF 분배금 지급현황.xlsx
253160,253160.KS,PLUS 200선물인버스2X,K55213BH1662,레버리지/인버스,2X 인버스,,,인버스,,,,,,1,-1.098038042381,-1.487466613024,-1.144252012067,-26.007067731023,-43.669202209352,-50.419498476682,-42.185221541334,-58.913303886185,0.06,0.12,0.4092,2650,-30,-1.1194029850746268,38.34531933,14074,0.3731216,1.080287220413,한화운용,코스피 200 선물지수,패시브,배당소득세(보유기간과세),20160922,,,,,,,,,,KODEX 200선물인버스2X,5.504757549198439,TIGER 200선물인버스2X,0.5643998563352158,설정현금액,0,원화현금,0,선물2025년09월물,93.93084259446634,2026-05-07 11:19:49,9월 6일 국내 ETF 1020개 데이터.xlsx / 국내 월배당 ETF 총정리.xlsx / 9월 1주 국내 월배당 ETF 분배금 지급현황.xlsx
252670,252670.KS,KODEX 200선물인버스2X,K55105BG8438,레버리지/인버스,2X 인버스,,,인버스,,,,,,1,-1.108118270906,-1.498161694451,-1.186222338093,-26.058766488986,-43.788548945711,-50.561836547573,-42.546266780207,-59.699718857793,0.64,0.66,0.9899,1289,-11,-0.8461538461538461,16064.58887684,213414637,2752.97702281,-0.066524607779,삼성운용,코스피 200 선물지수,패시브,배당소득세(보유기간과세),20160922,,,,,,,,,,KODEX 인버스,8.46713587832669,설정현금액,0,원화현금,0,2025-09 코스피200지수선물,91.53286412167331,,,2026-05-07 11:19:49,9월 6일 국내 ETF 1020개 데이터.xlsx / 국내 월배당 ETF 총정리.xlsx / 9월 1주 국내 월배당 ETF 분배금 지급현황.xlsx
437370,437370.KS,RISE 글로벌농업경제,K55223DV1611,해외주식,업종섹터,,,,,,,Y,Y,2,0.554718502642,-1.498792235383,1.598886761423,4.016261733121,6.126809537088,8.24584007237,8.647919876733,-11.268990286935,0.4,0.83,0.8594,9495,45,0.47619047619047616,56.86126076,878,0.083253,-0.195078492946,KB운용,MVIS Global Agribusiness Index(Price Return),패시브,배당소득세(보유기간과세),20220729,,,,,,,,,,ZOETIS INC,7.804018014013169,DEERE & CO,7.672460034968266,CORTEVA INC,7.4861268574183715,ARCHER-DANIELS-MIDLAND CO,7.424866539470972,BAYER AG-REG,7.094387554095096,2026-05-07 11:19:49,9월 6일 국내 ETF 1020개 데이터.xlsx / 국내 월배당 ETF 총정리.xlsx / 9월 1주 국내 월배당 ETF 분배금 지급현황.xlsx
252710,252710.KS,TIGER 200선물인버스2X,K55301BH0360,레버리지/인버스,2X 인버스,,,인버스,,,,,,1,-1.118681621038,-1.509480228189,-1.182361539241,-26.008842269516,-43.758468311527,-50.551105832597,-42.454058564006,-59.241318589485,0.022,0.05,0.3555,1367,-11,-0.7982583454281568,762.02729638,5661827,77.33639816,-0.013934040277,미래에셋운용,코스피 200 선물지수,패시브,배당소득세(보유기간과세),20160922,,,,,,,,,,TIGER 인버스,10.378339078770692,설정현금액,0,원화현금,0,선물2025년09월물,89.6216609212293,,,2026-05-07 11:19:49,9월 6일 국내 ETF 1020개 데이터.xlsx / 국내 월배당 ETF 총정리.xlsx / 9월 1주 국내 월배당 ETF 분배금 지급현황.xlsx
465620,465620.KS,ACE 미국빅테크TOP7 Plus인버스(합성),K55101E52495,레버리지/인버스,1X 인버스,,,"미국/테크, 인버스",,,,,,1,-1.160019180044,-1.517805766898,-5.47777238522,-16.381951408277,-20.956621204838,-14.14589557233,-36.809561529577,,0.6,0.74,0.7603,8400,-180,-2.097902097902098,21.17995989,9331,0.78646262,0.309209271749,한국투자신탁운용,Solactive US Big Tech Top 7 Plus Price Return Index,패시브,배당소득세(보유기간과세),20230912,,,,,,,,,,설정현금액,0,원화현금,0,스왑(키움증권),21.53846126266725,스왑(한국투자증권),78.46153873733275,,,2026-05-07 11:19:49,9월 6일 국내 ETF 1020개 데이터.xlsx / 국내 월배당 ETF 총정리.xlsx / 9월 1주 국내 월배당 ETF 분배금 지급현황.xlsx
486240,486240.KS,DAISHIN343 AI반도체&인프라액티브,K55203EA9349,국내주식,업종섹터,국내주식테마/섹터,반도체,미국/테크,,,,Y,Y,2,0.1722850925,-1.543408293882,-2.657272454803,14.122977408336,17.892804607354,23.408040802055,29.519351500283,,0.36,0.42,0.5106,9505,40,0.4226096143687269,162.20243963,766,0.07340087,-0.285034927694,대신운용,FnGuide AI반도체&인프라 지수,액티브,배당소득세(보유기간과세),20240618,,,,,,,,,,삼성전자,23.65978187249244,카카오,10.664927406182612,SK하이닉스,9.378132766080853,코미코,4.334338517753443,효성중공업,4.3342330773535656,2026-05-07 11:19:49,9월 6일 국내 ETF 1020개 데이터.xlsx / 국내 월배당 ETF 총정리.xlsx / 9월 1주 국내 월배당 ETF 분배금 지급현황.xlsx
360140,360140.KS,KODEX 200롱코스닥150숏선물,K55105D60632,국내주식,전략,,,,,,,Y,,2,-0.677873382663,-1.550585273184,-0.951444476977,3.3103972417,20.550322404657,14.004456836744,11.130431805025,-0.052642621083,0.64,0.67,0.8717,10390,-65,-0.6217120994739359,301.17504905,245,0.02549605,-0.050957314544,삼성운용,KOSPI 200 롱 100% KOSDAQ 150 숏 100% 선물지수,패시브,배당소득세(보유기간과세),20200821,,,,,,,,,,2025-09 코스피200지수선물,13.161717700634243,KODEX 200,11.79788489763278,삼성전자,5.753509408302866,SK하이닉스,2.6062878445062165,KB금융,0.618273584205448,2026-05-07 11:19:49,9월 6일 국내 ETF 1020개 데이터.xlsx / 국내 월배당 ETF 총정리.xlsx / 9월 1주 국내 월배당 ETF 분배금 지급현황.xlsx
371450,371450.KS,TIGER 글로벌클라우드컴퓨팅INDXX,K55301DC7616,해외주식,업종섹터,,,,,,,Y,Y,1,-0.497600696184,-1.630505913176,0.967132366297,-1.103095333671,-6.71906311864,-11.829167099974,21.254382756934,37.272566770091,0.49,0.56,0.6271,11200,15,0.13410818059901655,279.59483648,5018,0.5627639,-0.668455789427,미래에셋운용,Indxx Global Cloud Computing Index(Net Total Return),패시브,배당소득세(보유기간과세),20201208,,,,,,,,,,SHOPIFY INC - CLASS A,5.2042851840628055,SNOWFLAKE INC,4.9930887065094,ZSCALER INC,4.290267107695104,PROCORE TECHNOLOGIES INC,3.9090747813401885,ZOOM COMMUNICATIONS INC,3.891386283728271,2026-05-07 11:19:49,9월 6일 국내 ETF 1020개 데이터.xlsx / 국내 월배당 ETF 총정리.xlsx / 9월 1주 국내 월배당 ETF 분배금 지급현황.xlsx
0036R0,0036R0.KS,RISE 미국휴머노이드로봇,K55223EJ0170,해외주식,업종섹터,해외주식테마/섹터,미국 휴머노이드,,,,,Y,Y,2,0.882951396963,-1.633756670868,2.065411018933,12.981542743158,,,,,0.4,0.45,0.5567,12965,165,1.2890625,148.18730937,24946,3.23038195,0.057408424785,KB운용,KEDI 미국 휴머노이드 로봇 지수(시장가격),패시브,배당소득세(보유기간과세),20250415,,,,,,,,,,TERADYNE INC,11.573334106230853,TESLA INC,10.704220874998489,NVIDIA CORP,10.078522003616577,ROCKWELL AUTOMATION INC,8.562700530184333,INTUITIVE SURGICAL INC,7.954597101374397,2026-05-07 11:19:49,9월 6일 국내 ETF 1020개 데이터.xlsx / 국내 월배당 ETF 총정리.xlsx / 9월 1주 국내 월배당 ETF 분배금 지급현황.xlsx
442320,442320.KS,RISE 글로벌원자력,K55223DX4944,해외주식,업종섹터,,,,,,,Y,Y,2,-0.644354540687,-1.65241056327,-3.107589321842,25.249034007991,62.770138185966,61.209794305492,118.57209811365,,0.4,0.5,0.7502,31530,-140,-0.4420587306599305,2828.92135659,60754,19.15060056,0.271743852401,KB운용,iSelect 글로벌원자력 지수(시장가격),패시브,배당소득세(보유기간과세),20221013,,,,,,,,,,CONSTELLATION ENERGY,23.73805793332495,CAMECO CORP,19.937411154854033,두산에너빌리티,12.455551870966936,BWX TECHNOLOGIES INC,8.737528683472503,HD현대일렉트릭,4.852529187568384,2026-05-07 11:19:49,9월 6일 국내 ETF 1020개 데이터.xlsx / 국내 월배당 ETF 총정리.xlsx / 9월 1주 국내 월배당 ETF 분배금 지급현황.xlsx
490590,490590.KS,RISE 미국AI밸류체인데일리고정커버드콜,K55223ED1158,해외주식,전략,,,"월배당, 커버드콜, 미국/테크",Y,Y,Y,Y,Y,1,0.980398894866,-1.682992499615,-0.288430970392,24.143074592316,32.572688724518,20.859999668482,,,0.25,0.36,0.7667,11800,150,1.2875536480686696,1857.17550981,378614,44.60347032,0.206182277776,KB운용,KEDI 미국 AI밸류체인 90%참여+데일리옵션 프리미엄 지수(TR),패시브,배당소득세(보유기간과세),20241002,해외주식,1.3025,20250827,20250829,155,17.9465,2089,11,Y,NVIDIA CORP,13.108779353428142,RISE 미국AI밸류체인TOP3Plus,12.054515804762683,ORACLE CORP,11.766707284041283,MICROSOFT CORP,11.724338638969698,ARISTA NETWORKS INC,4.9071566027148386,2026-05-07 11:19:49,9월 6일 국내 ETF 1020개 데이터.xlsx / 국내 월배당 ETF 총정리.xlsx / 9월 1주 국내 월배당 ETF 분배금 지급현황.xlsx
130680,130680.KS,TIGER 원유선물Enhanced(H),KR5225287949,원자재,에너지,해외주식테마/섹터,에너지&화학&원유,원자재,,,,Y,,1,-0.854207576989,-1.688809735823,-2.78509606127,5.91005602311,-1.233587159812,-4.787607139314,1.480490130471,-12.349633531326,0.69,0.75,0.9445,4130,-15,-0.3618817852834741,173.8855906,34047,1.40716205,0.159951906487,미래에셋운용,S&P GSCI Crude Oil Enhanced Index (ER),패시브,배당소득세(보유기간과세),20100802,,,,,,,,,,CRUDE OIL FUT NYMX OCT 2025,68.77800052286182,CRUDE OIL FUT NYMX NOV 2025,12.815238321355407,INVESCO DB OIL FUND,9.362804209001403,UNITED STATES 12 MONTH OIL,9.043956946781378,설정현금액,0,2026-05-07 11:19:49,9월 6일 국내 ETF 1020개 데이터.xlsx / 국내 월배당 ETF 총정리.xlsx / 9월 1주 국내 월배당 ETF 분배금 지급현황.xlsx
489860,489860.KS,KIWOOM 글로벌전력GRID인프라,K55206ED3411,해외주식,업종섹터,,,,,,,Y,Y,2,0.965575111697,-1.705164181111,-0.352467270947,10.737509686158,19.06760462265,12.483550818684,25.254492199554,,0.49,1.14,1.4035,12005,30,0.25052192066805845,54.14544131,804,0.09670635,-0.100528202581,키움투자운용,NASDAQ OMX Clean Edge Smart Grid Infrastructure Index,패시브,배당소득세(보유기간과세),20240827,,,,,,,,,,ABB LTD-REG,9.07451837662662,EATON CORP PLC,8.27811358676916,JOHNSON CONTROLS INTERNATION,8.096384186229624,SCHNEIDER ELECTRIC SE,7.85530810267568,NATIONAL GRID PLC,7.450940515782841,2026-05-07 11:19:49,9월 6일 국내 ETF 1020개 데이터.xlsx / 국내 월배당 ETF 총정리.xlsx / 9월 1주 국내 월배당 ETF 분배금 지급현황.xlsx
334700,334700.KS,RISE 팔라듐선물인버스(H),K55223CV8492,레버리지/인버스,1X 인버스,,,인버스,,,,,,1,3.289804817765,-1.719201211348,4.976773749766,-13.118900620995,-18.686697522278,-23.671048758021,-25.368932880214,12.295641199386,0.6,1.34,1.5141,4785,50,1.0559662090813093,24.11285191,131,0.0062812,-0.545835785849,KB운용,S&P GSCI Palladium Excess Return Index,패시브,배당소득세(보유기간과세),20190924,,,,,,,,,,RISE 머니마켓액티브,13.240287139058943,설정현금액,0,미달러선물25년09월물,0,원화현금,0,PALLADIUM FUTURE DEC25,86.75971286094106,2026-05-07 11:19:49,9월 6일 국내 ETF 1020개 데이터.xlsx / 국내 월배당 ETF 총정리.xlsx / 9월 1주 국내 월배당 ETF 분배금 지급현황.xlsx
261220,261220.KS,KODEX WTI원유선물(H),K55105BJ8567,원자재,에너지,해외주식테마/섹터,에너지&화학&원유,원자재,,,,Y,,1,-0.770041450075,-1.721724410154,-3.025869966894,6.233706441765,0.03714115295,-3.001008100955,3.994229982561,-6.174219222466,0.35,0.4,0.6655,14450,-40,-0.27605244996549344,572.38111906,92046,13.29961339,0.110394828928,삼성운용,S&P GSCI Crude Oil Index Excess Return,패시브,배당소득세(보유기간과세),20161227,,,,,,,,,,Crude Oil 2025 10,87.90558838085403,United States OIL ETF,12.094411619145978,설정현금액,0,2025-09 달러선물,0,원화현금,0,2026-05-07 11:19:49,9월 6일 국내 ETF 1020개 데이터.xlsx / 국내 월배당 ETF 총정리.xlsx / 9월 1주 국내 월배당 ETF 분배금 지급현황.xlsx
471990,471990.KS,KODEX AI반도체핵심장비,K55105E71488,국내주식,업종섹터,국내주식테마/섹터,반도체,미국/테크,,,,Y,Y,2,-0.092380516109,-1.750223599535,-0.581673072193,14.535287636882,16.22909813178,19.054859499226,12.583950900083,,0.39,0.44,0.5241,10295,35,0.341130604288499,1219.21778314,319912,33.14588892,-0.083751036271,삼성운용,iSelect AI반도체핵심장비 지수,패시브,비과세,20231121,,,,,,,,,,이수페타시스,26.84464027707993,한미반도체,17.068130212749928,리노공업,16.9826129181284,파크시스템스,7.249591835554235,HPSP,6.721550293975195,2026-05-07 11:19:49,9월 6일 국내 ETF 1020개 데이터.xlsx / 국내 월배당 ETF 총정리.xlsx / 9월 1주 국내 월배당 ETF 분배금 지급현황.xlsx
174360,174360.KS,RISE 중국본토대형주CSI100,KR5223AI2538,해외주식,시장대표,해외시장지수(환노출),중국본토 CSI300&A50,,,,,Y,Y,2,-2.401955799612,-1.754802497538,8.684435404454,17.463583067295,9.688119042551,9.119432634058,38.216953741458,7.909230454143,0.65,0.85,1.0239,21100,500,2.4271844660194173,725.59310547,17920,3.751092,-0.186392875578,KB운용,CSI A100,패시브,배당소득세(해외주식투자전용ETF),20130604,,,,,,,,,,KWEICHOW MOUTAI CO LTD-A,6.586190365801467,CONTEMPORARY AMPEREX TECHN-A,5.768305900285952,CHINAAMC ETF SERIES - CH-HKD,4.639703273277265,CHINA MERCHANTS BANK-A,3.754311836713582,PING AN INSURANCE GROUP CO-A,3.093573127160135,2026-05-07 11:19:49,9월 6일 국내 ETF 1020개 데이터.xlsx / 국내 월배당 ETF 총정리.xlsx / 9월 1주 국내 월배당 ETF 분배금 지급현황.xlsx
446770,446770.KS,ACE 글로벌반도체TOP4 Plus SOLACTIVE,K55101DY2753,해외주식,업종섹터,해외주식테마/섹터,글로벌 및 미국 반도체,,,,,Y,Y,2,1.340178766802,-1.775107402782,0.434314334049,17.395471710881,26.45325229503,21.811992601424,42.088986018222,,0.45,0.51,0.6109,31185,585,1.911764705882353,3469.53386543,44431,13.80917535,0.167876211444,한국투자신탁운용,Solactive Global Semiconductor TOP4 Plus Price Return Index,패시브,배당소득세(보유기간과세),20221115,,,,,,,,,,NVIDIA CORP,21.42622981752348,TAIWAN SEMICONDUCTOR-SP ADR,20.418315905559574,ASML HOLDING NV-NY REG SHS,18.85468495922584,SK하이닉스,18.59560653288465,ADVANCED MICRO DEVICES,4.001144388682334,2026-05-07 11:19:49,9월 6일 국내 ETF 1020개 데이터.xlsx / 국내 월배당 ETF 총정리.xlsx / 9월 1주 국내 월배당 ETF 분배금 지급현황.xlsx
494340,494340.KS,ACE 글로벌AI맞춤형반도체,K55101EE6187,해외주식,업종섹터,,,미국/테크,,,,Y,Y,2,1.614500031927,-1.793962949139,-0.687189678806,21.440175554666,24.772599618609,4.850736933586,,,0.45,0.6,0.782,12810,390,3.140096618357488,119.44595275,34756,4.42911127,0.012708323893,한국투자신탁운용,Solactive AI Custom Semiconductor Index(PR),패시브,배당소득세(보유기간과세),20241022,,,,,,,,,,BROADCOM LTD,20.888810595208213,ARM Holdings PLC,17.047480699760623,Cadence Design Systems Inc,16.817916106897965,SYNOPSYS INC,16.308623735735384,MediaTek Inc,12.887710020205915,2026-05-07 11:19:49,9월 6일 국내 ETF 1020개 데이터.xlsx / 국내 월배당 ETF 총정리.xlsx / 9월 1주 국내 월배당 ETF 분배금 지급현황.xlsx
0023A0,0023A0.KS,SOL 미국양자컴퓨팅TOP10,K55210EE4925,해외주식,업종섹터,,,,,,,Y,Y,2,1.389191893414,-1.803746541111,1.409800450646,16.675677162978,,,,,0.45,0.51,0.7705,17080,300,1.7878426698450536,975.37312125,258484,44.01973406,0.154629414989,신한자산운용,KEDI 미국양자컴퓨팅 TOP10(PR),패시브,배당소득세(보유기간과세),20250311,,,,,,,,,,ALPHABET INC-CL A,18.266660526675455,Rigetti Computing Inc,17.697930290136913,D-Wave Quantum Inc,14.585108836576559,IonQ Inc,13.306326437605327,BROADCOM INC,6.804540415578003,2026-05-07 11:19:49,9월 6일 국내 ETF 1020개 데이터.xlsx / 국내 월배당 ETF 총정리.xlsx / 9월 1주 국내 월배당 ETF 분배금 지급현황.xlsx
488200,488200.KS,KIWOOM K-2차전지북미공급망,K55206ED2207,국내주식,업종섹터,,,,,,,Y,Y,2,-1.430484910542,-1.809923351846,-6.650285645536,20.903037607285,17.117940806999,13.740701659988,-20.124024579157,,0.49,0.75,0.8067,8030,-135,-1.653398652786283,72.58940828,4804,0.38762962,-0.273044328375,키움투자운용,Solactive K-Battery North America Supply Chain index,패시브,비과세,20240723,,,,,,,,,,두산에너빌리티,26.577053628655566,LG에너지솔루션,17.43027504696619,LG화학,12.989105643886024,삼성SDI,9.362415641938075,LG전자,8.141760659595484,2026-05-07 11:19:49,9월 6일 국내 ETF 1020개 데이터.xlsx / 국내 월배당 ETF 총정리.xlsx / 9월 1주 국내 월배당 ETF 분배금 지급현황.xlsx
256750,256750.KS,KODEX 차이나심천ChiNext(합성),K55105BI6737,해외주식,시장대표,,,,,,,Y,Y,1,-4.310300009295,-1.834777127711,19.848637172193,40.720297015366,21.939039263613,23.818537080583,80.504167966835,0.193661144135,0.47,0.54,0.5413,12810,800,6.661115736885928,370.62797149,86850,10.69588289,-0.744503289819,삼성운용,SZSE ChiNext Index(원화환산),패시브,배당소득세(보유기간과세),20161108,,,,,,,,,,스왑(미래에셋증권),54.464514116067846,스왑(하나금융투자),41.189817156460165,스왑(키움증권),4.2944673728911615,CSOP CHINET,0.051201354580832886,설정현금액,0,2026-05-07 11:19:49,9월 6일 국내 ETF 1020개 데이터.xlsx / 국내 월배당 ETF 총정리.xlsx / 9월 1주 국내 월배당 ETF 분배금 지급현황.xlsx
485690,485690.KS,RISE 미국AI밸류체인TOP3Plus,K55223EB6860,해외주식,업종섹터,,,미국/테크,,,,Y,Y,1,0.972177329126,-1.837080009608,-0.225352189507,24.330070501285,34.129077539681,21.729978534681,62.836597579438,,0.01,0.12,0.6267,14700,270,1.8711018711018712,584.78392143,14915,2.18694438,0.047351263841,KB운용,KEDI 미국 AI 밸류체인 TOP3 Plus 지수,패시브,배당소득세(보유기간과세),20240723,,,,,,,,,,NVIDIA CORP,15.713017386874,ORACLE CORP,14.10715330630965,MICROSOFT CORP,14.049667300866552,ARISTA NETWORKS INC,5.888270618207377,ALPHABET INC-CL A,5.299446551200438,2026-05-07 11:19:49,9월 6일 국내 ETF 1020개 데이터.xlsx / 국내 월배당 ETF 총정리.xlsx / 9월 1주 국내 월배당 ETF 분배금 지급현황.xlsx
225050,225050.KS,TIGER 유로스탁스레버리지(합성 H),K55301B52695,레버리지/인버스,2X 레버리지,,,레버리지,,,,,,1,0.872823291435,-1.85718112909,3.490772682138,-3.607157986449,-5.681016817438,13.877888872237,13.753036865056,84.610791982536,0.58,0.65,0.6957,12465,80,0.6459426725878078,81.19827499,1203,0.14744621,-0.638512043232,미래에셋운용,EURO STOXX 50 지수,패시브,배당소득세(보유기간과세),20150729,,,,,,,,,,TIGER 유로스탁스50(합성 H),99.60989912715439,설정현금액,0,원화현금,0,유로스탁스50 TRS(미래에셋증권),0.046877124785227035,유로스탁스50 TRS(KB증권),0.14307770502771688,2026-05-07 11:19:49,9월 6일 국내 ETF 1020개 데이터.xlsx / 국내 월배당 ETF 총정리.xlsx / 9월 1주 국내 월배당 ETF 분배금 지급현황.xlsx
0023B0,0023B0.KS,PLUS 미국양자컴퓨팅TOP10,K55213EI2682,해외주식,업종섹터,,,,,,,Y,Y,2,1.310893859963,-1.87401189464,2.68376470659,12.036275700694,,,,,0.45,0.51,0.6428,13375,135,1.0196374622356494,93.7584215,6133,0.81824373,-0.360285913341,한화운용,iSelect 미국양자컴퓨팅 TOP10 (PR),패시브,배당소득세(보유기간과세),20250311,,,,,,,,,,RIGETTI COMPUTING INC,11.983581282121257,ALPHABET INC-CL C,11.933478481215003,NVIDIA CORP,10.952810949213065,INTEL CORP,10.868954781941252,IONQ INC,9.80146001064911,2026-05-07 11:19:49,9월 6일 국내 ETF 1020개 데이터.xlsx / 국내 월배당 ETF 총정리.xlsx / 9월 1주 국내 월배당 ETF 분배금 지급현황.xlsx
453950,453950.KS,TIGER TSMC파운드리밸류체인,K55301E05523,해외주식,전략,,,,,,,Y,Y,2,1.06864607831,-1.888159953773,-1.417244989128,15.624366629951,13.697853196811,8.300132099638,18.141724967571,,0.49,0.64,0.7796,16855,265,1.5973477998794454,184.49382136,4545,0.76283767,-0.069576752283,미래에셋운용,FactSet TSMC 밸류체인 지수(시장가격지수),패시브,배당소득세(보유기간과세),20230404,,,,,,,,,,TAIWAN SEMICONDUCTOR MANUFAC,29.78024788613352,NVIDIA CORP,9.837579938920921,LAM RESEARCH CORP,8.961063473858118,SYNOPSYS INC,8.336598969716507,CADENCE DESIGN SYS INC,7.800716314416753,2026-05-07 11:19:49,9월 6일 국내 ETF 1020개 데이터.xlsx / 국내 월배당 ETF 총정리.xlsx / 9월 1주 국내 월배당 ETF 분배금 지급현황.xlsx
256450,256450.KS,PLUS 심천차이넥스트(합성),K55213BI7197,해외주식,시장대표,,,,,,,Y,Y,1,-4.306636517038,-1.892859414849,19.717592783937,40.373855859876,21.695838290774,23.519303661697,80.405299674945,-0.2525019193,0.5,0.62,0.62,12530,620,5.205709487825357,59.37398004,6909,0.82662342,-0.236034622959,한화운용,SZSE ChiNext Price Index,패시브,배당소득세(보유기간과세),20161108,,,,,,,,,,스왑(미래에셋증권_231030),71.31363076230296,스왑(NH투자증권_231030),28.68636923769704,설정현금액,0,원화현금,0,,,2026-05-07 11:19:49,9월 6일 국내 ETF 1020개 데이터.xlsx / 국내 월배당 ETF 총정리.xlsx / 9월 1주 국내 월배당 ETF 분배금 지급현황.xlsx
418670,418670.KS,TIGER 글로벌AI사이버보안,K55301DQ2231,해외주식,업종섹터,,,미국/테크,,,,Y,Y,2,-0.268934158965,-1.92793159048,-2.033488802108,-3.322224275597,-5.334825246291,-1.275177249972,17.431260555771,34.572103271091,0.49,0.56,0.6911,14390,140,0.9824561403508771,302.75685225,7140,1.02892676,0.241906228705,미래에셋운용,Indxx Cybersecurity 지수 (총수익),패시브,배당소득세(보유기간과세),20220222,,,,,,,,,,ZSCALER INC,6.915160430009953,PALO ALTO NETWORKS INC,5.966889539163629,VARONIS SYSTEMS INC,5.649420914508019,CYBERARK SOFTWARE LTD/ISRAEL,5.629571041908785,CROWDSTRIKE HOLDINGS INC - A,5.553769469805171,2026-05-07 11:19:49,9월 6일 국내 ETF 1020개 데이터.xlsx / 국내 월배당 ETF 총정리.xlsx / 9월 1주 국내 월배당 ETF 분배금 지급현황.xlsx
305540,305540.KS,TIGER 2차전지테마,K55301CC8524,국내주식,업종섹터,국내주식테마/섹터,2차전지,,,,,Y,Y,1,-1.327005977589,-1.945367981905,-6.928954481311,16.477001228325,-2.588819692295,-0.894234112332,-27.962872691393,-23.095348737855,0.5,0.55,0.6049,14515,-180,-1.2249064307587614,9145.37262305,438410,63.93722953,0.03213658033,미래에셋운용,WISE 2차전지 테마 지수,패시브,비과세,20180912,,,,,,,,,,LG에너지솔루션,16.497110308286707,LG화학,14.391632461847376,SK이노베이션,12.552816688304862,POSCO홀딩스,12.496906749244447,삼성SDI,9.95895789513629,2026-05-07 11:19:49,9월 6일 국내 ETF 1020개 데이터.xlsx / 국내 월배당 ETF 총정리.xlsx / 9월 1주 국내 월배당 ETF 분배금 지급현황.xlsx
482030,482030.KS,KoAct 테크핵심소재공급망액티브,K553N9E96812,국내주식,업종섹터,,,미국/테크,,,,Y,Y,2,-0.319906559667,-1.994396681568,-3.635539400075,7.441269860958,1.339239362348,18.279821328905,-5.27224461006,,0.5,0.58,1.3208,6930,-40,-0.5738880918220947,31.1840624,2975,0.20628765,-0.187112933152,삼성액티브자산운용,iSelect 테크핵심소재공급망,액티브,배당소득세(보유기간과세),20240514,,,,,,,,,,에스앤에스텍,7.9568896108498635,에코프로비엠,6.567628266808854,LG화학,5.88791030740294,엘앤에프,5.815696802154464,솔브레인,5.228878659464349,2026-05-07 11:19:49,9월 6일 국내 ETF 1020개 데이터.xlsx / 국내 월배당 ETF 총정리.xlsx / 9월 1주 국내 월배당 ETF 분배금 지급현황.xlsx
456600,456600.KS,TIMEFOLIO 글로벌AI인공지능액티브,K553J1E23876,해외주식,업종섹터,해외주식테마/섹터,AI&로봇,미국/테크,,,,Y,Y,2,0.243169097388,-2.029104156653,-2.218933421408,16.819336585264,29.636975540524,18.435722242524,71.592902561406,,0.8,0.86,1.3027,31315,240,0.7723250201126307,6927.7497524,125511,39.17611672,0.157366404499,타임폴리오자산운용,Solactive Global Artificial Intelligence 지수,액티브,배당소득세(보유기간과세),20230516,,,,,,,,,,NVIDIA CORP,6.940293145495765,ALPHABET INC-CL C,5.901382329523068,NUSCALE POWER CORP,5.745427100646543,REDDIT INC-CL A,3.8827865276241575,두산에너빌리티,3.5976136074247824,2026-05-07 11:19:49,9월 6일 국내 ETF 1020개 데이터.xlsx / 국내 월배당 ETF 총정리.xlsx / 9월 1주 국내 월배당 ETF 분배금 지급현황.xlsx
423170,423170.KS,SOL 한국형글로벌반도체액티브,K55210DS2478,해외주식,업종섹터,해외주식테마/섹터,글로벌 및 미국 반도체,,,,,Y,Y,2,1.142550231914,-2.050785433968,1.041271120785,15.561610657093,19.963917562046,15.261964735106,28.754835000387,140.63866749928,0.55,0.68,0.7545,21410,425,2.025256135334763,518.76072398,8038,1.7124202,0.074160627733,신한자산운용,S&P Global Semiconductor Korea Tilted Index(PR),액티브,배당소득세(보유기간과세),20220412,,,,,,,,,,BROADCOM INC,9.12593610943287,SK하이닉스,9.109433481467816,삼성전자,8.88574818767199,NVIDIA,8.791458689042013,Taiwan Semiconductor Manufact,8.278044232175223,2026-05-07 11:19:49,9월 6일 국내 ETF 1020개 데이터.xlsx / 국내 월배당 ETF 총정리.xlsx / 9월 1주 국내 월배당 ETF 분배금 지급현황.xlsx
488080,488080.KS,TIGER 반도체TOP10레버리지,K55301EC6161,레버리지/인버스,2X 레버리지,,,레버리지,,,,,,1,1.601941747573,-2.064615319172,-1.673690584594,22.982122451004,28.818273920976,44.07158836689,14.193701529446,,0.49,0.55,2.2784,6400,140,2.236421725239617,222.40214976,206534,13.32168145,-0.563894484856,미래에셋운용,FnGuide 반도체TOP10 지수,패시브,배당소득세(보유기간과세),20240723,,,,,,,,,,SK하이닉스,20.893985879595967,삼성전자,17.456467885995195,TIGER Fn반도체TOP10,10.408163429452129,한미반도체,7.373143803603583,SK하이닉스선물2509,4.656513230460549,2026-05-07 11:19:49,9월 6일 국내 ETF 1020개 데이터.xlsx / 국내 월배당 ETF 총정리.xlsx / 9월 1주 국내 월배당 ETF 분배금 지급현황.xlsx
387280,387280.KS,TIGER 퓨처모빌리티액티브,K55301DH5144,국내주식,업종섹터,,,,,,,Y,Y,1,0.185899743499,-2.067763480867,-4.934871544549,8.496252279971,1.499609717004,2.317315092856,-8.89993248675,-22.275763993182,0.77,0.83,1.2628,7090,0,0,111.85587107,3736,0.26585565,-0.38311891281,미래에셋운용,FnGuide 퓨처모빌리티 지수,액티브,배당소득세(보유기간과세),20210525,,,,,,,,,,삼성SDI,8.746840721946329,LG에너지솔루션,7.8251306243648875,포스코퓨처엠,7.346928197320366,HD한국조선해양,6.467994365794481,엘앤에프,6.320576484730057,2026-05-07 11:19:49,9월 6일 국내 ETF 1020개 데이터.xlsx / 국내 월배당 ETF 총정리.xlsx / 9월 1주 국내 월배당 ETF 분배금 지급현황.xlsx
465330,465330.KS,RISE 2차전지TOP10,K55223E57140,국내주식,업종섹터,국내주식테마/섹터,2차전지,,,,,Y,Y,2,-1.307971289261,-2.106045956241,-6.74577860171,12.799645306929,-6.71253746863,-3.899354205104,-30.417187991645,,0.07,0.15,0.1745,7925,-100,-1.2461059190031152,472.29859835,150908,12.00692737,-0.076720787532,KB운용,iSelect 2차전지 TOP10 지수(시장가격지수),패시브,비과세,20230912,,,,,,,,,,POSCO홀딩스,15.456631278815516,LG에너지솔루션,15.03483940412953,삼성SDI,14.796731087774535,SK이노베이션,14.101656377195825,에코프로비엠,11.229188199301449,2026-05-07 11:19:49,9월 6일 국내 ETF 1020개 데이터.xlsx / 국내 월배당 ETF 총정리.xlsx / 9월 1주 국내 월배당 ETF 분배금 지급현황.xlsx
466950,466950.KS,TIGER 글로벌AI액티브,K55301E58613,해외주식,업종섹터,해외주식테마/섹터,AI&로봇,미국/테크,,,,Y,Y,2,0.349029851509,-2.136475103411,-1.805057024019,17.327863680371,20.84837097708,9.523138651531,47.576536425717,,0.79,0.86,1.223,19900,240,1.2207527975584944,2831.5875679,72729,14.43735565,0.048093807854,미래에셋운용,Indxx Artificial Intelligence and Big Data 지수(Net Total Return),액티브,배당소득세(보유기간과세),20231011,,,,,,,,,,NVIDIA CORP,8.92409481058049,BROADCOM INC,5.0575620168908095,GE VERNOVA INC,4.607766239397783,PALANTIR TECHNOLOGIES INC-A,4.0481913186497485,NUSCALE POWER CORP,3.6154945203915916,2026-05-07 11:19:49,9월 6일 국내 ETF 1020개 데이터.xlsx / 국내 월배당 ETF 총정리.xlsx / 9월 1주 국내 월배당 ETF 분배금 지급현황.xlsx
0018Z0,0018Z0.KS,RISE 미국양자컴퓨팅,K55223EI0494,해외주식,업종섹터,,,,,,,Y,Y,2,1.098075495716,-2.138643445468,1.975203977781,11.955839394518,,,,,0.4,0.49,0.6169,13365,115,0.8679245283018868,93.62987663,4936,0.65870807,-0.25882009845,KB운용,Solactive US Quantum Computing Technology Index PR,패시브,배당소득세(보유기간과세),20250311,,,,,,,,,,ALPHABET INC-CL A,9.972631777913618,HONEYWELL INTERNATIONAL INC,7.447000006664094,IONQ INC,7.361887713652366,MICROSOFT CORP,7.24744310832727,APPLE INC,7.0914736250308215,2026-05-07 11:19:49,9월 6일 국내 ETF 1020개 데이터.xlsx / 국내 월배당 ETF 총정리.xlsx / 9월 1주 국내 월배당 ETF 분배금 지급현황.xlsx
412570,412570.KS,TIGER 2차전지TOP10레버리지,K55301DN9130,레버리지/인버스,2X 레버리지,,,레버리지,,,,,,1,-2.860702256343,-2.154615506227,-14.477799894735,28.106364854379,-17.121351694352,-19.535705004194,-60.593355171481,-84.328942589279,0.29,0.34,1.1854,1050,-30,-2.7777777777777777,999.49351329,2466996,26.15026608,-0.209767983249,미래에셋운용,KRX 2차전지 K-뉴딜지수,패시브,배당소득세(보유기간과세),20211215,,,,,,,,,,섹터지수 2차전지 TOP 10 F 202509,56.01196303823036,LG에너지솔루션,10.140363562927313,TIGER 2차전지TOP10,8.97000009645507,POSCO홀딩스,8.469407596717527,SK이노베이션,7.139352741740056,2026-05-07 11:19:49,9월 6일 국내 ETF 1020개 데이터.xlsx / 국내 월배당 ETF 총정리.xlsx / 9월 1주 국내 월배당 ETF 분배금 지급현황.xlsx
440910,440910.KS,WON 미국우주항공방산,K55107DW3997,해외주식,업종섹터,,,,,,,Y,Y,2,0.221878212387,-2.167451177488,-0.633018751593,13.273052878838,28.883296862112,23.641265242301,48.26127346507,116.525221721932,0.35,0.58,0.7284,20740,145,0.7040543821315853,288.67998942,13954,2.88866346,0.07301827975,우리운용,S&P Aerospace & Defense Select Industry Index(PR),패시브,배당소득세(보유기간과세),20220826,,,,,,,,,,KRATOS DEFENSE & SECURITY,5.303330147308884,ROCKET LAB CORP,5.06862451791537,AEROVIRONMENT INC,4.179917669415991,HUNTINGTON INGALLS INDUSTRIES,3.795414260346456,NORTHROP GRUMMAN CORP,3.787583434925821,2026-05-07 11:19:49,9월 6일 국내 ETF 1020개 데이터.xlsx / 국내 월배당 ETF 총정리.xlsx / 9월 1주 국내 월배당 ETF 분배금 지급현황.xlsx
305720,305720.KS,KODEX 2차전지산업,K55105CD4207,국내주식,업종섹터,국내주식테마/섹터,2차전지,,,,,Y,Y,1,-1.314472913174,-2.168564352631,-6.877508223083,14.681995840182,-5.636703462215,-1.736787187497,-30.319871101881,-39.194242346831,0.45,0.55,0.6329,11665,-120,-1.0182435299109036,11209.69862669,2122284,248.17345952,-0.116120714081,삼성운용,FnGuide 2차전지 산업 지수,패시브,비과세,20180912,,,,,,,,,,POSCO홀딩스,16.66308134120636,LG에너지솔루션,14.991118199965381,LG화학,14.823930376842966,삼성SDI,12.637794628736684,에코프로,7.095658393756363,2026-05-07 11:19:49,9월 6일 국내 ETF 1020개 데이터.xlsx / 국내 월배당 ETF 총정리.xlsx / 9월 1주 국내 월배당 ETF 분배금 지급현황.xlsx
463300,463300.KS,RISE 중국본토CSI300,K55223E45640,해외주식,시장대표,해외시장지수(환노출),중국본토 CSI300&A50,,,,,Y,Y,2,-2.264793143495,-2.173242473152,8.061052836875,17.644951206384,10.814826227602,8.703545435907,40.712274401372,,0.05,0.29,0.4285,12245,210,1.7449106771915248,338.32834257,4959,0.60410732,-0.579929267654,KB운용,CSI 300 Index,패시브,배당소득세(보유기간과세),20230808,,,,,,,,,,KWEICHOW MOUTAI CO LTD-A,4.008039533151903,CONTEMPORARY AMPEREX TECHN-A,3.546371082831018,PING AN INSURANCE GROUP CO-A,2.6975062708338298,CHINA MERCHANTS BANK-A,2.3025491937294116,ZIJIN MINING GROUP CO LTD-A,1.7812848974763364,2026-05-07 11:19:49,9월 6일 국내 ETF 1020개 데이터.xlsx / 국내 월배당 ETF 총정리.xlsx / 9월 1주 국내 월배당 ETF 분배금 지급현황.xlsx
283580,283580.KS,KODEX 차이나CSI300,K55105BZ2610,해외주식,시장대표,해외시장지수(환노출),중국본토 CSI300&A50,,,,,Y,Y,2,-2.187379317761,-2.179109444499,8.268814129294,17.806749590675,11.162857551334,9.348813119762,41.359946983825,11.798328240339,0.12,0.21,0.2686,14050,330,2.4052478134110786,1729.94103548,126028,17.46642331,-0.02016696503,삼성운용,CSI300 Index(KRW),패시브,배당소득세(해외주식투자전용ETF),20171213,,,,,,,,,,CHINAAMC CSI 300 IDX ETF-HKD,13.925905873186556,CSI300 index futures 2025 09,10.160560675663596,KWEICHOW MOUTAI CO LTD-A,2.9981124806730115,CONTEMPORARY AMPEREX TECHN-A,2.6266272753771442,PING AN INSURANCE GROUP CO-A,2.0012076769220064,2026-05-07 11:19:49,9월 6일 국내 ETF 1020개 데이터.xlsx / 국내 월배당 ETF 총정리.xlsx / 9월 1주 국내 월배당 ETF 분배금 지급현황.xlsx
0050E0,0050E0.KS,PLUS 미국AI에이전트,K55213EJ2715,해외주식,업종섹터,,,미국/테크,,,,Y,Y,2,-0.75585307068,-2.179419646886,-1.935236836929,-3.257086284871,,,,,0.45,0.48,0.5571,9355,60,0.6455083378160301,69.91769023,1278,0.11890195,-0.173617833648,한화운용,Solactive US AI Agents Index(PR),패시브,배당소득세(보유기간과세),20250520,,,,,,,,,,SERVICENOW INC,12.405323059877054,SALESFORCE INC,12.037173412947219,INTL BUSINESS MACHINES CORP,10.644956116298454,ACCENTURE PLC-CL A,9.723599352518798,ADOBE INC,9.56319021575766,2026-05-07 11:19:49,9월 6일 국내 ETF 1020개 데이터.xlsx / 국내 월배당 ETF 총정리.xlsx / 9월 1주 국내 월배당 ETF 분배금 지급현황.xlsx
422420,422420.KS,RISE 2차전지액티브,K55223DS8611,국내주식,업종섹터,국내주식테마/섹터,2차전지,,,,,Y,Y,2,-0.64793035894,-2.191259482092,-7.056242534106,8.763625959992,-12.807175799124,-8.989260511345,-32.797106057357,-39.173868923887,0.35,0.42,0.456,5670,-20,-0.351493848857645,1155.51427362,137189,7.78880725,0.042962080768,KB운용,iSelect 2차전지 지수 (시장가격지수),액티브,배당소득세(보유기간과세),20220408,,,,,,,,,,에코프로,10.24131858519124,LG에너지솔루션,10.019221694041274,포스코퓨처엠,9.710385469780505,삼성SDI,9.696020994233491,POSCO홀딩스,9.15274916264776,2026-05-07 11:19:49,9월 6일 국내 ETF 1020개 데이터.xlsx / 국내 월배당 ETF 총정리.xlsx / 9월 1주 국내 월배당 ETF 분배금 지급현황.xlsx
251340,251340.KS,KODEX 코스닥150선물인버스,K55105BF4255,레버리지/인버스,1X 인버스,,,인버스,,,,,,1,-0.976205003051,-2.196931871008,-1.471438482886,-10.662423854808,-8.09590836286,-18.325924683385,-13.596020899405,-32.672629724156,0.64,0.68,0.9793,3395,-35,-1.0204081632653061,2549.40934457,21966202,748.11252756,-0.518329133317,삼성운용,F-코스닥150,패시브,배당소득세(보유기간과세),20160810,,,,,,,,,,설정현금액,0,원화현금,0,2025-09 코스닥150선물,100,,,,,2026-05-07 11:19:49,9월 6일 국내 ETF 1020개 데이터.xlsx / 국내 월배당 ETF 총정리.xlsx / 9월 1주 국내 월배당 ETF 분배금 지급현황.xlsx
168580,168580.KS,ACE 중국본토CSI300,KR5101AD5756,해외주식,시장대표,해외시장지수(환노출),중국본토 CSI300&A50,,,,,Y,Y,2,-2.138640678014,-2.205346802928,8.523160589612,18.148637072421,10.862107673889,9.293147938791,42.004651865359,10.260526965421,0.7,0.88,0.916,31960,770,2.4687399807630652,1162.00537745,4477,1.41634327,-0.4786031674,한국투자신탁운용,CSI 300,패시브,배당소득세(해외주식투자전용ETF),20121129,,,,,,,,,,KWEICHOW MOUTAI CO LTD-A,3.9760100489708514,CONTEMPORARY AMPEREX TECHN-A,3.5069690922030166,PING AN INSURANCE GROUP CO-A,2.6692575134703516,CHINA MERCHANTS BANK-A,2.279467583080721,ZIJIN MINING GROUP CO LTD-A,1.7629106419802596,2026-05-07 11:19:49,9월 6일 국내 ETF 1020개 데이터.xlsx / 국내 월배당 ETF 총정리.xlsx / 9월 1주 국내 월배당 ETF 분배금 지급현황.xlsx
250780,250780.KS,TIGER 코스닥150선물인버스,K55301BF1170,레버리지/인버스,1X 인버스,,,인버스,,,,,,1,-0.979989589957,-2.208393781193,-1.431474594416,-10.607599232479,-8.138305863142,-18.366378765693,-14.051895506169,-33.887503089024,0.32,0.36,0.5446,3430,-35,-1.0101010101010102,195.1855838,829065,28.44192313,0.062568781302,미래에셋운용,코스닥 150 선물지수,패시브,배당소득세(보유기간과세),20160810,,,,,,,,,,설정현금액,0,원화현금,0,코스닥150선물2025년09월물,100,,,,,2026-05-07 11:19:49,9월 6일 국내 ETF 1020개 데이터.xlsx / 국내 월배당 ETF 총정리.xlsx / 9월 1주 국내 월배당 ETF 분배금 지급현황.xlsx
192090,192090.KS,TIGER 차이나CSI300,KR5301AL9756,해외주식,시장대표,해외시장지수(환노출),중국본토 CSI300&A50,,,,,Y,Y,2,-2.206735152112,-2.210611209376,8.206583763468,17.803586646652,10.761099015345,8.662949232724,40.296949521166,10.216891223693,0.63,0.91,1.0124,11555,255,2.256637168141593,1855.60789593,108052,12.33504062,-0.007876167375,미래에셋운용,CSI 300 Index,패시브,배당소득세(해외주식투자전용ETF),20140217,,,,,,,,,,KWEICHOW MOUTAI CO LTD-A,3.9418331279627066,CONTEMPORARY AMPEREX TECHN-A,3.4830562852923657,PING AN INSURANCE GROUP CO-A,2.65114133643833,CHINA MERCHANTS BANK-A,2.2620986603977813,ZIJIN MINING GROUP CO LTD-A,1.7488349838735993,2026-05-07 11:19:49,9월 6일 국내 ETF 1020개 데이터.xlsx / 국내 월배당 ETF 총정리.xlsx / 9월 1주 국내 월배당 ETF 분배금 지급현황.xlsx
301410,301410.KS,PLUS 코스닥150선물인버스,K55213C86276,레버리지/인버스,1X 인버스,,,인버스,,,,,,1,-0.995739118266,-2.212731155432,-1.582783160419,-10.845532075727,-8.60758418615,-18.834676849072,-14.675652906463,-35.205112058302,0.29,0.81,0.9929,5165,-45,-0.8637236084452975,15.49583648,78,0.00403355,-0.304022356008,한화운용,F-코스닥150 지수,패시브,배당소득세(보유기간과세),20180711,,,,,,,,,,KODEX 코스닥150선물인버스,11.54484726065093,TIGER 코스닥150선물인버스,1.9805250466209308,설정현금액,0,원화현금,0,코스닥150선물2025년09월물,86.47462769272813,2026-05-07 11:19:49,9월 6일 국내 ETF 1020개 데이터.xlsx / 국내 월배당 ETF 총정리.xlsx / 9월 1주 국내 월배당 ETF 분배금 지급현황.xlsx
291620,291620.KS,KIWOOM 코스닥150선물인버스,K55206C29080,레버리지/인버스,1X 인버스,,,인버스,,,,,,1,-0.982743578265,-2.212788478139,-1.461220030112,-10.657471684595,-8.203348651784,-18.545792262182,-14.080369737654,-34.071938689482,0.09,0.29,0.4457,6070,-45,-0.7358953393295176,31.51441869,1357,0.0824566,0.016443441401,키움투자운용,F-코스닥150 지수,패시브,배당소득세(보유기간과세),20180316,,,,,,,,,,설정현금액,0,원화현금,0,코스닥150선물2025년09월물,100,,,,,2026-05-07 11:19:49,9월 6일 국내 ETF 1020개 데이터.xlsx / 국내 월배당 ETF 총정리.xlsx / 9월 1주 국내 월배당 ETF 분배금 지급현황.xlsx
275750,275750.KS,RISE 코스닥150선물인버스,K55223BT0197,레버리지/인버스,1X 인버스,,,인버스,,,,,,1,-0.983443766296,-2.232498666865,-1.544613341417,-10.881631970396,-8.708699865612,-19.011893565885,-14.903678195339,-35.738298666204,0.6,0.72,0.872,3410,-40,-1.1594202898550725,20.46091387,613,0.02099777,0.075282387473,KB운용,코스닥 150 선물지수,패시브,배당소득세(보유기간과세),20170801,,,,,,,,,,설정현금액,0,원화현금,0,코스닥150선물2025년09월물,100,,,,,2026-05-07 11:19:49,9월 6일 국내 ETF 1020개 데이터.xlsx / 국내 월배당 ETF 총정리.xlsx / 9월 1주 국내 월배당 ETF 분배금 지급현황.xlsx
473490,473490.KS,KIWOOM 글로벌AI반도체,K55206E80451,해외주식,업종섹터,해외주식테마/섹터,글로벌 및 미국 반도체,미국/테크,,,,Y,Y,2,0.740301224913,-2.252148045022,-3.858879233516,25.462698941114,34.137939575319,17.061164347837,40.462010114512,,0.4,0.53,0.721,18665,180,0.9737625101433595,260.27774272,7065,1.31382242,-0.039387422751,키움투자운용,Solactive Global AI Semiconductor Index (Price Return),패시브,배당소득세(보유기간과세),20231221,,,,,,,,,,TAIWAN SEMICONDUCTOR-SP ADR,20.43760267055564,ADVANCED MICRO DEVICES,20.31180790327054,NVIDIA CORP,19.43352106943335,SYNOPSYS INC,16.92646603051721,CADENCE DESIGN SYS INC,14.65461350143658,2026-05-07 11:19:49,9월 6일 국내 ETF 1020개 데이터.xlsx / 국내 월배당 ETF 총정리.xlsx / 9월 1주 국내 월배당 ETF 분배금 지급현황.xlsx
429980,429980.KS,SOL 한국형글로벌전기차&2차전지액티브,K55210DU0411,해외주식,업종섹터,해외주식테마/섹터,글로벌 전기차 및 2차전지,,,,,Y,Y,2,-0.129525300005,-2.253612032749,3.689216703014,13.267255161836,12.686628278241,7.08589162111,23.963505512289,27.591235978828,0.55,1.23,1.3031,12660,130,1.037509976057462,63.30318307,1677,0.21153225,-0.373304531414,신한자산운용,FactSet Global Electric Vehicle and Rechargeable Battery Korea-Tilted Index(PR),액티브,배당소득세(보유기간과세),20220614,,,,,,,,,,Tesla Inc,9.363150662142067,BYD COMPANY LTD,8.60043313990093,NVIDIA,6.183515252340197,POWERSHARES QQQ NASDAQ 100,4.148399014910166,현대모비스,4.0664903204485565,2026-05-07 11:19:49,9월 6일 국내 ETF 1020개 데이터.xlsx / 국내 월배당 ETF 총정리.xlsx / 9월 1주 국내 월배당 ETF 분배금 지급현황.xlsx
0005D0,0005D0.KS,SOL 전고체배터리&실리콘음극재,K55210EG4402,국내주식,업종섹터,,,,,,,Y,Y,2,-0.381046429149,-2.254335423867,-6.642156619545,5.37470857074,-13.863446088314,,,,0.45,0.49,0.5122,10340,-65,-0.624699663623258,269.10562217,118458,12.24844282,0.023767567174,신한자산운용,FnGuide 전고체배터리&실리콘음극재 지수,패시브,비과세,20250107,,,,,,,,,,삼성SDI,22.024174318926292,이수스페셜티케미컬,20.30699615210027,대주전자재료,12.368572249657783,나노신소재,10.243202131399155,롯데에너지머티리얼즈,9.172769028862549,2026-05-07 11:19:49,9월 6일 국내 ETF 1020개 데이터.xlsx / 국내 월배당 ETF 총정리.xlsx / 9월 1주 국내 월배당 ETF 분배금 지급현황.xlsx
464310,464310.KS,TIGER 글로벌AI&로보틱스 INDXX,K55301E40645,해외주식,업종섹터,해외주식테마/섹터,AI&로봇,미국/테크,,,,Y,Y,2,0.049961403862,-2.333860258773,-1.800457582224,8.563281893553,1.298056390929,-2.659654205401,14.308285446445,,0.49,0.56,0.6332,13165,65,0.4961832061068702,878.81721773,32497,4.26792135,0.040487783073,미래에셋운용,Indxx Global Robotics & Artificial Intelligence Thematic Index(Net Total Return),패시브,배당소득세(보유기간과세),20230817,,,,,,,,,,NVIDIA CORP,11.663003983432333,ABB LTD-REG,9.083286132893857,FANUC CORP,7.177881506235769,KEYENCE CORP,7.1262622033283005,INTUITIVE SURGICAL INC,6.190899999715754,2026-05-07 11:19:49,9월 6일 국내 ETF 1020개 데이터.xlsx / 국내 월배당 ETF 총정리.xlsx / 9월 1주 국내 월배당 ETF 분배금 지급현황.xlsx
276990,276990.KS,KODEX 글로벌로봇(합성),K55105BT6494,해외주식,업종섹터,해외주식테마/섹터,AI&로봇,미국/테크,,,,Y,Y,2,0.37976341176,-2.349802928471,0.126020421543,12.742258346133,8.630253097762,5.024348193438,22.568672200175,36.315460821686,0.3,0.52,0.5226,20240,130,0.6464445549477872,243.84963822,2960,0.59847,-0.344428055609,삼성운용,ROBO Global Robotics & Automation UCITS Price Return Index,패시브,배당소득세(보유기간과세),20170817,,,,,,,,,,스왑(미래에셋증권),100,설정현금액,0,원화현금,0,,,,,2026-05-07 11:19:49,9월 6일 국내 ETF 1020개 데이터.xlsx / 국내 월배당 ETF 총정리.xlsx / 9월 1주 국내 월배당 ETF 분배금 지급현황.xlsx
394660,394660.KS,TIGER 글로벌자율주행&전기차SOLACTIVE,K55301DJ6538,해외주식,업종섹터,해외주식테마/섹터,글로벌 전기차 및 2차전지,,,,,Y,Y,2,0.400620890864,-2.353242154927,6.602336619359,17.786771701879,11.627407193318,4.926219567044,24.897806419873,16.750564613912,0.49,0.56,0.5984,11925,105,0.8883248730964467,2771.63406689,21587,2.57774037,-0.651698465689,미래에셋운용,Solactive Autonomous & Electric Vehicles 지수(Net Total Return),패시브,배당소득세(보유기간과세),20210720,,,,,,,,,,ALPHABET INC-CL A,3.6079504481081086,TESLA INC,3.056592841371792,NVIDIA CORP,2.870233218324369,MICROSOFT CORP,2.833728736035215,TOYOTA MOTOR CORP,2.64089576562799,2026-05-07 11:19:49,9월 6일 국내 ETF 1020개 데이터.xlsx / 국내 월배당 ETF 총정리.xlsx / 9월 1주 국내 월배당 ETF 분배금 지급현황.xlsx
481180,481180.KS,SOL 미국AI소프트웨어,K55210EA9985,해외주식,업종섹터,해외주식테마/섹터,AI&로봇,미국/테크,,,,Y,Y,2,-0.350827377773,-2.41208146732,-2.733796528977,5.03988197886,10.553786983583,8.445812009729,38.888092190779,,0.45,0.55,0.8345,14355,60,0.4197271773347324,3014.0400894,147253,21.10273157,0.006707344507,신한자산운용,KEDI 미국AI소프트웨어지수(PR),패시브,배당소득세(보유기간과세),20240514,,,,,,,,,,Palantir Technologies Inc,10.948062039442753,MICROSOFT,10.320263541562428,ORACLE,10.240137438693301,salesforce Inc,7.79171313785882,AppLovin Corp,7.41400222659271,2026-05-07 11:19:49,9월 6일 국내 ETF 1020개 데이터.xlsx / 국내 월배당 ETF 총정리.xlsx / 9월 1주 국내 월배당 ETF 분배금 지급현황.xlsx
475300,475300.KS,SOL 반도체전공정,K55210E84638,국내주식,업종섹터,,,,,,,Y,Y,2,0.145273742087,-2.423382557339,3.781644531611,14.889626728637,18.016315354885,30.443679039599,17.672069010489,,0.45,0.52,0.5384,8865,-5,-0.05636978579481398,199.3100582,62966,5.60634105,-0.080013091492,신한자산운용,FnGuide 반도체 전공정 지수(PR),패시브,비과세,20240214,,,,,,,,,,한솔케미칼,16.821257869475215,HPSP,14.988451095394032,원익IPS,14.11619003625391,파크시스템스,13.777328732838303,주성엔지니어링,10.738413180165304,2026-05-07 11:19:49,9월 6일 국내 ETF 1020개 데이터.xlsx / 국내 월배당 ETF 총정리.xlsx / 9월 1주 국내 월배당 ETF 분배금 지급현황.xlsx
457480,457480.KS,ACE 테슬라밸류체인액티브,K55101E19387,해외주식,업종섹터,,,,,,,Y,Y,2,0.940155140308,-2.497409601917,6.450979678033,7.900300441842,18.758141750859,-11.902256348153,48.826267170378,,0.29,0.37,0.4676,15915,150,0.9514747859181731,9042.26931536,790465,125.39042868,-0.1171580721,한국투자신탁운용,Bloomberg EV Supporters Plus Tesla Price Return Index,액티브,배당소득세(보유기간과세),20230516,,,,,,,,,,DIREXION DAILY TSLA BULL 2X,19.476922550974507,TESLA INC,16.861995000829694,T-REX 2X LNG TESLA DLY TRGT,5.546119060154366,GRANITESH 2X LNG TSLA ETF,4.844700037941886,CONTEMPORARY AMPEREX TECHN-A,4.5657562384382055,2026-05-07 11:19:49,9월 6일 국내 ETF 1020개 데이터.xlsx / 국내 월배당 ETF 총정리.xlsx / 9월 1주 국내 월배당 ETF 분배금 지급현황.xlsx
464060,464060.KS,HANARO 글로벌반도체TOP10 SOLACTIVE,K55232E43232,해외주식,업종섹터,해외주식테마/섹터,글로벌 및 미국 반도체,,,,,Y,Y,2,0.945710010015,-2.51906535349,0.475929904686,16.248996940804,21.455978142963,11.857697956778,35.289848472167,,0.45,0.7,0.7509,19445,205,1.0654885654885655,67.99378254,1435,0.27945742,-0.613571339146,NH-Amundi운용,Solactive Semiconductor Top 10 Index PR,패시브,배당소득세(보유기간과세),20230801,,,,,,,,,,BROADCOM INC,16.300511842136533,NVIDIA CORP,15.688160521365916,TAIWAN SEMICONDUCTOR-SP ADR,14.954263072985583,ASML HOLDING NV-NY REG SHS,11.796567442415332,ADVANCED MICRO DEVICES,10.859153634231252,2026-05-07 11:19:49,9월 6일 국내 ETF 1020개 데이터.xlsx / 국내 월배당 ETF 총정리.xlsx / 9월 1주 국내 월배당 ETF 분배금 지급현황.xlsx
0041D0,0041D0.KS,KODEX 미국AI소프트웨어TOP10,K55105EH7642,해외주식,업종섹터,,,미국/테크,,,,Y,Y,2,-0.367700403544,-2.525536108954,1.226868948123,11.457919833373,,,,,0.45,0.48,0.6081,13895,75,0.5426917510853835,513.02325447,38902,5.39725014,0.082635149082,삼성운용,iSelect 미국AI소프트웨어 TOP10 지수 (Price Return),패시브,배당소득세(보유기간과세),20250422,,,,,,,,,,Palantir Technologies Inc -A,17.261851258723365,ORACLE,16.433810720999077,MICROSOFT,13.870474472003156,AppLovin Corp,11.690700710544274,SALESFORCE INC,9.106386568752644,2026-05-07 11:19:49,9월 6일 국내 ETF 1020개 데이터.xlsx / 국내 월배당 ETF 총정리.xlsx / 9월 1주 국내 월배당 ETF 분배금 지급현황.xlsx
438320,438320.KS,TIGER 차이나항셍테크레버리지(합성 H),K55301DV8900,레버리지/인버스,2X 레버리지,,,"미국/테크, 레버리지",,,,,,1,-3.762048610732,-2.526079760001,2.722601373938,11.273806188501,-10.526321012538,34.177961195634,100.493681104689,-7.109490103751,0.58,0.69,0.8543,9295,255,2.8207964601769913,330.88223957,53419,4.89908522,-0.040077878769,미래에셋운용,Hang Seng TECH Index,패시브,배당소득세(보유기간과세),20220823,,,,,,,,,,차이나항셍테크(메리츠증권) TRS 230224-02,34.68155086466782,차이나항셍테크 TRS(한국투자증권),19.962334284593055,차이나항셍테크 TRS(삼성증권),12.939434662587443,China Hang Seng TECH INDEX (LEVERAGE) TR,10.486235409036592,차이나항셍테크(미래에셋증권) TRS 230224-,7.455804749826554,2026-05-07 11:19:49,9월 6일 국내 ETF 1020개 데이터.xlsx / 국내 월배당 ETF 총정리.xlsx / 9월 1주 국내 월배당 ETF 분배금 지급현황.xlsx
390400,390400.KS,KODEX 미국스마트모빌리티S&P,K55105DJ2279,해외주식,업종섹터,,,,,,,Y,Y,1,0.412050275583,-2.526329401496,7.070151084711,19.009523331085,18.836609761385,9.735785505012,30.281354034705,-6.42610675522,0.09,0.27,0.3515,6590,105,1.6191210485736314,91.89127769,2648,0.1735932,-0.533376183065,삼성운용,S&P Kensho Smart Transportation Index,패시브,배당소득세(보유기간과세),20210630,,,,,,,,,,SPDR TRUST S&P KENSHO SMART MOBIL,4.258410119331013,NIO inc,2.2998034690334506,AMBARELLA INC,1.995351467108576,VISTEON CORP,1.833462226748967,OUSTER INC,1.8331258306469973,2026-05-07 11:19:49,9월 6일 국내 ETF 1020개 데이터.xlsx / 국내 월배당 ETF 총정리.xlsx / 9월 1주 국내 월배당 ETF 분배금 지급현황.xlsx
0020H0,0020H0.KS,KoAct 글로벌양자컴퓨팅액티브,K553N9EH9532,해외주식,업종섹터,,,,,,,Y,Y,2,1.174285923353,-2.541737751987,-2.582026467317,10.386169804573,,,,,0.5,0.57,0.9977,13565,110,0.8175399479747306,88.07560456,5569,0.752061,-0.248577173432,삼성액티브자산운용,FactSet 글로벌양자컴퓨팅 PR 지수,액티브,배당소득세(보유기간과세),20250311,,,,,,,,,,D-Wave Quantum Inc,11.529616695001195,Rigetti Computing Inc,10.21833327988717,IonQ Inc,9.599149342282523,NVIDIA Corp,8.426270071496452,ALPHABET INC-CL A,5.116475290457769,2026-05-07 11:19:49,9월 6일 국내 ETF 1020개 데이터.xlsx / 국내 월배당 ETF 총정리.xlsx / 9월 1주 국내 월배당 ETF 분배금 지급현황.xlsx
466810,466810.KS,BNK 2차전지양극재,K55240E62094,국내주식,업종섹터,,,,,,,Y,Y,2,-0.995201629983,-2.55476912686,-6.961140620356,15.25526767762,-7.479379502855,-2.720958252414,-29.710083265688,,0.395,0.59,0.6062,4630,-25,-0.5370569280343717,55.51108849,12626,0.58436085,0.076386684862,BNK자산운용,iSelect 2차전지양극재,패시브,비과세,20231019,,,,,,,,,,LG화학,9.675419287504495,에코프로비엠,8.763949932562525,LG에너지솔루션,8.445689737773709,삼성SDI,8.439889126690073,엘앤에프,8.428502741970343,2026-05-07 11:19:49,9월 6일 국내 ETF 1020개 데이터.xlsx / 국내 월배당 ETF 총정리.xlsx / 9월 1주 국내 월배당 ETF 분배금 지급현황.xlsx
459560,459560.KS,KODEX 테슬라밸류체인FactSet,K55105E22382,해외주식,업종섹터,,,,,,,Y,Y,2,0.023771197544,-2.589000893199,2.257084084132,14.156473367826,15.546466204431,0.250256541094,32.985349854046,,0.18,0.35,0.5946,16100,75,0.46801872074882994,199.61567613,6548,1.05192195,-0.230590490258,삼성운용,FactSet TSLA Value Chain Index,패시브,배당소득세(보유기간과세),20230608,,,,,,,,,,TESLA MOTORS,24.73811962006026,LG에너지솔루션,10.525063971486091,ADVANCED MICRO DEVICES,10.08329722653247,NXP SEMICONDUCTORS NV,9.863091890501535,NVIDIA Corp,9.662607558908451,2026-05-07 11:19:49,9월 6일 국내 ETF 1020개 데이터.xlsx / 국내 월배당 ETF 총정리.xlsx / 9월 1주 국내 월배당 ETF 분배금 지급현황.xlsx
483320,483320.KS,ACE 엔비디아밸류체인액티브,K55101EB6172,해외주식,업종섹터,,,,,,,Y,Y,2,1.871117637076,-2.613920064519,1.061043627578,23.116878951089,31.801836716795,11.725530313531,36.527404064938,,0.45,0.55,0.9852,10830,260,2.4597918637653735,1171.39020616,316186,34.18875503,-0.150264982391,한국투자신탁운용,KEDI 글로벌AI반도체 지수,액티브,배당소득세(보유기간과세),20240611,,,,,,,,,,NVIDIA Corp,20.709746882279084,BROADCOM LTD,14.908596632668619,2025-09 SK하이닉스개별선물,8.127153672134241,Direxion Daily TSM Bull 2X Shares,6.778286634289574,ADVANCED MICRO DEVICES,4.179301609386166,2026-05-07 11:19:49,9월 6일 국내 ETF 1020개 데이터.xlsx / 국내 월배당 ETF 총정리.xlsx / 9월 1주 국내 월배당 ETF 분배금 지급현황.xlsx
0053L0,0053L0.KS,TIGER 차이나휴머노이드로봇,K55301EK0321,해외주식,업종섹터,해외주식테마/섹터,차이나 휴머노이드,,,,,Y,Y,2,-3.67654661461,-2.61949853484,8.157023358171,17.788744169555,,,,,0.49,0.51,0.634,11375,335,3.0344202898550723,820.3662088,1071056,119.92610541,-0.192547833761,미래에셋운용,Mirae Asset China Humanoid Robot 지수(PR),패시브,배당소득세(보유기간과세),20250527,,,,,,,,,,UBTECH ROBOTICS CORP LTD-H,10.971177847786759,ZHEJIANG SANHUA INTELLIGEN-A,8.22941525903923,SHENZHEN DOBOT CORP LTD-H,7.64730380320452,SHENZHEN INOVANCE TECHNOLO-A,7.619716374969943,SUNNY OPTICAL TECH,7.549465486032549,2026-05-07 11:19:49,9월 6일 국내 ETF 1020개 데이터.xlsx / 국내 월배당 ETF 총정리.xlsx / 9월 1주 국내 월배당 ETF 분배금 지급현황.xlsx
0051G0,0051G0.KS,SOL 미국원자력SMR,K55210EJ6834,해외주식,업종섹터,,,,,,,Y,Y,2,-1.105339424567,-2.621354434971,-4.09683225441,26.873125802716,,,,,0.45,0.48,0.66,14275,-135,-0.9368494101318529,2111.05866259,433994,61.99115571,0.2662705275,신한자산운용,KEDI 미국원자력 SMR 지수(PR),패시브,배당소득세(보유기간과세),20250520,,,,,,,,,,Constellation Energy Corp,17.392437857751037,Cameco Corp,12.351370784382961,Uranium Energy Corp,10.311117780638382,Vistra Energy Corp,8.83192031365972,Oklo Inc,8.821793784635794,2026-05-07 11:19:49,9월 6일 국내 ETF 1020개 데이터.xlsx / 국내 월배당 ETF 총정리.xlsx / 9월 1주 국내 월배당 ETF 분배금 지급현황.xlsx
469170,469170.KS,ACE 포스코그룹포커스,K55101E67568,국내주식,전략,,,,,,,Y,Y,2,-1.466029990759,-2.639920212794,-5.591022726877,5.39806080238,-3.85845306447,15.81867945017,-19.310280984988,,0.3,0.37,0.3949,4815,-65,-1.3319672131147542,754.70865539,501985,24.21438694,-0.07964457391,한국투자신탁운용,FnGuide 포스코그룹포커스 지수(시장가격),패시브,비과세,20231017,,,,,,,,,,POSCO홀딩스,26.717987349943925,포스코퓨처엠,25.55059846294073,포스코인터내셔널,23.719114165353208,포스코DX,14.031792283024004,포스코엠텍,3.3419366512491595,2026-05-07 11:19:49,9월 6일 국내 ETF 1020개 데이터.xlsx / 국내 월배당 ETF 총정리.xlsx / 9월 1주 국내 월배당 ETF 분배금 지급현황.xlsx
491010,491010.KS,TIGER 글로벌AI전력인프라액티브,K55301EE3190,해외주식,업종섹터,,,미국/테크,,,,Y,Y,2,0.462370494589,-2.648350950029,-2.312073619432,23.46582525027,41.438706637395,24.50842621883,,,0.49,0.59,1.1095,16455,110,0.672988681553992,1711.25754819,104997,17.24670991,0.170639140456,미래에셋운용,Mirae Asset AI Infrastructure 지수 (NTR),액티브,배당소득세(보유기간과세),20240910,,,,,,,,,,VERTIV HOLDINGS CO-A,7.859134478872364,VISTRA CORP,7.364444286936845,CAMECO CORP,7.361882876271305,GE VERNOVA INC,7.292290481191564,BLOOM ENERGY CORP- A,6.698369250020272,2026-05-07 11:19:49,9월 6일 국내 ETF 1020개 데이터.xlsx / 국내 월배당 ETF 총정리.xlsx / 9월 1주 국내 월배당 ETF 분배금 지급현황.xlsx
455860,455860.KS,SOL 2차전지소부장Fn,K55210E15681,국내주식,업종섹터,국내주식테마/섹터,2차전지,,,,,Y,Y,2,-1.14139405519,-2.724533591023,-7.280289436721,14.92105700542,-3.348065819759,2.576624828548,-30.291228758138,,0.45,0.51,0.5264,3810,-40,-1.0389610389610389,1224.61132712,424961,16.15497438,0.036094651474,신한자산운용,FnGuide 2차전지 소부장 지수(PR),패시브,비과세,20230425,,,,,,,,,,LG화학,22.87574762462201,POSCO홀딩스,18.308564725823583,에코프로비엠,12.729515484998503,에코프로,11.868805391309406,포스코퓨처엠,10.345712264856775,2026-05-07 11:19:49,9월 6일 국내 ETF 1020개 데이터.xlsx / 국내 월배당 ETF 총정리.xlsx / 9월 1주 국내 월배당 ETF 분배금 지급현황.xlsx
497570,497570.KS,TIGER 미국필라델피아AI반도체나스닥,K55301EF4932,해외주식,업종섹터,,,미국/테크,,,,Y,Y,2,1.285673696797,-2.780432497687,-1.565297474294,17.834405918086,26.391594272304,12.683381348822,,,0.49,0.59,0.7741,12385,290,2.3976849937990905,5373.97626031,841057,103.98932969,0.079347437661,미래에셋운용,PHLX US AI Semiconductor 지수 (PR),패시브,배당소득세(보유기간과세),20241126,,,,,,,,,,NVIDIA CORP,21.14490595352464,BROADCOM INC,17.68882456969887,TAIWAN SEMICONDUCTOR-SP ADR,15.033563482468816,ASML HOLDING NV-NY REG SHS,8.858818018211762,ADVANCED MICRO DEVICES,8.022102107658748,2026-05-07 11:19:49,9월 6일 국내 ETF 1020개 데이터.xlsx / 국내 월배당 ETF 총정리.xlsx / 9월 1주 국내 월배당 ETF 분배금 지급현황.xlsx
489010,489010.KS,PLUS 글로벌AI인프라,K55213ED9351,해외주식,업종섹터,,,미국/테크,,,,Y,Y,2,1.028952807796,-2.841956666122,-3.335584046616,16.714325818785,26.607854029559,16.414765744839,42.947978648893,,0.45,0.78,0.937,14415,320,2.270308620078042,14.30179849,236,0.0339191,-0.200670694854,한화운용,Solactive Global AI Infrastructure Index (PR),패시브,배당소득세(보유기간과세),20240813,,,,,,,,,,NVIDIA CORP,28.07665376374613,ARISTA NETWORKS INC,9.153431872719827,PRYSMIAN SPA,8.903542356978143,VERTIV HOLDINGS CO-A,7.643497339200952,DELL TECHNOLOGIES -C,7.449280086152512,2026-05-07 11:19:49,9월 6일 국내 ETF 1020개 데이터.xlsx / 국내 월배당 ETF 총정리.xlsx / 9월 1주 국내 월배당 ETF 분배금 지급현황.xlsx
419420,419420.KS,KODEX 미국클린에너지나스닥,K55105DK9826,해외주식,업종섹터,해외주식테마/섹터,에너지&화학&원유,미국/테크,,,,Y,Y,2,0.28985339718,-2.878603851945,7.835003495689,22.846452553814,22.735881253459,4.456969140587,15.371956875143,-38.080705263336,0.45,0.62,0.6709,6935,55,0.7994186046511628,103.65145565,3846,0.26683845,-0.686717594366,삼성운용,Nasdaq Clean Edge Green Energy Index (Price Return),패시브,배당소득세(보유기간과세),20220322,,,,,,,,,,FIRST TRUST NASDAQ CLEAN EDG,21.687015373858603,FIRST SOLAR INC,6.428952066612448,ON SEMICONDUCTOR,5.736355477269338,BLOOM ENERGY CORPORATION,5.112650504175461,RIVIAN AUTOMOTIVE INC-A,5.012499861867533,2026-05-07 11:19:49,9월 6일 국내 ETF 1020개 데이터.xlsx / 국내 월배당 ETF 총정리.xlsx / 9월 1주 국내 월배당 ETF 분배금 지급현황.xlsx
394350,394350.KS,KIWOOM 글로벌퓨처모빌리티,K55206DL0418,해외주식,업종섹터,,,,,,,Y,Y,1,-0.71005090757,-2.90724548938,2.514263258423,12.37602006612,19.99512189684,6.238104699962,30.386495921043,21.106805567497,0.31,0.51,0.55,12990,170,1.326053042121685,116.45039042,2164,0.2809228,-0.609847767514,키움투자운용,MSCI ACWI IMI 퓨처모빌리티 ESG 지수(시장가격),패시브,배당소득세(보유기간과세),20210720,,,,,,,,,,AMUD MSCI SMR MBLTY UCITS-UA,100,설정현금액,0,원화현금,0,,,,,2026-05-07 11:19:49,9월 6일 국내 ETF 1020개 데이터.xlsx / 국내 월배당 ETF 총정리.xlsx / 9월 1주 국내 월배당 ETF 분배금 지급현황.xlsx
480040,480040.KS,ACE 미국반도체데일리타겟커버드콜(합성),K55101E96450,해외주식,전략,,,"월배당, 커버드콜",Y,Y,Y,Y,Y,2,1.288342733069,-2.922831303699,1.335550407728,16.029319129687,13.908887003879,4.900117636372,18.419798043977,,0.45,0.52,0.5381,9835,120,1.2352032938754502,900.64817296,41344,4.05748946,-0.214010010737,한국투자신탁운용,Bloomberg US Listed Semiconductor Premium Decrement 15% Distribution Index,패시브,배당소득세(보유기간과세),20240423,해외주식,1.2672,20250812,20250814,124,15.4266,1491,12,Y,설정현금액,0,원화현금,0,스왑(키움증권),49.98780104263815,스왑(한국투자증권),50.01219895736185,,,2026-05-07 11:19:49,9월 6일 국내 ETF 1020개 데이터.xlsx / 국내 월배당 ETF 총정리.xlsx / 9월 1주 국내 월배당 ETF 분배금 지급현황.xlsx
475070,475070.KS,KoAct 글로벌친환경전력인프라액티브,K553N9E74926,해외주식,업종섹터,,,,,,,Y,Y,2,1.736722853602,-2.941527831906,2.612206446403,26.758632507926,43.939136508656,29.321303157432,67.337966988164,,0.5,0.6,1.0477,19920,470,2.416452442159383,118.67963328,6069,1.20190382,0.022419091192,삼성액티브자산운용,Solactive Global Climate Technology Infrastructure Index(PR),액티브,배당소득세(보유기간과세),20240118,,,,,,,,,,BLOOM ENERGY CORPORATION,11.112976491351201,FIRST SOLAR INC,7.423720279803891,GE Vernova LLC,7.175365166967678,SIEMENS ENERGY,6.07882458175712,NORDEX SE,5.113293928296204,2026-05-07 11:19:49,9월 6일 국내 ETF 1020개 데이터.xlsx / 국내 월배당 ETF 총정리.xlsx / 9월 1주 국내 월배당 ETF 분배금 지급현황.xlsx
390390,390390.KS,KODEX 미국반도체,K55105DJ0265,해외주식,업종섹터,해외주식테마/섹터,글로벌 및 미국 반도체,,,,,Y,Y,1,1.120520853377,-2.948044528123,0.070107421973,17.857490844337,22.81606086547,13.128823473684,34.789249652488,188.559952945822,0.09,0.17,0.2596,27745,495,1.81651376146789,4597.98233886,225069,62.37214945,0.02365809273,삼성운용,MVIS US Listed Semiconductor 25 Index,패시브,배당소득세(보유기간과세),20210630,,,,,,,,,,NVIDIA Corp,21.678906288191012,TAIWAN SEMICONDUCTOR-SP ADR,10.774998992954439,BROADCOM LTD,9.777992527565686,ADVANCED MICRO DEVICES,6.072085227527795,LAM RESEARCH,4.312826831871574,2026-05-07 11:19:49,9월 6일 국내 ETF 1020개 데이터.xlsx / 국내 월배당 ETF 총정리.xlsx / 9월 1주 국내 월배당 ETF 분배금 지급현황.xlsx
446690,446690.KS,KODEX 아시아AI반도체exChina액티브,K55105DX9912,해외주식,업종섹터,해외주식테마/섹터,아시아 반도체,미국/테크,,,,Y,Y,2,0.757761309636,-2.959347282267,3.390741635788,17.016741345483,16.65174113678,14.92344959158,22.498493614644,,0.5,0.69,0.9842,18945,355,1.9096288327057558,93.70033959,1462,0.2760976,-0.393068562973,삼성운용,iSelect 아시아 반도체 제조 동맹 지수,액티브,배당소득세(보유기간과세),20230201,,,,,,,,,,SK하이닉스,8.94860280083005,ADVANTEST CORP,8.002829852540689,TAIWAN SEMICONDUCTOR MANUFAC,6.891783798444761,피에스케이홀딩스,5.243712499539655,Asia Vital Components Co Ltd,4.6341304851611325,2026-05-07 11:19:49,9월 6일 국내 ETF 1020개 데이터.xlsx / 국내 월배당 ETF 총정리.xlsx / 9월 1주 국내 월배당 ETF 분배금 지급현황.xlsx
461950,461950.KS,KODEX 2차전지핵심소재10,K55105E32290,국내주식,업종섹터,국내주식테마/섹터,2차전지,,,,,Y,Y,2,-1.215388991257,-2.960499142342,-7.340583980215,15.025573974449,-3.624798816668,1.478987753443,-32.318680946248,,0.39,0.5,0.5445,3955,-60,-1.4943960149439601,1521.06608007,934718,37.0290083,0.055601941705,삼성운용,FnGuide 2차전지핵심소재10 지수,패시브,비과세,20230704,,,,,,,,,,POSCO홀딩스,19.21201668048021,LG화학,17.41308241123337,에코프로비엠,15.183355999571061,에코프로,14.360005331660341,포스코퓨처엠,14.227114699848569,2026-05-07 11:19:49,9월 6일 국내 ETF 1020개 데이터.xlsx / 국내 월배당 ETF 총정리.xlsx / 9월 1주 국내 월배당 ETF 분배금 지급현황.xlsx
381180,381180.KS,TIGER 미국필라델피아반도체나스닥,K55301DF8777,해외주식,업종섹터,해외주식테마/섹터,글로벌 및 미국 반도체,미국/테크,,,,Y,Y,1,1.273526031479,-3.030629545046,0.98413922,15.480663302607,17.783485771536,7.824584602129,23.791040105553,122.519347935432,0.49,0.63,0.7107,20880,420,2.0527859237536656,24207.27071477,978218,203.76163116,0.001928825794,미래에셋운용,PHLX Semiconductor Sector Index,패시브,배당소득세(보유기간과세),20210409,,,,,,,,,,NVIDIA CORP,12.854243194129017,BROADCOM INC,10.597747325465749,TAIWAN SEMICONDUCTOR-SP ADR,8.123531884260592,ADVANCED MICRO DEVICES,4.968727487252889,MICRON TECHNOLOGY INC,4.265039347495139,2026-05-07 11:19:49,9월 6일 국내 ETF 1020개 데이터.xlsx / 국내 월배당 ETF 총정리.xlsx / 9월 1주 국내 월배당 ETF 분배금 지급현황.xlsx
0094X0,0094X0.KS,1Q 샤오미밸류체인액티브,K55102EN6979,해외주식,업종섹터,,,,,,,Y,Y,2,-2.755532350697,-3.095974922433,,,,,,,0.49,,,9885,210,2.1705426356589146,77.48130236,163143,15.91705485,-0.502477252256,하나운용,Solactive-KEDI Xiaomi Focus China Tech Index,액티브,배당소득세(보유기간과세),20250902,,,,,,,,,,Xiaomi,25.67933350281138,Alibaba Group Holding Ltd,7.865653486381998,TENCENT HOLDINGS LTD,7.561098079444927,CONTEMPORARY AMPEREX TECHNOL,6.671741707206839,HORIZON ROBOTICS INC,5.292200109535955,2026-05-07 11:19:49,9월 6일 국내 ETF 1020개 데이터.xlsx / 국내 월배당 ETF 총정리.xlsx / 9월 1주 국내 월배당 ETF 분배금 지급현황.xlsx
486450,486450.KS,SOL 미국AI전력인프라,K55210EC2509,해외주식,업종섹터,,,미국/테크,,,,Y,Y,2,-0.122110419385,-3.120297356226,-6.589559788673,15.817575295267,37.150286068089,31.557186107168,87.419300987845,,0.45,0.57,0.9065,17120,15,0.08769365682548963,2157.3129528,107051,18.32463666,0.070718360685,신한자산운용,KEDI 미국AI전력인프라지수(PR),패시브,배당소득세(보유기간과세),20240716,,,,,,,,,,Vertiv Holdings Co,9.487641696238706,Constellation Energy Corp,9.271620426746965,GE Vernova Inc,7.405531776077079,NEXTERA ENERGY INC,7.0066593093365706,Vistra Energy Corp,6.58444895159698,2026-05-07 11:19:49,9월 6일 국내 ETF 1020개 데이터.xlsx / 국내 월배당 ETF 총정리.xlsx / 9월 1주 국내 월배당 ETF 분배금 지급현황.xlsx
498270,498270.KS,KIWOOM 미국양자컴퓨팅,K55206EE9458,해외주식,업종섹터,,,,,,,Y,Y,2,0.845461699105,-3.168331863649,-0.303359952366,10.262993662316,40.840759980247,12.943793925352,,,0.49,0.58,0.8611,11035,115,1.0531135531135531,1426.10655453,149900,16.49770898,-0.116780078922,키움투자운용,Solactive U.S. Quantum Computing Index(PR),패시브,배당소득세(보유기간과세),20241217,,,,,,,,,,ALPHABET INC-CL A,9.067207809667936,IONQ INC,8.725459252739116,RIGETTI COMPUTING INC,7.9838728914192725,D-WAVE QUANTUM INC,7.960101469815852,QUANTUM COMPUTING INC,7.797721746584192,2026-05-07 11:19:49,9월 6일 국내 ETF 1020개 데이터.xlsx / 국내 월배당 ETF 총정리.xlsx / 9월 1주 국내 월배당 ETF 분배금 지급현황.xlsx
487230,487230.KS,KODEX 미국AI전력핵심인프라,K55105EC0527,해외주식,업종섹터,해외주식테마/섹터,AI&로봇,미국/테크,,,,Y,Y,2,0.071732342227,-3.200610412177,-6.769538854948,17.296054503927,46.774750443796,28.91669088028,79.451014801537,,0.45,0.53,0.8328,16285,55,0.33887861983980283,9199.80880875,2876922,467.97909206,0.248199550741,삼성운용,iSelect 미국AI전력핵심인프라 지수(Price Return),패시브,배당소득세(보유기간과세),20240709,,,,,,,,,,GE Vernova LLC,15.602031088868587,CONSTELLATION ENERGY,12.786510388578565,ARISTA NETWORKS,12.039306126811544,EATON CORP PLC,11.198490421778907,Trane Technologies plc,9.495485669213384,2026-05-07 11:19:49,9월 6일 국내 ETF 1020개 데이터.xlsx / 국내 월배당 ETF 총정리.xlsx / 9월 1주 국내 월배당 ETF 분배금 지급현황.xlsx
469060,469060.KS,RISE 미국반도체NYSE,K55223E65903,해외주식,업종섹터,,,,,,,Y,Y,2,0.953721799816,-3.22779224353,1.738001109204,15.434506874413,15.729234338248,7.714250486407,19.436609998088,,0.01,0.19,0.3719,16475,265,1.634793337446021,163.48899495,27496,4.52112127,-0.004628022353,KB운용,NYSE Semiconductor Index(Price Return),패시브,배당소득세(보유기간과세),20231024,,,,,,,,,,ADVANCED MICRO DEVICES,9.901254643065245,NVIDIA CORP,8.538432790021771,BROADCOM INC,8.445453031523753,QUALCOMM INC,6.228980949146965,TEXAS INSTRUMENTS INC,6.155696015734276,2026-05-07 11:19:49,9월 6일 국내 ETF 1020개 데이터.xlsx / 국내 월배당 ETF 총정리.xlsx / 9월 1주 국내 월배당 ETF 분배금 지급현황.xlsx
491830,491830.KS,TIGER 미국AI반도체팹리스,K55301EE2671,해외주식,업종섹터,,,미국/테크,,,,Y,Y,2,1.184868831907,-3.237221262037,-1.835241818233,20.910802908369,29.986686257581,14.1385197757,,,0.49,0.57,0.8921,13260,270,2.0785219399538106,223.13517058,22261,2.94992878,0.014917857635,미래에셋운용,Mirae Asset US AI Fabless Index,패시브,배당소득세(보유기간과세),20240924,,,,,,,,,,NVIDIA CORP,24.937602095095706,ADVANCED MICRO DEVICES,18.146796014209205,BROADCOM INC,18.060651275407075,QUALCOMM INC,14.444352194514742,ARM HOLDINGS PLC-ADR,13.024277147450766,2026-05-07 11:19:49,9월 6일 국내 ETF 1020개 데이터.xlsx / 국내 월배당 ETF 총정리.xlsx / 9월 1주 국내 월배당 ETF 분배금 지급현황.xlsx
464920,464920.KS,PLUS 일본반도체소부장,K55213E52290,해외주식,업종섹터,해외주식테마/섹터,아시아 반도체,,,,,Y,Y,2,1.106985200266,-3.242762827504,0.809911837844,10.819888121392,6.153385454676,-0.481389360347,4.121076335816,,0.5,0.66,0.7866,13040,180,1.3996889580093312,128.35372927,2001,0.26033195,-0.145818178825,한화운용,Solactive Japan Semiconductor Materials and Equipment Index PR,패시브,배당소득세(보유기간과세),20230831,,,,,,,,,,ADVANTEST CORP,21.056451471703927,HOYA CORP,17.73610947484216,SHIN-ETSU CHEMICAL CO LTD,17.302488989375966,TOKYO ELECTRON LTD,16.237763538451834,DISCO CORP,8.98979523194912,2026-05-07 11:19:49,9월 6일 국내 ETF 1020개 데이터.xlsx / 국내 월배당 ETF 총정리.xlsx / 9월 1주 국내 월배당 ETF 분배금 지급현황.xlsx
469050,469050.KS,RISE 미국반도체NYSE(H),K55223E65911,해외주식,업종섹터,,,,,,,Y,Y,2,1.072912957692,-3.315683556861,1.322418262195,12.068996953874,19.553673037813,11.788999665775,12.235470759906,,0.01,0.14,0.2578,15295,250,1.6616816218012629,318.9198404,2633,0.4021237,0.034040144026,KB운용,NYSE Semiconductor Index(Price Return),패시브,배당소득세(보유기간과세),20231024,,,,,,,,,,ADVANCED MICRO DEVICES,9.858245888301141,NVIDIA CORP,8.501362953793555,BROADCOM INC,8.411161669005716,QUALCOMM INC,6.201968947438698,TEXAS INSTRUMENTS INC,6.1291348368091105,2026-05-07 11:19:49,9월 6일 국내 ETF 1020개 데이터.xlsx / 국내 월배당 ETF 총정리.xlsx / 9월 1주 국내 월배당 ETF 분배금 지급현황.xlsx
462010,462010.KS,TIGER 2차전지소재Fn,K55301E34416,국내주식,업종섹터,국내주식테마/섹터,2차전지,,,,,Y,Y,2,-1.363537178697,-3.351573357283,-7.04456384221,15.152179388167,-2.85736406028,1.325870932497,-32.19816617148,,0.39,0.45,0.4877,3890,-45,-1.1435832274459974,5001.23823923,1766722,68.89749209,-0.067345654291,미래에셋운용,FnGuide 2차전지소재 (Price Return) 지수,패시브,비과세,20230713,,,,,,,,,,에코프로비엠,22.097568973031333,에코프로,21.076604569628056,포스코퓨처엠,19.90019851406541,POSCO홀딩스,16.489446036408488,LG화학,11.468660299229255,2026-05-07 11:19:49,9월 6일 국내 ETF 1020개 데이터.xlsx / 국내 월배당 ETF 총정리.xlsx / 9월 1주 국내 월배당 ETF 분배금 지급현황.xlsx
479850,479850.KS,HANARO K-뷰티,K55232E99861,국내주식,업종섹터,,,,,,,Y,Y,2,-0.291871381987,-3.444089931417,-2.507134668465,6.201790350004,39.820920983933,49.202955792276,39.157042014674,,0.45,0.53,0.5471,16010,-60,-0.37336652146857496,487.62376047,48561,7.7923445,0.063287473302,NH-Amundi운용,FnGuide K-뷰티 지수,패시브,비과세,20240416,,,,,,,,,,에이피알,19.853791881780236,파마리서치,15.364181725666663,아모레퍼시픽,12.963482878211005,LG생활건강,10.285001470853263,코스맥스,6.566083065411423,2026-05-07 11:19:49,9월 6일 국내 ETF 1020개 데이터.xlsx / 국내 월배당 ETF 총정리.xlsx / 9월 1주 국내 월배당 ETF 분배금 지급현황.xlsx
488290,488290.KS,마이다스 일본테크액티브,K55303EC8553,해외주식,업종섹터,,,미국/테크,,,,Y,Y,2,0.127759782294,-3.487132716559,1.764074486035,10.646754261947,10.498208170086,10.284146557183,18.394809195004,,0.65,0.98,1.0271,24840,225,0.9140767824497258,79.92757931,54,0.0133901,-0.18098961241,마이다스운용,Solactive Japan Tech Top 30 Index (PR),액티브,배당소득세(보유기간과세),20240806,,,,,,,,,,ADVANTEST CORP,13.43909639898312,SOFTBANK CORP,9.443295051226603,FUJITSU,9.364448030885855,HITACHI,9.349962662808192,NEC Corp,8.142701953143366,2026-05-07 11:19:49,9월 6일 국내 ETF 1020개 데이터.xlsx / 국내 월배당 ETF 총정리.xlsx / 9월 1주 국내 월배당 ETF 분배금 지급현황.xlsx
479620,479620.KS,SOL 미국AI반도체칩메이커,K55210E99222,해외주식,업종섹터,해외주식테마/섹터,글로벌 및 미국 반도체,미국/테크,,,,Y,Y,2,0.880805725727,-3.505362605733,-0.632074958448,17.393526978145,24.008764870776,7.511894991435,29.033895133516,,0.45,0.53,0.673,12030,280,2.382978723404255,255.25725933,50027,5.99941387,-0.042373952945,신한자산운용,Solactive US AI Semiconductor Chip Makers Index(PR),패시브,배당소득세(보유기간과세),20240416,,,,,,,,,,BROADCOM INC,21.49957894896786,NVIDIA,20.697916104731156,Advanced Micro Devices Inc,14.190236171720889,TEXAS INSTRUMENTS,9.598559085121675,QUALCOMM,9.32230097967514,2026-05-07 11:19:49,9월 6일 국내 ETF 1020개 데이터.xlsx / 국내 월배당 ETF 총정리.xlsx / 9월 1주 국내 월배당 ETF 분배금 지급현황.xlsx
0048K0,0048K0.KS,KODEX 차이나휴머노이드로봇,K55105EJ5511,해외주식,업종섹터,해외주식테마/섹터,차이나 휴머노이드,,,,,Y,Y,1,-4.118360750663,-3.635484241402,4.914136897825,15.586935129728,,,,,0.45,0.5,0.6043,10150,330,3.360488798370672,1169.29109534,2128358,212.48894554,0.141666347975,삼성운용,Solactive China Humanoid Robotics Index (CNH) (Price Return),패시브,배당소득세(보유기간과세),20250513,,,,,,,,,,Ningbo Tuopu Group Co Ltd,10.217047219547249,SHENZHEN INOVANCE TECHNOLO-A,9.773871801255309,UBTech Robotics Corp Ltd,7.72690126385228,Leader Harmonious Drive Systems Co Ltd,6.518433961337512,Zhejiang Changsheng Sliding Bearings Co,6.35405458225601,2026-05-07 11:19:49,9월 6일 국내 ETF 1020개 데이터.xlsx / 국내 월배당 ETF 총정리.xlsx / 9월 1주 국내 월배당 ETF 분배금 지급현황.xlsx
469160,469160.KS,ACE 일본반도체,K55101E66032,해외주식,업종섹터,,,,,,,Y,Y,2,0.616705950723,-3.717817287567,0.852834052942,12.061690646811,9.478639685328,8.035757146045,8.522647617427,,0.45,0.58,0.8131,12350,250,2.0661157024793386,48.61272938,340,0.0417699,-0.157533996887,한국투자신탁운용,Bloomberg Japan Semiconductor Select Top 25 Index(Price Return),패시브,배당소득세(보유기간과세),20231017,,,,,,,,,,MITSUBISHI ELECTRIC,5.942139460530357,FUJI ELECTRIC CO LTD,5.488567073192209,Socionext Inc,5.417507207798266,Rohm Co Ltd,5.403912938318063,Tokyo Ohka Kogyo Co Ltd,4.7355837624113795,2026-05-07 11:19:49,9월 6일 국내 ETF 1020개 데이터.xlsx / 국내 월배당 ETF 총정리.xlsx / 9월 1주 국내 월배당 ETF 분배금 지급현황.xlsx
280940,280940.KS,KODEX 골드선물인버스(H),K55105BY2041,레버리지/인버스,1X 인버스,,,인버스,,,,,,2,0.711144025654,-3.75005671249,-5.080760626398,-4.408627102873,-17.34527893526,-24.577280516507,-27.126157630053,-44.11190553969,0.45,0.52,0.658,4260,-5,-0.11723329425556858,38.18597698,11661,0.49495295,-0.142545288859,삼성운용,S&P GSCI Gold Index Excess Return,패시브,배당소득세(보유기간과세),20171109,,,,,,,,,,PROSHARES ULTRASHORT GOLD,11.633272353598654,설정현금액,0,2025-09 달러선물,0,원화현금,0,Mini Gold 2025 08,88.36672764640134,2026-05-07 11:19:49,9월 6일 국내 ETF 1020개 데이터.xlsx / 국내 월배당 ETF 총정리.xlsx / 9월 1주 국내 월배당 ETF 분배금 지급현황.xlsx
415920,415920.KS,PLUS 글로벌희토류&전략자원생산기업,K55213DH4276,해외주식,업종섹터,,,,,,,Y,Y,2,-1.959335459166,-3.925356973784,17.464861566836,58.35973229366,39.91295819388,39.942915930055,61.188799312572,-38.57507531989,0.5,1.2,1.459,5800,60,1.0452961672473868,178.88167888,268285,15.35463106,1.328811365164,한화운용,MVIS Global Rare Earth/Strategic Metals Index (Price Return),패시브,배당소득세(보유기간과세),20220118,,,,,,,,,,VANECK RAR EARTH ND STG-USDI,23.648564013427997,CHINA NORTHERN RARE EARTH -A,8.695457161792897,MP MATERIALS CORP,7.90182188298472,LYNAS RARE EARTHS LTD,5.440665545351644,ALBEMARLE CORP,5.059316376300297,2026-05-07 11:19:49,9월 6일 국내 ETF 1020개 데이터.xlsx / 국내 월배당 ETF 총정리.xlsx / 9월 1주 국내 월배당 ETF 분배금 지급현황.xlsx
462330,462330.KS,KODEX 2차전지산업레버리지,K55105E32308,레버리지/인버스,2X 레버리지,,,레버리지,,,,,,1,-2.362483409527,-4.358712610027,-13.967912956097,26.613715465915,-18.889914326084,-14.967506614266,-60.256600088842,,0.49,0.61,1.1745,994,-19,-1.8756169792694966,3208.77608298,17474054,174.52838145,-0.348742393893,삼성운용,FnGuide 2차전지 산업 지수,패시브,배당소득세(보유기간과세),20230704,,,,,,,,,,KODEX 2차전지산업,14.090310880353664,LG에너지솔루션,10.041381857504712,POSCO홀딩스,9.665532904983905,LG화학,8.090124041005614,삼성SDI,6.292510514152489,2026-05-07 11:19:49,9월 6일 국내 ETF 1020개 데이터.xlsx / 국내 월배당 ETF 총정리.xlsx / 9월 1주 국내 월배당 ETF 분배금 지급현황.xlsx
219900,219900.KS,ACE 중국본토CSI300레버리지(합성),K55101B26297,레버리지/인버스,2X 레버리지,,,레버리지,,,,,,1,-3.572912017452,-4.398426429426,16.67119289533,34.625456090874,15.067776207626,10.206163680723,77.369557479761,-12.852832687444,0.5,0.8,0.9325,3800,110,2.9810298102981028,67.27713156,4776,0.1787755,-0.511125461521,한국투자신탁운용,CSI 300,패시브,배당소득세(보유기간과세),20150528,,,,,,,,,,ACE 중국본토CSI300,41.18779365186674,스왑(NH투자증권),28.266917538349233,CHINAAMC CSI 300 IDX ETF-HKD,18.760300725997563,스왑(키움증권),9.576028856153126,CSOP CSI300 IDX 2X ETF,2.2089592276333363,2026-05-07 11:19:49,9월 6일 국내 ETF 1020개 데이터.xlsx / 국내 월배당 ETF 총정리.xlsx / 9월 1주 국내 월배당 ETF 분배금 지급현황.xlsx
0008T0,0008T0.KS,SOL 화장품TOP3플러스,K55210EG9039,국내주식,업종섹터,,,,,,,Y,Y,2,-1.458133626001,-4.421678418332,-11.102452623724,-3.964070467166,36.914987374648,,,,0.45,0.48,0.4971,13830,-165,-1.1789924973204715,857.23446023,195501,27.22525943,-0.063864694077,신한자산운용,FnGuide 화장품TOP3 플러스 지수(PR),패시브,비과세,20250121,,,,,,,,,,코스맥스,19.869820316413282,아모레퍼시픽,18.749942819632537,실리콘투,15.390639116403218,에이피알,12.34345444897567,달바글로벌,8.740333658880225,2026-05-07 11:19:49,9월 6일 국내 ETF 1020개 데이터.xlsx / 국내 월배당 ETF 총정리.xlsx / 9월 1주 국내 월배당 ETF 분배금 지급현황.xlsx
220130,220130.KS,SOL 차이나강소기업CSI500(합성 H),K55210B21701,해외주식,시장대표,,,,,,,Y,Y,2,-2.456791176303,-4.48753077077,7.583898667106,18.266691367492,16.704007754476,21.342453945696,48.822205958093,9.960143403633,0.6,0.68,0.68,5630,215,3.9704524469067404,43.92161429,3859,0.21312532,-0.179856766558,신한자산운용,CSI 500 지수,패시브,배당소득세(보유기간과세),20150608,,,,,,,,,,스왑(미래에셋증권),100,설정현금액,0,원화현금,0,,,,,2026-05-07 11:19:49,9월 6일 국내 ETF 1020개 데이터.xlsx / 국내 월배당 ETF 총정리.xlsx / 9월 1주 국내 월배당 ETF 분배금 지급현황.xlsx
204480,204480.KS,TIGER 차이나CSI300레버리지(합성),KR5301AU9086,레버리지/인버스,2X 레버리지,,,레버리지,,,,,,1,-4.416919679189,-4.537375971411,16.560292017897,34.8121954226,14.221483089112,9.112938892001,79.504325990549,-7.315494526443,0.58,0.64,0.7296,22725,1040,4.795941895319345,962.74227916,26858,5.98495982,-1.505471952218,미래에셋운용,CSI 300 Index,패시브,배당소득세(보유기간과세),20140901,,,,,,,,,,차이나CSI300 TRS 250512-14,39.83636888278992,차이나CSI300 TRS 250509-06,36.83023311438612,차이나CSI300 TRS 250512-04,13.973149591826214,차이나CSI300 TRS 250821-04,4.616597361011147,차이나CSI300 TRS 250512-12,2.8874399279636527,2026-05-07 11:19:49,9월 6일 국내 ETF 1020개 데이터.xlsx / 국내 월배당 ETF 총정리.xlsx / 9월 1주 국내 월배당 ETF 분배금 지급현황.xlsx
0043Y0,0043Y0.KS,TIMEFOLIO 차이나AI테크액티브,K553J1EK6638,해외주식,업종섹터,,,미국/테크,,,,Y,Y,2,-5.866085809517,-4.603955032678,9.169359014829,23.040930145037,,,,,0.8,0.86,0.9759,12440,380,3.1509121061359866,802.3367819,233408,28.47592818,0.354538414341,타임폴리오자산운용,Solactive China Artificial Intelligence 지수(원화환산)(PR),액티브,배당소득세(보유기간과세),20250513,,,,,,,,,,ZHONGJI INNOLIGHT CO LTD-A,8.483603141748132,ALIBABA GROUP HOLDING LTD,8.331407270902863,EOPTOLINK TECHNOLOGY INC L-A,7.96782382176302,CAMBRICON TECHNOLOGIES-A,7.72269084286149,CONTEMPORARY AMPEREX TECHN-H,4.96764942213309,2026-05-07 11:19:49,9월 6일 국내 ETF 1020개 데이터.xlsx / 국내 월배당 ETF 총정리.xlsx / 9월 1주 국내 월배당 ETF 분배금 지급현황.xlsx
417450,417450.KS,RISE 글로벌수소경제,K55223DQ9652,해외주식,업종섹터,,,,,,,Y,Y,2,0.198421682648,-4.713396894087,6.112426748492,26.802254507761,29.220757830217,21.478964437677,34.792244892113,-18.660844469836,0.4,0.68,0.7398,8720,15,0.1723147616312464,142.39598305,2508,0.21810959,0.089614493919,KB운용,Indxx Hydrogen Economy Index (Net Total Return),패시브,배당소득세(보유기간과세),20220215,,,,,,,,,,BLOOM ENERGY CORP- A,14.007479995702315,두산퓨얼셀,8.616562538030045,AIR LIQUIDE SA,7.233684617161085,GLOBAL X HYDROGEN ETF,7.041197273821604,BALLARD POWER SYSTEMS INC,6.054945304406078,2026-05-07 11:19:49,9월 6일 국내 ETF 1020개 데이터.xlsx / 국내 월배당 ETF 총정리.xlsx / 9월 1주 국내 월배당 ETF 분배금 지급현황.xlsx
459370,459370.KS,SOL 유럽탄소배출권선물인버스ICE(H),K55210E26985,레버리지/인버스,1X 인버스,,,인버스,,,,,,1,-0.637444728246,-4.957608789044,-6.161261596388,-4.348259066024,-11.346578114221,-6.549886348343,-13.360138704907,,0.55,0.88,1.0456,10805,-115,-1.0531135531135531,54.26833485,2106,0.22741765,-0.153632105811,신한자산운용,ICE EUA Carbon Futures Custom Roll Index(Excess Return),패시브,배당소득세(보유기간과세),20230620,,,,,,,,,,설정현금액,0,원화현금,0,ECX EMISSION Dec25,100,,,,,2026-05-07 11:19:49,9월 6일 국내 ETF 1020개 데이터.xlsx / 국내 월배당 ETF 총정리.xlsx / 9월 1주 국내 월배당 ETF 분배금 지급현황.xlsx
228790,228790.KS,TIGER 화장품,K55301B73766,국내주식,업종섹터,,,,,,,Y,Y,1,-1.117774579501,-5.013738138931,-6.419445157345,0.780025860906,38.138081503175,43.596706255021,34.503123540501,80.856348166224,0.5,0.55,0.647,3825,-45,-1.1627906976744187,3005.66834732,2203505,84.9218286,-0.00781724885,미래에셋운용,WISE 화장품 지수,패시브,비과세,20151007,,,,,,,,,,에이피알,14.531502536104027,파마리서치,11.333660912171416,LG생활건강,9.948840607790343,아모레퍼시픽,9.68142104775886,코스맥스,8.975301521627708,2026-05-07 11:19:49,9월 6일 국내 ETF 1020개 데이터.xlsx / 국내 월배당 ETF 총정리.xlsx / 9월 1주 국내 월배당 ETF 분배금 지급현황.xlsx
465660,465660.KS,TIGER 일본반도체FACTSET,K55301E49406,해외주식,업종섹터,,,,,,,Y,Y,2,0.511229226684,-5.07442874608,-2.836206484183,9.435230052686,3.467903171693,3.956168054038,4.159494741778,,0.49,0.6,0.7575,12275,85,0.6972928630024611,146.22845323,14683,1.8084434,-0.25839843538,미래에셋운용,FactSet Japan Semiconductor Index(PR),패시브,배당소득세(보유기간과세),20230919,,,,,,,,,,ADVANTEST CORP,9.832937858419202,RENESAS ELECTRONICS CORP,9.186495443243448,DISCO CORP,8.995068046582716,LASERTEC CORP,8.112369948357248,TOKYO ELECTRON LTD,7.702933951054096,2026-05-07 11:19:49,9월 6일 국내 ETF 1020개 데이터.xlsx / 국내 월배당 ETF 총정리.xlsx / 9월 1주 국내 월배당 ETF 분배금 지급현황.xlsx
419650,419650.KS,PLUS 글로벌수소&차세대연료전지,K55213DQ0364,해외주식,업종섹터,,,,,,,Y,Y,2,-0.216263567829,-5.352385502722,4.044403086951,12.693539609735,14.644113766511,-0.428585962101,4.850240115695,-61.855744542756,0.5,0.76,0.9164,3665,-45,-1.2129380053908356,129.39937167,17008,0.62774948,0.30939197348,한화운용,BlueStar Hydrogen and NextGen Fuel Cell Index (시장가격),패시브,배당소득세(보유기간과세),20220215,,,,,,,,,,BLOOM ENERGY CORP- A,16.136200608636482,두산퓨얼셀,7.695919831560967,PLUG POWER INC,6.730282438647736,범한퓨얼셀,6.435604360998158,CERES POWER HOLDINGS PLC,5.311034785382892,2026-05-07 11:19:49,9월 6일 국내 ETF 1020개 데이터.xlsx / 국내 월배당 ETF 총정리.xlsx / 9월 1주 국내 월배당 ETF 분배금 지급현황.xlsx
0047A0,0047A0.KS,TIGER 차이나테크TOP10,K55301EJ2577,해외주식,업종섹터,,,미국/테크,,,,Y,Y,2,-4.788637886714,-5.846894662429,11.655340619239,18.500907478105,,,,,0.49,0.52,0.63,11670,370,3.274336283185841,1470.26091158,1043523,119.36414545,0.232549515498,미래에셋운용,Mirae Asset China Tech Top 10 지수 (Price Return),패시브,배당소득세(보유기간과세),20250513,,,,,,,,,,CAMBRICON TECHNOLOGIES-A,16.7693451985714,SEMICONDUCTOR MANUFACTURI-H,12.541880795332577,CONTEMPORARY AMPEREX TECHN-A,12.279919667517065,TENCENT HOLDINGS LTD,11.72069267950713,ALIBABA GROUP HOLDING LTD,11.348822076761639,2026-05-07 11:19:49,9월 6일 국내 ETF 1020개 데이터.xlsx / 국내 월배당 ETF 총정리.xlsx / 9월 1주 국내 월배당 ETF 분배금 지급현황.xlsx
428510,428510.KS,KODEX 차이나AI테크액티브,K55105DS5081,해외주식,업종섹터,,,미국/테크,,,,Y,Y,2,-5.14908275233,-6.271978577702,9.338167585708,25.843025647513,5.163224886389,16.048874088118,50.275093863632,30.270691537295,0.5,0.76,1.3434,14695,470,3.304042179261863,219.6840528,37634,5.41157149,0.203801055412,삼성운용,Bloomberg Greater China Media & Tech Index,액티브,배당소득세(보유기간과세),20220517,,,,,,,,,,Zhongji Innolight Co Ltd,7.577704238604211,Eoptolink Technology Inc Ltd,7.3545016904885685,Cambricon Technologies Corp Lt,7.159131437225684,Alibaba group holding ltd,6.894229492433219,SMIC Equity,5.463447393557522,2026-05-07 11:19:49,9월 6일 국내 ETF 1020개 데이터.xlsx / 국내 월배당 ETF 총정리.xlsx / 9월 1주 국내 월배당 ETF 분배금 지급현황.xlsx
423920,423920.KS,TIGER 미국필라델피아반도체레버리지(합성),K55301DS3146,레버리지/인버스,2X 레버리지,,,레버리지,,,,,,1,2.451946427607,-6.37846379854,1.171561243361,30.145393805818,21.458418756515,-1.238748228645,24.475408235807,193.532486682708,0.58,0.67,0.7915,24935,920,3.8309389964605454,2270.67279959,126852,31.54582003,-0.107140204481,미래에셋운용,PHLX Semiconductor Sector Index,패시브,배당소득세(보유기간과세),20220419,,,,,,,,,,INVESCO PHLX SEMICONDUCTOR,51.95625508761345,PHLX Semiconductor Sector Index USD (LEV,16.773119783234964,PHLX Semiconductor Sector Index USD (LEV,9.739334578924176,PHLX Semiconductor Sector Index USD (LEV,5.114304912381413,PHLX Semiconductor Sector Index USD (LEV,4.323464624591952,2026-05-07 11:19:49,9월 6일 국내 ETF 1020개 데이터.xlsx / 국내 월배당 ETF 총정리.xlsx / 9월 1주 국내 월배당 ETF 분배금 지급현황.xlsx
0067Y0,0067Y0.KS,TIGER 차이나AI소프트웨어,K55301EK5932,해외주식,업종섹터,,,미국/테크,,,,Y,Y,2,-3.285546075278,-6.64804169305,1.403708462638,,,,,,0.49,0.51,0.5897,11545,190,1.673271686481726,223.75427417,56696,6.49274245,-0.983996536791,미래에셋운용,"Mirae Asset China AI Software 지수 (Price Return, HKD)",패시브,배당소득세(보유기간과세),20250617,,,,,,,,,,TENCENT HOLDINGS LTD,10.501175800546333,IFLYTEK CO LTD - A,9.812239307746578,BEIJING KINGSOFT OFFICE SO-A,9.714153506247595,ALIBABA GROUP HOLDING LTD,9.688391293754288,BAIDU INC-CLASS A,9.473530761827039,2026-05-07 11:19:49,9월 6일 국내 ETF 1020개 데이터.xlsx / 국내 월배당 ETF 총정리.xlsx / 9월 1주 국내 월배당 ETF 분배금 지급현황.xlsx
450190,450190.KS,KODEX 한중반도체(합성),K55105DY8616,해외주식,업종섹터,해외주식테마/섹터,아시아 반도체,,,,,Y,Y,2,-3.931114568263,-7.804922208807,11.989488094426,22.19478172938,15.36387960555,20.280890254231,64.404037683434,,0.25,0.3,0.3,19300,180,0.9414225941422594,114.26607655,185,0.0353623,0.188938411956,삼성운용,KRX CSI 한중반도체지수,패시브,배당소득세(보유기간과세),20221222,,,,,,,,,,스왑(NH투자증권),33.44962953174714,스왑(미래에셋증권),16.72483484461969,스왑(메리츠증권),16.72483484461969,스왑(키움증권),16.714975272191744,스왑(KB증권),16.385725506821732,2026-05-07 11:19:49,9월 6일 국내 ETF 1020개 데이터.xlsx / 국내 월배당 ETF 총정리.xlsx / 9월 1주 국내 월배당 ETF 분배금 지급현황.xlsx
449690,449690.KS,TIGER 한중반도체(합성),K55301DZ0994,해외주식,업종섹터,해외주식테마/섹터,아시아 반도체,,,,,Y,Y,2,-3.963158836976,-7.866028408518,12.098717216942,22.400278743126,15.472759865424,20.33939143034,64.771533982588,,0.35,0.4,0.4,19000,265,1.4144649052575393,141.21976208,127,0.0240817,0.086555516021,미래에셋운용,KRX CSI 한·중 반도체지수,패시브,배당소득세(보유기간과세),20221222,,,,,,,,,,한중반도체 TRS(키움증권),27.880087284849772,한중반도체 TRS(NH투자증권),20.933533769278785,한중반도체 TRS(미래에셋증권),13.986979725624057,한중반도체 TRS(KB증권),13.986979725624057,한중반도체 TRS(메리츠증권),11.606209747311665,2026-05-07 11:19:49,9월 6일 국내 ETF 1020개 데이터.xlsx / 국내 월배당 ETF 총정리.xlsx / 9월 1주 국내 월배당 ETF 분배금 지급현황.xlsx
415340,415340.KS,KODEX 차이나과창판STAR50(합성),K55105DF0137,해외주식,시장대표,,,,,,,Y,Y,2,-6.066151045385,-10.077162909914,18.008824309823,28.455039343211,10.839395653655,21.077053173267,89.460529292015,19.099648433473,0.09,0.15,0.15,10215,265,2.663316582914573,202.03035687,122513,12.31944052,-1.065187884236,삼성운용,STAR50 Index,패시브,배당소득세(보유기간과세),20220113,,,,,,,,,,스왑(메리츠증권),55.04840586270638,스왑(미래에셋증권),24.897636794941693,스왑(KB증권),20.05395734235193,설정현금액,0,원화현금,0,2026-05-07 11:19:49,9월 6일 국내 ETF 1020개 데이터.xlsx / 국내 월배당 ETF 총정리.xlsx / 9월 1주 국내 월배당 ETF 분배금 지급현황.xlsx
414780,414780.KS,TIGER 차이나과창판STAR50(합성),K55301DG2696,해외주식,시장대표,,,,,,,Y,Y,2,-6.128775147462,-10.093198077989,18.179480555516,28.827429936273,10.931525426773,20.89975541746,90.221595076435,19.024772761767,0.09,0.15,0.1512,10120,470,4.870466321243524,1674.87448054,1795428,176.54450939,-1.499204340266,미래에셋운용,STAR 50 Index(Price Return),패시브,배당소득세(보유기간과세),20220113,,,,,,,,,,차이나과창판STAR50 TRS 230111-05,53.06851546767524,차이나과창판STAR50 TRS 230426-04,23.43088948299891,차이나과창판STAR50 TRS 230111-04,13.89760407235031,차이나과창판STAR50 TRS 230426-05,5.926039183045339,차이나과창판STAR50 TRS 230421-01,3.676951793930199,2026-05-07 11:19:49,9월 6일 국내 ETF 1020개 데이터.xlsx / 국내 월배당 ETF 총정리.xlsx / 9월 1주 국내 월배당 ETF 분배금 지급현황.xlsx
415760,415760.KS,SOL 차이나육성산업액티브(합성),K55210DQ3494,해외주식,시장대표,,,,,,,Y,Y,2,-6.124762035595,-10.098374028044,18.141513686385,28.388044878639,9.907273690234,19.379768539408,88.015416302902,12.664171510928,0.55,0.72,0.7314,9910,570,6.102783725910064,116.71071632,101143,9.67269104,-1.429069349589,신한자산운용,STAR 50 Index(Price Return),액티브,배당소득세(보유기간과세),20220113,,,,,,,,,,스왑(메리츠증권),32.245910639635575,스왑(미래에셋증권),28.995820354877257,스왑(NH투자증권),24.64644666606131,스왑(키움증권),7.255650969950461,Cambricon Technologies Corp Lt,1.0214285572035882,2026-05-07 11:19:49,9월 6일 국내 ETF 1020개 데이터.xlsx / 국내 월배당 ETF 총정리.xlsx / 9월 1주 국내 월배당 ETF 분배금 지급현황.xlsx
416090,416090.KS,ACE 중국과창판STAR50,K55101DP7530,해외주식,시장대표,,,,,,,Y,Y,2,-6.14643504553,-10.332435811136,17.682107253243,28.049904215217,9.896097283868,19.563957439497,86.155520063885,12.004617345315,0.5,0.96,1.0191,9690,190,2,111.89435578,171105,16.2575147,-1.501123524776,한국투자신탁운용,STAR 50 Index(Price Return),패시브,배당소득세(보유기간과세),20220113,,,,,,,,,,CAMBRICON TECHNOLOGIES-A,15.175861438327109,SEMICONDUCTOR MANUFACTURIN-A,10.589649674301356,HYGON INFORMATION TECHNOLO-A,9.386480776970739,MONTAGE TECHNOLOGY CO LTD-A,6.6667981602404325,ADVANCED MICRO-FABRICATION-A,4.802746344405077,2026-05-07 11:19:49,9월 6일 국내 ETF 1020개 데이터.xlsx / 국내 월배당 ETF 총정리.xlsx / 9월 1주 국내 월배당 ETF 분배금 지급현황.xlsx
396520,396520.KS,TIGER 차이나반도체FACTSET,K55301DL2376,해외주식,업종섹터,해외주식테마/섹터,아시아 반도체,,,,,Y,Y,1,-6.66822138047,-10.652524455438,17.159332831899,27.495986298216,6.660122647583,13.132749307285,71.198651458872,9.805903046602,0.49,0.59,0.7685,8375,295,3.650990099009901,540.02724333,678838,55.56498893,-0.197124329445,미래에셋운용,FactSet China Semiconductor 지수(Net Total Return),패시브,배당소득세(보유기간과세),20210810,,,,,,,,,,CAMBRICON TECHNOLOGIES-A,11.260621648514164,MONTAGE TECHNOLOGY CO LTD-A,8.533974977468876,GIGADEVICE SEMICONDUCTO-CL A,7.902708954623297,SEMICONDUCTOR MANUFACTURIN-A,7.38925720483404,ADVANCED MICRO-FABRICATION-A,6.37343753199704,2026-05-07 11:19:49,9월 6일 국내 ETF 1020개 데이터.xlsx / 국내 월배당 ETF 총정리.xlsx / 9월 1주 국내 월배당 ETF 분배금 지급현황.xlsx
0094M0,0094M0.KS,RISE 코리아밸류업위클리고정커버드콜,K55223EM9762,국내주식,전략,,,커버드콜,,,,Y,Y,2,0.418747204773,,,,,,,,0.3,,,10075,15,0.14910536779324055,100.81505538,80463,8.10020229,0.048287317748,KB운용,코리아 밸류업 위클리 커버드콜 30% 지수,패시브,배당소득세(보유기간과세),20250902,,,,,,,,,,SK하이닉스,16.196452887736186,삼성전자,14.669868372030752,KB금융,5.172377154729584,한화에어로스페이스,4.889579059883789,현대차,4.384784460584046,2026-05-07 11:19:49,9월 6일 국내 ETF 1020개 데이터.xlsx / 국내 월배당 ETF 총정리.xlsx / 9월 1주 국내 월배당 ETF 분배금 지급현황.xlsx
